提交序号,答卷ID,平台来源,问卷名称,项目名称,来源渠道,提交时间,答题时长,提交设备,IP属地/城市,用户账号,手机号,车牌号,VIN,是否模拟数据,模拟数据批次,问卷方向,题目数量,服务城市,服务中心,服务场景,总体评分,推荐意愿评分,问题是否解决,是否愿意被联系,一句话反馈,匿名分析授权,维保服务类型,问题描述是否准确记录,维修方案解释评分,是否按承诺时间完成,是否出现配件等待,交付结果说明评分,问题是否复发,复发或未解决描述,维保结果满意度,费用或保修说明评分,是否出现新增损伤或遗漏,风险事件描述,维保最需改进环节,是否需要进一步回访,是否愿意留下正向评价,正向评价原因,满意度主要影响因素,最满意环节,最不满意环节,服务人员态度评分,服务响应速度评分,服务结果信任评分,是否比上次更好,体验变化原因,是否愿意继续选择该服务中心,优先改进建议,服务需求发起方式,预约过程评分,预约时间是否符合预期,到店或上门提醒是否清晰,是否及时接待,等待时间评分,是否说明流程和预计耗时,是否及时获得进度反馈,流程问题类型,等待或沟通问题描述,取车或服务结束交付评分,是否说明后续注意事项,最浪费时间环节,是否需要改进流程,是否有值得表扬细节,表扬细节描述,数字化或补能体验类型,App预约或提交评分,App消息提醒评分,App问题类型,App问题描述,OTA或软件说明评分,是否存在智能化误解,智能化误解描述,补能站点可用性评分,补能问题类型,补能问题描述,远程诊断是否解决,最需改进数字化触点,是否影响智能化信任,用户运营触达类型,活动或权益了解渠道,活动权益规则说明评分,活动报名签到流程评分,工作人员响应评分,活动或社群内容价值评分,礼品权益是否符合预期,权益不符描述,是否增强品牌好感,是否有主动分享素材,可分享素材描述,是否存在投诉或负面传播风险,口碑风险描述,后续活动优先改进项,是否愿意继续参加活动
1,wjx_ans_000001,问卷星,质量维保型售后回访问卷,春季保养回访,短信链接,2026-05-04 16:13:00,77秒,iOS,北京,wjx_user_0001,139****0001,京N-MK001,LFAKE000000000001,是,mock-after-sales-v1,质量维保型,21,北京,北京亦庄服务中心,到店服务,2,5,否,拒绝联系,配件等待时间比承诺久，期间没有主动同步进度。主要集中在交付体验、问题复发。这次我在北京北京亦庄服务中心，时间是工作日下午，希望结果更可追溯。我主要关注交付前说明。样本号 MOCK-0001。,是,故障维修,否,2,否,否,2,是,配件等待时间比承诺久，期间没有主动同步进度。主要集中在交付体验、问题复发。这次我在北京北京亦庄服务中心，时间是工作日下午，希望结果更可追溯。我主要关注交付前说明。样本号 MOCK-0001。,低于预期,3,否,,交付体验、问题复发,是,否,,等待时间/解释不清/处理结果,,,,,,,,,,,,,,,,,,,,,,,,,,,,,,,,,,,,,,,,,,,,,,,,,,,,,,
2,wjx_ans_000002,问卷星,质量维保型售后回访问卷,维修质量专项复盘,企微,2026-05-07 13:26:00,94秒,PC,武汉,wjx_user_0002,136****0002,鄂A-MK002,LFAKE000000000002,是,mock-after-sales-v1,质量维保型,21,武汉,武汉汉口服务中心,移动服务,2,6,否,拒绝联系,交付时没有说明故障原因和处理结果，我不清楚到底修了什么。主要集中在服务等待、App预约。这次我在武汉武汉汉口服务中心，时间是周末上午，希望服务口径一致。我主要关注线上状态同步。样本号 MOCK-0002。,是,返修复查,否,2,否,是,2,是,交付时没有说明故障原因和处理结果，我不清楚到底修了什么。主要集中在服务等待、App预约。这次我在武汉武汉汉口服务中心，时间是周末上午，希望服务口径一致。我主要关注线上状态同步。样本号 MOCK-0002。,低于预期,2,否,,服务等待、App预约,是,否,,等待时间/解释不清/处理结果,,,,,,,,,,,,,,,,,,,,,,,,,,,,,,,,,,,,,,,,,,,,,,,,,,,,,,
3,wjx_ans_000003,问卷星,质量维保型售后回访问卷,问题复发闭环回访,小程序,2026-05-10 10:39:00,111秒,iOS,深圳,wjx_user_0003,135****0003,粤B-MK003,LFAKE000000000003,是,mock-after-sales-v1,质量维保型,21,深圳,深圳福田服务中心,到店服务,2,5,否,已授权联系,同一个问题处理后又复发了，第二次到店还是没有彻底解决。主要集中在服务解释、沟通效率。这次我在深圳深圳福田服务中心，时间是周末傍晚，希望减少等待。我主要关注现场等待安排。样本号 MOCK-0003。,是,上门检测,否,2,否,否,2,否,同一个问题处理后又复发了，第二次到店还是没有彻底解决。主要集中在服务解释、沟通效率。这次我在深圳深圳福田服务中心，时间是周末傍晚，希望减少等待。我主要关注现场等待安排。样本号 MOCK-0003。,低于预期,3,否,,服务解释、沟通效率,是,否,,等待时间/解释不清/处理结果,,,,,,,,,,,,,,,,,,,,,,,,,,,,,,,,,,,,,,,,,,,,,,,,,,,,,,
4,wjx_ans_000004,问卷星,质量维保型售后回访问卷,春季保养回访,服务顾问代录,2026-05-13 17:52:00,128秒,PC,北京,wjx_user_0004,188****0004,京N-DM0004,LFAKE000000000004,是,mock-after-sales-v1,质量维保型,21,北京,北京亦庄服务中心,移动服务,2,6,是,拒绝联系,配件等待时间比承诺久，期间没有主动同步进度。主要集中在交付体验、问题复发。这次我在北京北京亦庄服务中心，时间是节前高峰，希望后续有人回访。我主要关注后续闭环动作。样本号 MOCK-0004。,是,常规保养,否,2,否,是,2,是,配件等待时间比承诺久，期间没有主动同步进度。主要集中在交付体验、问题复发。这次我在北京北京亦庄服务中心，时间是节前高峰，希望后续有人回访。我主要关注后续闭环动作。样本号 MOCK-0004。,低于预期,2,否,,交付体验、问题复发,是,否,,等待时间/解释不清/处理结果,,,,,,,,,,,,,,,,,,,,,,,,,,,,,,,,,,,,,,,,,,,,,,,,,,,,,,
5,wjx_ans_000005,问卷星,质量维保型售后回访问卷,维修质量专项复盘,App,2026-05-16 14:05:00,145秒,iOS,武汉,wjx_user_0005,177****0005,鄂A-MK005,LFAKE000000000005,是,mock-after-sales-v1,质量维保型,21,武汉,武汉汉口服务中心,到店服务,2,5,否,未询问,交付时没有说明故障原因和处理结果，我不清楚到底修了什么。主要集中在服务等待、App预约。这次我在武汉武汉汉口服务中心，时间是雨天到店，希望解释更直接。我主要关注服务顾问口径。样本号 MOCK-0005。,是,故障维修,否,2,否,否,2,是,交付时没有说明故障原因和处理结果，我不清楚到底修了什么。主要集中在服务等待、App预约。这次我在武汉武汉汉口服务中心，时间是雨天到店，希望解释更直接。我主要关注服务顾问口径。样本号 MOCK-0005。,低于预期,3,否,,服务等待、App预约,是,否,,等待时间/解释不清/处理结果,,,,,,,,,,,,,,,,,,,,,,,,,,,,,,,,,,,,,,,,,,,,,,,,,,,,,,
6,wjx_ans_000006,问卷星,质量维保型售后回访问卷,问题复发闭环回访,短信链接,2026-05-19 11:18:00,162秒,PC,深圳,wjx_user_0006,138****0006,粤B-MK006,LFAKE000000000006,是,mock-after-sales-v1,质量维保型,21,深圳,深圳福田服务中心,移动服务,2,6,否,已授权联系,同一个问题处理后又复发了，第二次到店还是没有彻底解决。主要集中在服务解释、沟通效率。这次我在深圳深圳福田服务中心，时间是下班后，希望线上状态更准确。我主要关注预约变更提醒。样本号 MOCK-0006。,是,返修复查,否,2,否,是,2,否,同一个问题处理后又复发了，第二次到店还是没有彻底解决。主要集中在服务解释、沟通效率。这次我在深圳深圳福田服务中心，时间是下班后，希望线上状态更准确。我主要关注预约变更提醒。样本号 MOCK-0006。,低于预期,2,否,,服务解释、沟通效率,是,否,,等待时间/解释不清/处理结果,,,,,,,,,,,,,,,,,,,,,,,,,,,,,,,,,,,,,,,,,,,,,,,,,,,,,,
7,wjx_ans_000007,问卷星,质量维保型售后回访问卷,春季保养回访,企微,2026-05-22 18:31:00,179秒,iOS,北京,wjx_user_0007,139****0007,京N-MK007,LFAKE000000000007,是,mock-after-sales-v1,质量维保型,21,北京,北京亦庄服务中心,到店服务,1,3,否,拒绝联系,配件等待时间比承诺久，期间没有主动同步进度。主要集中在交付体验、问题复发。这次我在北京北京亦庄服务中心，时间是午休时段，希望提前同步进度。我主要关注费用和权益解释。样本号 MOCK-0007。,是,上门检测,否,1,否,否,1,是,配件等待时间比承诺久，期间没有主动同步进度。主要集中在交付体验、问题复发。这次我在北京北京亦庄服务中心，时间是午休时段，希望提前同步进度。我主要关注费用和权益解释。样本号 MOCK-0007。,低于预期,2,需复核,模拟高风险样本，需人工复核是否存在交付遗漏。,交付体验、问题复发,是,否,,等待时间/解释不清/处理结果,,,,,,,,,,,,,,,,,,,,,,,,,,,,,,,,,,,,,,,,,,,,,,,,,,,,,,
8,wjx_ans_000008,问卷星,质量维保型售后回访问卷,维修质量专项复盘,小程序,2026-05-25 15:44:00,196秒,PC,武汉,wjx_user_0008,136****0008,鄂A-DM0008,LFAKE000000000008,是,mock-after-sales-v1,质量维保型,21,武汉,武汉汉口服务中心,移动服务,1,4,是,拒绝联系,交付时没有说明故障原因和处理结果，我不清楚到底修了什么。主要集中在服务等待、App预约。这次我在武汉武汉汉口服务中心，时间是活动结束后，希望结果更可追溯。我主要关注问题复核安排。样本号 MOCK-0008。,是,常规保养,否,1,否,是,1,是,交付时没有说明故障原因和处理结果，我不清楚到底修了什么。主要集中在服务等待、App预约。这次我在武汉武汉汉口服务中心，时间是活动结束后，希望结果更可追溯。我主要关注问题复核安排。样本号 MOCK-0008。,低于预期,1,需复核,模拟高风险样本，需人工复核是否存在交付遗漏。,服务等待、App预约,是,否,,等待时间/解释不清/处理结果,,,,,,,,,,,,,,,,,,,,,,,,,,,,,,,,,,,,,,,,,,,,,,,,,,,,,,
9,wjx_ans_000009,问卷星,质量维保型售后回访问卷,问题复发闭环回访,服务顾问代录,2026-05-28 12:57:00,213秒,iOS,深圳,wjx_user_0009,135****0009,粤B-MK009,LFAKE000000000009,是,mock-after-sales-v1,质量维保型,21,深圳,深圳福田服务中心,到店服务,1,3,否,已授权联系,同一个问题处理后又复发了，第二次到店还是没有彻底解决。主要集中在服务解释、沟通效率。这次我在深圳深圳福田服务中心，时间是工作日上午，希望服务口径一致。我主要关注跨渠道信息一致性。样本号 MOCK-0009。,是,故障维修,否,1,否,否,1,否,同一个问题处理后又复发了，第二次到店还是没有彻底解决。主要集中在服务解释、沟通效率。这次我在深圳深圳福田服务中心，时间是工作日上午，希望服务口径一致。我主要关注跨渠道信息一致性。样本号 MOCK-0009。,低于预期,2,需复核,模拟高风险样本，需人工复核是否存在交付遗漏。,服务解释、沟通效率,是,否,,等待时间/解释不清/处理结果,,,,,,,,,,,,,,,,,,,,,,,,,,,,,,,,,,,,,,,,,,,,,,,,,,,,,,
10,wjx_ans_000010,腾讯问卷,质量维保型售后回访问卷,春季保养回访,App,2026-05-31 09:10:00,230秒,PC,北京,wjx_user_0010,188****0010,京N-MK010,LFAKE000000000010,是,mock-after-sales-v1,质量维保型,21,北京,北京亦庄服务中心,移动服务,4,8,是,未询问,保养完成后车辆状态正常，服务顾问把检查结果讲得很清楚。值得复用的点是交付体验。这次我在北京北京亦庄服务中心，时间是工作日下午，希望减少等待。我主要关注首次响应。样本号 MOCK-0010。,是,返修复查,是,4,是,否,4,否,,符合预期,4,否,,交付体验、问题复发,否,是,保养完成后车辆状态正常，服务顾问把检查结果讲得很清楚。值得复用的点是交付体验。这次我在北京北京亦庄服务中心，时间是工作日下午，希望减少等待。我主要关注首次响应。样本号 MOCK-0010。,服务态度/响应速度/结果可信,,,,,,,,,,,,,,,,,,,,,,,,,,,,,,,,,,,,,,,,,,,,,,,,,,,,,,
11,wjx_ans_000011,腾讯问卷,质量维保型售后回访问卷,维修质量专项复盘,短信链接,2026-06-03 16:23:00,247秒,iOS,武汉,wjx_user_0011,177****0011,鄂A-MK011,LFAKE000000000011,是,mock-after-sales-v1,质量维保型,21,武汉,武汉汉口服务中心,到店服务,4,8,是,拒绝联系,上门检查准时到达，处理过程专业，结束后还说明了后续观察点。值得复用的点是服务等待。这次我在武汉武汉汉口服务中心，时间是周末上午，希望后续有人回访。我主要关注交付前说明。样本号 MOCK-0011。,是,上门检测,是,4,是,否,4,否,,符合预期,5,否,,服务等待、App预约,否,是,上门检查准时到达，处理过程专业，结束后还说明了后续观察点。值得复用的点是服务等待。这次我在武汉武汉汉口服务中心，时间是周末上午，希望后续有人回访。我主要关注交付前说明。样本号 MOCK-0011。,服务态度/响应速度/结果可信,,,,,,,,,,,,,,,,,,,,,,,,,,,,,,,,,,,,,,,,,,,,,,,,,,,,,,
12,wjx_ans_000012,腾讯问卷,质量维保型售后回访问卷,问题复发闭环回访,企微,2026-06-06 13:36:00,264秒,PC,深圳,wjx_user_0012,138****0012,粤B-DM0012,LFAKE000000000012,是,mock-after-sales-v1,质量维保型,21,深圳,深圳福田服务中心,移动服务,5,10,是,拒绝联系,维修项目解释清楚，交付时也提醒了后续保养注意事项，整体比较放心。值得复用的点是服务解释。这次我在深圳深圳福田服务中心，时间是周末傍晚，希望解释更直接。我主要关注线上状态同步。样本号 MOCK-0012。,是,常规保养,是,5,是,否,5,否,,符合预期,5,否,,服务解释、沟通效率,否,是,维修项目解释清楚，交付时也提醒了后续保养注意事项，整体比较放心。值得复用的点是服务解释。这次我在深圳深圳福田服务中心，时间是周末傍晚，希望解释更直接。我主要关注线上状态同步。样本号 MOCK-0012。,服务态度/响应速度/结果可信,,,,,,,,,,,,,,,,,,,,,,,,,,,,,,,,,,,,,,,,,,,,,,,,,,,,,,
13,wjx_ans_000013,腾讯问卷,质量维保型售后回访问卷,春季保养回访,小程序,2026-06-09 10:49:00,281秒,iOS,北京,wjx_user_0013,139****0013,京N-MK013,LFAKE000000000013,是,mock-after-sales-v1,质量维保型,21,北京,北京亦庄服务中心,到店服务,4,8,是,拒绝联系,保养完成后车辆状态正常，服务顾问把检查结果讲得很清楚。值得复用的点是交付体验。这次我在北京北京亦庄服务中心，时间是节前高峰，希望线上状态更准确。我主要关注现场等待安排。样本号 MOCK-0013。,是,故障维修,是,4,是,否,4,否,,符合预期,5,否,,交付体验、问题复发,否,是,保养完成后车辆状态正常，服务顾问把检查结果讲得很清楚。值得复用的点是交付体验。这次我在北京北京亦庄服务中心，时间是节前高峰，希望线上状态更准确。我主要关注现场等待安排。样本号 MOCK-0013。,服务态度/响应速度/结果可信,,,,,,,,,,,,,,,,,,,,,,,,,,,,,,,,,,,,,,,,,,,,,,,,,,,,,,
14,wjx_ans_000014,腾讯问卷,质量维保型售后回访问卷,维修质量专项复盘,服务顾问代录,2026-06-12 17:02:00,298秒,PC,武汉,wjx_user_0014,136****0014,鄂A-MK014,LFAKE000000000014,是,mock-after-sales-v1,质量维保型,21,武汉,武汉汉口服务中心,移动服务,4,8,是,拒绝联系,上门检查准时到达，处理过程专业，结束后还说明了后续观察点。值得复用的点是服务等待。这次我在武汉武汉汉口服务中心，时间是雨天到店，希望提前同步进度。我主要关注后续闭环动作。样本号 MOCK-0014。,是,返修复查,是,4,是,否,4,否,,符合预期,4,否,,服务等待、App预约,否,是,上门检查准时到达，处理过程专业，结束后还说明了后续观察点。值得复用的点是服务等待。这次我在武汉武汉汉口服务中心，时间是雨天到店，希望提前同步进度。我主要关注后续闭环动作。样本号 MOCK-0014。,服务态度/响应速度/结果可信,,,,,,,,,,,,,,,,,,,,,,,,,,,,,,,,,,,,,,,,,,,,,,,,,,,,,,
15,wjx_ans_000015,腾讯问卷,质量维保型售后回访问卷,问题复发闭环回访,App,2026-05-01 14:15:00,75秒,iOS,深圳,wjx_user_0015,135****0015,粤B-MK015,LFAKE000000000015,是,mock-after-sales-v1,质量维保型,21,深圳,深圳福田服务中心,到店服务,5,9,是,已授权联系,维修项目解释清楚，交付时也提醒了后续保养注意事项，整体比较放心。值得复用的点是服务解释。这次我在深圳深圳福田服务中心，时间是下班后，希望结果更可追溯。我主要关注服务顾问口径。样本号 MOCK-0015。,是,上门检测,是,5,是,否,5,否,,符合预期,5,否,,服务解释、沟通效率,否,是,维修项目解释清楚，交付时也提醒了后续保养注意事项，整体比较放心。值得复用的点是服务解释。这次我在深圳深圳福田服务中心，时间是下班后，希望结果更可追溯。我主要关注服务顾问口径。样本号 MOCK-0015。,服务态度/响应速度/结果可信,,,,,,,,,,,,,,,,,,,,,,,,,,,,,,,,,,,,,,,,,,,,,,,,,,,,,,
16,wjx_ans_000016,腾讯问卷,质量维保型售后回访问卷,春季保养回访,短信链接,2026-05-04 11:28:00,92秒,PC,北京,wjx_user_0016,188****0016,京N-DM0016,LFAKE000000000016,是,mock-after-sales-v1,质量维保型,21,北京,北京亦庄服务中心,移动服务,3,8,是,已授权联系,保养流程完成了，费用说明还算清楚，但等待配件的信息可以更及时。后续可继续观察交付体验。这次我在北京北京亦庄服务中心，时间是午休时段，希望服务口径一致。我主要关注预约变更提醒。样本号 MOCK-0016。,是,常规保养,否,3,是,否,3,否,,基本可以,3,否,,交付体验、问题复发,否,否,,服务态度/响应速度/结果可信,,,,,,,,,,,,,,,,,,,,,,,,,,,,,,,,,,,,,,,,,,,,,,,,,,,,,,
17,wjx_ans_000017,App内问卷,质量维保型售后回访问卷,维修质量专项复盘,企微,2026-05-07 18:41:00,109秒,iOS,武汉,wjx_user_0017,177****0017,鄂A-MK017,LFAKE000000000017,是,mock-after-sales-v1,质量维保型,21,武汉,武汉汉口服务中心,到店服务,3,7,是,拒绝联系,问题暂时解决，后续还要再观察是否复发。后续可继续观察服务等待。这次我在武汉武汉汉口服务中心，时间是活动结束后，希望减少等待。我主要关注费用和权益解释。样本号 MOCK-0017。,是,故障维修,否,3,是,否,3,否,,基本可以,4,否,,服务等待、App预约,否,否,,服务态度/响应速度/结果可信,,,,,,,,,,,,,,,,,,,,,,,,,,,,,,,,,,,,,,,,,,,,,,,,,,,,,,
18,wjx_ans_000018,App内问卷,质量维保型售后回访问卷,问题复发闭环回访,小程序,2026-05-10 15:54:00,126秒,PC,深圳,wjx_user_0018,138****0018,粤B-MK018,LFAKE000000000018,是,mock-after-sales-v1,质量维保型,21,深圳,深圳福田服务中心,移动服务,3,8,不确定,拒绝联系,维修结果基本可以，但希望交付前能更早同步预计完成时间。后续可继续观察服务解释。这次我在深圳深圳福田服务中心，时间是工作日上午，希望后续有人回访。我主要关注问题复核安排。样本号 MOCK-0018。,是,返修复查,否,3,是,否,3,否,,基本可以,3,否,,服务解释、沟通效率,否,否,,服务态度/响应速度/结果可信,,,,,,,,,,,,,,,,,,,,,,,,,,,,,,,,,,,,,,,,,,,,,,,,,,,,,,
19,wjx_ans_000019,短信链接,质量维保型售后回访问卷,春季保养回访,服务顾问代录,2026-05-13 12:07:00,143秒,iOS,北京,wjx_user_0019,139****0019,京N-MK019,LFAKE000000000019,是,mock-after-sales-v1,质量维保型,21,北京,北京亦庄服务中心,到店服务,3,7,是,拒绝联系,保养流程完成了，费用说明还算清楚，但等待配件的信息可以更及时。后续可继续观察交付体验。这次我在北京北京亦庄服务中心，时间是工作日下午，希望解释更直接。我主要关注跨渠道信息一致性。样本号 MOCK-0019。,是,上门检测,否,3,是,否,3,否,,基本可以,4,否,,交付体验、问题复发,否,否,,服务态度/响应速度/结果可信,,,,,,,,,,,,,,,,,,,,,,,,,,,,,,,,,,,,,,,,,,,,,,,,,,,,,,
20,wjx_ans_000020,企微链接,质量维保型售后回访问卷,维修质量专项复盘,App,2026-05-16 09:20:00,160秒,PC,武汉,wjx_user_0020,136****0020,鄂A-DM0020,LFAKE000000000020,是,mock-after-sales-v1,质量维保型,21,武汉,武汉汉口服务中心,移动服务,3,8,是,未询问,问题暂时解决，后续还要再观察是否复发。后续可继续观察服务等待。这次我在武汉武汉汉口服务中心，时间是周末上午，希望线上状态更准确。我主要关注首次响应。样本号 MOCK-0020。,是,常规保养,否,3,是,否,3,否,,基本可以,3,否,,服务等待、App预约,否,否,,服务态度/响应速度/结果可信,,,,,,,,,,,,,,,,,,,,,,,,,,,,,,,,,,,,,,,,,,,,,,,,,,,,,,
21,wjx_ans_000021,问卷星,质量维保型售后回访问卷,问题复发闭环回访,短信链接,2026-05-19 16:33:00,177秒,iOS,深圳,wjx_user_0021,135****0021,粤B-MK021,LFAKE000000000021,是,mock-after-sales-v1,质量维保型,21,深圳,深圳福田服务中心,到店服务,2,5,否,已授权联系,同一个问题处理后又复发了，第二次到店还是没有彻底解决。主要集中在服务解释、沟通效率。这次我在深圳深圳福田服务中心，时间是周末傍晚，希望提前同步进度。我主要关注交付前说明。样本号 MOCK-0021。,是,故障维修,否,2,否,否,2,否,同一个问题处理后又复发了，第二次到店还是没有彻底解决。主要集中在服务解释、沟通效率。这次我在深圳深圳福田服务中心，时间是周末傍晚，希望提前同步进度。我主要关注交付前说明。样本号 MOCK-0021。,低于预期,3,否,,服务解释、沟通效率,是,否,,等待时间/解释不清/处理结果,,,,,,,,,,,,,,,,,,,,,,,,,,,,,,,,,,,,,,,,,,,,,,,,,,,,,,
22,wjx_ans_000022,问卷星,质量维保型售后回访问卷,春季保养回访,企微,2026-05-22 13:46:00,194秒,PC,北京,wjx_user_0022,188****0022,京N-MK022,LFAKE000000000022,是,mock-after-sales-v1,质量维保型,21,北京,北京亦庄服务中心,移动服务,2,6,否,拒绝联系,配件等待时间比承诺久，期间没有主动同步进度。主要集中在交付体验、问题复发。这次我在北京北京亦庄服务中心，时间是节前高峰，希望结果更可追溯。我主要关注线上状态同步。样本号 MOCK-0022。,是,返修复查,否,2,否,是,2,是,配件等待时间比承诺久，期间没有主动同步进度。主要集中在交付体验、问题复发。这次我在北京北京亦庄服务中心，时间是节前高峰，希望结果更可追溯。我主要关注线上状态同步。样本号 MOCK-0022。,低于预期,2,否,,交付体验、问题复发,是,否,,等待时间/解释不清/处理结果,,,,,,,,,,,,,,,,,,,,,,,,,,,,,,,,,,,,,,,,,,,,,,,,,,,,,,
23,wjx_ans_000023,问卷星,质量维保型售后回访问卷,维修质量专项复盘,小程序,2026-05-25 10:59:00,211秒,iOS,武汉,wjx_user_0023,177****0023,鄂A-MK023,LFAKE000000000023,是,mock-after-sales-v1,质量维保型,21,武汉,武汉汉口服务中心,到店服务,2,5,否,拒绝联系,交付时没有说明故障原因和处理结果，我不清楚到底修了什么。主要集中在服务等待、App预约。这次我在武汉武汉汉口服务中心，时间是雨天到店，希望服务口径一致。我主要关注现场等待安排。样本号 MOCK-0023。,是,上门检测,否,2,否,否,2,是,交付时没有说明故障原因和处理结果，我不清楚到底修了什么。主要集中在服务等待、App预约。这次我在武汉武汉汉口服务中心，时间是雨天到店，希望服务口径一致。我主要关注现场等待安排。样本号 MOCK-0023。,低于预期,3,否,,服务等待、App预约,是,否,,等待时间/解释不清/处理结果,,,,,,,,,,,,,,,,,,,,,,,,,,,,,,,,,,,,,,,,,,,,,,,,,,,,,,
24,wjx_ans_000024,问卷星,质量维保型售后回访问卷,问题复发闭环回访,服务顾问代录,2026-05-28 17:12:00,228秒,PC,深圳,wjx_user_0024,138****0024,粤B-DM0024,LFAKE000000000024,是,mock-after-sales-v1,质量维保型,21,深圳,深圳福田服务中心,移动服务,2,6,是,已授权联系,同一个问题处理后又复发了，第二次到店还是没有彻底解决。主要集中在服务解释、沟通效率。这次我在深圳深圳福田服务中心，时间是下班后，希望减少等待。我主要关注后续闭环动作。样本号 MOCK-0024。,是,常规保养,否,2,否,是,2,否,同一个问题处理后又复发了，第二次到店还是没有彻底解决。主要集中在服务解释、沟通效率。这次我在深圳深圳福田服务中心，时间是下班后，希望减少等待。我主要关注后续闭环动作。样本号 MOCK-0024。,低于预期,2,否,,服务解释、沟通效率,是,否,,等待时间/解释不清/处理结果,,,,,,,,,,,,,,,,,,,,,,,,,,,,,,,,,,,,,,,,,,,,,,,,,,,,,,
25,wjx_ans_000025,问卷星,质量维保型售后回访问卷,春季保养回访,App,2026-05-31 14:25:00,245秒,iOS,北京,wjx_user_0025,139****0025,京N-MK025,LFAKE000000000025,是,mock-after-sales-v1,质量维保型,21,北京,北京亦庄服务中心,到店服务,2,5,否,未询问,配件等待时间比承诺久，期间没有主动同步进度。主要集中在交付体验、问题复发。这次我在北京北京亦庄服务中心，时间是午休时段，希望后续有人回访。我主要关注服务顾问口径。样本号 MOCK-0025。,是,故障维修,否,2,否,否,2,是,配件等待时间比承诺久，期间没有主动同步进度。主要集中在交付体验、问题复发。这次我在北京北京亦庄服务中心，时间是午休时段，希望后续有人回访。我主要关注服务顾问口径。样本号 MOCK-0025。,低于预期,3,否,,交付体验、问题复发,是,否,,等待时间/解释不清/处理结果,,,,,,,,,,,,,,,,,,,,,,,,,,,,,,,,,,,,,,,,,,,,,,,,,,,,,,
26,wjx_ans_000026,问卷星,质量维保型售后回访问卷,维修质量专项复盘,短信链接,2026-06-03 11:38:00,262秒,PC,武汉,wjx_user_0026,136****0026,鄂A-MK026,LFAKE000000000026,是,mock-after-sales-v1,质量维保型,21,武汉,武汉汉口服务中心,移动服务,2,6,否,拒绝联系,交付时没有说明故障原因和处理结果，我不清楚到底修了什么。主要集中在服务等待、App预约。这次我在武汉武汉汉口服务中心，时间是活动结束后，希望解释更直接。我主要关注预约变更提醒。样本号 MOCK-0026。,是,返修复查,否,2,否,是,2,是,交付时没有说明故障原因和处理结果，我不清楚到底修了什么。主要集中在服务等待、App预约。这次我在武汉武汉汉口服务中心，时间是活动结束后，希望解释更直接。我主要关注预约变更提醒。样本号 MOCK-0026。,低于预期,2,否,,服务等待、App预约,是,否,,等待时间/解释不清/处理结果,,,,,,,,,,,,,,,,,,,,,,,,,,,,,,,,,,,,,,,,,,,,,,,,,,,,,,
27,wjx_ans_000027,问卷星,质量维保型售后回访问卷,问题复发闭环回访,企微,2026-06-06 18:51:00,279秒,iOS,深圳,wjx_user_0027,135****0027,粤B-MK027,LFAKE000000000027,是,mock-after-sales-v1,质量维保型,21,深圳,深圳福田服务中心,到店服务,1,3,否,已授权联系,同一个问题处理后又复发了，第二次到店还是没有彻底解决。主要集中在服务解释、沟通效率。这次我在深圳深圳福田服务中心，时间是工作日上午，希望线上状态更准确。我主要关注费用和权益解释。样本号 MOCK-0027。,是,上门检测,否,1,否,否,1,否,同一个问题处理后又复发了，第二次到店还是没有彻底解决。主要集中在服务解释、沟通效率。这次我在深圳深圳福田服务中心，时间是工作日上午，希望线上状态更准确。我主要关注费用和权益解释。样本号 MOCK-0027。,低于预期,2,需复核,模拟高风险样本，需人工复核是否存在交付遗漏。,服务解释、沟通效率,是,否,,等待时间/解释不清/处理结果,,,,,,,,,,,,,,,,,,,,,,,,,,,,,,,,,,,,,,,,,,,,,,,,,,,,,,
28,wjx_ans_000028,问卷星,质量维保型售后回访问卷,春季保养回访,小程序,2026-06-09 15:04:00,296秒,PC,北京,wjx_user_0028,188****0028,京N-DM0028,LFAKE000000000028,是,mock-after-sales-v1,质量维保型,21,北京,北京亦庄服务中心,移动服务,1,4,是,拒绝联系,配件等待时间比承诺久，期间没有主动同步进度。主要集中在交付体验、问题复发。这次我在北京北京亦庄服务中心，时间是工作日下午，希望提前同步进度。我主要关注问题复核安排。样本号 MOCK-0028。,是,常规保养,否,1,否,是,1,是,配件等待时间比承诺久，期间没有主动同步进度。主要集中在交付体验、问题复发。这次我在北京北京亦庄服务中心，时间是工作日下午，希望提前同步进度。我主要关注问题复核安排。样本号 MOCK-0028。,低于预期,1,需复核,模拟高风险样本，需人工复核是否存在交付遗漏。,交付体验、问题复发,是,否,,等待时间/解释不清/处理结果,,,,,,,,,,,,,,,,,,,,,,,,,,,,,,,,,,,,,,,,,,,,,,,,,,,,,,
29,wjx_ans_000029,问卷星,质量维保型售后回访问卷,维修质量专项复盘,服务顾问代录,2026-06-12 12:17:00,73秒,iOS,武汉,wjx_user_0029,177****0029,鄂A-MK029,LFAKE000000000029,是,mock-after-sales-v1,质量维保型,21,武汉,武汉汉口服务中心,到店服务,1,3,否,拒绝联系,交付时没有说明故障原因和处理结果，我不清楚到底修了什么。主要集中在服务等待、App预约。这次我在武汉武汉汉口服务中心，时间是周末上午，希望结果更可追溯。我主要关注跨渠道信息一致性。样本号 MOCK-0029。,是,故障维修,否,1,否,否,1,是,交付时没有说明故障原因和处理结果，我不清楚到底修了什么。主要集中在服务等待、App预约。这次我在武汉武汉汉口服务中心，时间是周末上午，希望结果更可追溯。我主要关注跨渠道信息一致性。样本号 MOCK-0029。,低于预期,2,需复核,模拟高风险样本，需人工复核是否存在交付遗漏。,服务等待、App预约,是,否,,等待时间/解释不清/处理结果,,,,,,,,,,,,,,,,,,,,,,,,,,,,,,,,,,,,,,,,,,,,,,,,,,,,,,
30,wjx_ans_000030,腾讯问卷,质量维保型售后回访问卷,问题复发闭环回访,App,2026-05-01 09:30:00,90秒,PC,深圳,wjx_user_0030,138****0030,粤B-MK030,LFAKE000000000030,是,mock-after-sales-v1,质量维保型,21,深圳,深圳福田服务中心,移动服务,5,10,是,已授权联系,维修项目解释清楚，交付时也提醒了后续保养注意事项，整体比较放心。值得复用的点是服务解释。这次我在深圳深圳福田服务中心，时间是周末傍晚，希望服务口径一致。我主要关注首次响应。样本号 MOCK-0030。,是,返修复查,是,5,是,否,5,否,,符合预期,5,否,,服务解释、沟通效率,否,是,维修项目解释清楚，交付时也提醒了后续保养注意事项，整体比较放心。值得复用的点是服务解释。这次我在深圳深圳福田服务中心，时间是周末傍晚，希望服务口径一致。我主要关注首次响应。样本号 MOCK-0030。,服务态度/响应速度/结果可信,,,,,,,,,,,,,,,,,,,,,,,,,,,,,,,,,,,,,,,,,,,,,,,,,,,,,,
31,wjx_ans_000031,腾讯问卷,质量维保型售后回访问卷,春季保养回访,短信链接,2026-05-04 16:43:00,107秒,iOS,北京,wjx_user_0031,139****0031,京N-MK031,LFAKE000000000031,是,mock-after-sales-v1,质量维保型,21,北京,北京亦庄服务中心,到店服务,4,8,是,拒绝联系,保养完成后车辆状态正常，服务顾问把检查结果讲得很清楚。值得复用的点是交付体验。这次我在北京北京亦庄服务中心，时间是节前高峰，希望减少等待。我主要关注交付前说明。样本号 MOCK-0031。,是,上门检测,是,4,是,否,4,否,,符合预期,5,否,,交付体验、问题复发,否,是,保养完成后车辆状态正常，服务顾问把检查结果讲得很清楚。值得复用的点是交付体验。这次我在北京北京亦庄服务中心，时间是节前高峰，希望减少等待。我主要关注交付前说明。样本号 MOCK-0031。,服务态度/响应速度/结果可信,,,,,,,,,,,,,,,,,,,,,,,,,,,,,,,,,,,,,,,,,,,,,,,,,,,,,,
32,wjx_ans_000032,腾讯问卷,质量维保型售后回访问卷,维修质量专项复盘,企微,2026-05-07 13:56:00,124秒,PC,武汉,wjx_user_0032,136****0032,鄂A-DM0032,LFAKE000000000032,是,mock-after-sales-v1,质量维保型,21,武汉,武汉汉口服务中心,移动服务,4,8,是,拒绝联系,上门检查准时到达，处理过程专业，结束后还说明了后续观察点。值得复用的点是服务等待。这次我在武汉武汉汉口服务中心，时间是雨天到店，希望后续有人回访。我主要关注线上状态同步。样本号 MOCK-0032。,是,常规保养,是,4,是,否,4,否,,符合预期,4,否,,服务等待、App预约,否,是,上门检查准时到达，处理过程专业，结束后还说明了后续观察点。值得复用的点是服务等待。这次我在武汉武汉汉口服务中心，时间是雨天到店，希望后续有人回访。我主要关注线上状态同步。样本号 MOCK-0032。,服务态度/响应速度/结果可信,,,,,,,,,,,,,,,,,,,,,,,,,,,,,,,,,,,,,,,,,,,,,,,,,,,,,,
33,wjx_ans_000033,腾讯问卷,质量维保型售后回访问卷,问题复发闭环回访,小程序,2026-05-10 10:09:00,141秒,iOS,深圳,wjx_user_0033,135****0033,粤B-MK033,LFAKE000000000033,是,mock-after-sales-v1,质量维保型,21,深圳,深圳福田服务中心,到店服务,5,9,是,拒绝联系,维修项目解释清楚，交付时也提醒了后续保养注意事项，整体比较放心。值得复用的点是服务解释。这次我在深圳深圳福田服务中心，时间是下班后，希望解释更直接。我主要关注现场等待安排。样本号 MOCK-0033。,是,故障维修,是,5,是,否,5,否,,符合预期,5,否,,服务解释、沟通效率,否,是,维修项目解释清楚，交付时也提醒了后续保养注意事项，整体比较放心。值得复用的点是服务解释。这次我在深圳深圳福田服务中心，时间是下班后，希望解释更直接。我主要关注现场等待安排。样本号 MOCK-0033。,服务态度/响应速度/结果可信,,,,,,,,,,,,,,,,,,,,,,,,,,,,,,,,,,,,,,,,,,,,,,,,,,,,,,
34,wjx_ans_000034,腾讯问卷,质量维保型售后回访问卷,春季保养回访,服务顾问代录,2026-05-13 17:22:00,158秒,PC,北京,wjx_user_0034,188****0034,京N-MK034,LFAKE000000000034,是,mock-after-sales-v1,质量维保型,21,北京,北京亦庄服务中心,移动服务,4,8,是,拒绝联系,保养完成后车辆状态正常，服务顾问把检查结果讲得很清楚。值得复用的点是交付体验。这次我在北京北京亦庄服务中心，时间是午休时段，希望线上状态更准确。我主要关注后续闭环动作。样本号 MOCK-0034。,是,返修复查,是,4,是,否,4,否,,符合预期,4,否,,交付体验、问题复发,否,是,保养完成后车辆状态正常，服务顾问把检查结果讲得很清楚。值得复用的点是交付体验。这次我在北京北京亦庄服务中心，时间是午休时段，希望线上状态更准确。我主要关注后续闭环动作。样本号 MOCK-0034。,服务态度/响应速度/结果可信,,,,,,,,,,,,,,,,,,,,,,,,,,,,,,,,,,,,,,,,,,,,,,,,,,,,,,
35,wjx_ans_000035,腾讯问卷,质量维保型售后回访问卷,维修质量专项复盘,App,2026-05-16 14:35:00,175秒,iOS,武汉,wjx_user_0035,177****0035,鄂A-MK035,LFAKE000000000035,是,mock-after-sales-v1,质量维保型,21,武汉,武汉汉口服务中心,到店服务,4,8,是,未询问,上门检查准时到达，处理过程专业，结束后还说明了后续观察点。值得复用的点是服务等待。这次我在武汉武汉汉口服务中心，时间是活动结束后，希望提前同步进度。我主要关注服务顾问口径。样本号 MOCK-0035。,是,上门检测,是,4,是,否,4,否,,符合预期,5,否,,服务等待、App预约,否,是,上门检查准时到达，处理过程专业，结束后还说明了后续观察点。值得复用的点是服务等待。这次我在武汉武汉汉口服务中心，时间是活动结束后，希望提前同步进度。我主要关注服务顾问口径。样本号 MOCK-0035。,服务态度/响应速度/结果可信,,,,,,,,,,,,,,,,,,,,,,,,,,,,,,,,,,,,,,,,,,,,,,,,,,,,,,
36,wjx_ans_000036,腾讯问卷,质量维保型售后回访问卷,问题复发闭环回访,短信链接,2026-05-19 11:48:00,192秒,PC,深圳,wjx_user_0036,138****0036,粤B-DM0036,LFAKE000000000036,是,mock-after-sales-v1,质量维保型,21,深圳,深圳福田服务中心,移动服务,3,8,不确定,拒绝联系,维修结果基本可以，但希望交付前能更早同步预计完成时间。后续可继续观察服务解释。这次我在深圳深圳福田服务中心，时间是工作日上午，希望结果更可追溯。我主要关注预约变更提醒。样本号 MOCK-0036。,是,常规保养,否,3,是,否,3,否,,基本可以,3,否,,服务解释、沟通效率,否,否,,服务态度/响应速度/结果可信,,,,,,,,,,,,,,,,,,,,,,,,,,,,,,,,,,,,,,,,,,,,,,,,,,,,,,
37,wjx_ans_000037,App内问卷,质量维保型售后回访问卷,春季保养回访,企微,2026-05-22 18:01:00,209秒,iOS,北京,wjx_user_0037,139****0037,京N-MK037,LFAKE000000000037,是,mock-after-sales-v1,质量维保型,21,北京,北京亦庄服务中心,到店服务,3,7,是,拒绝联系,保养流程完成了，费用说明还算清楚，但等待配件的信息可以更及时。后续可继续观察交付体验。这次我在北京北京亦庄服务中心，时间是工作日下午，希望服务口径一致。我主要关注费用和权益解释。样本号 MOCK-0037。,是,故障维修,否,3,是,否,3,否,,基本可以,4,否,,交付体验、问题复发,否,否,,服务态度/响应速度/结果可信,,,,,,,,,,,,,,,,,,,,,,,,,,,,,,,,,,,,,,,,,,,,,,,,,,,,,,
38,wjx_ans_000038,App内问卷,质量维保型售后回访问卷,维修质量专项复盘,小程序,2026-05-25 15:14:00,226秒,PC,武汉,wjx_user_0038,136****0038,鄂A-MK038,LFAKE000000000038,是,mock-after-sales-v1,质量维保型,21,武汉,武汉汉口服务中心,移动服务,3,8,是,拒绝联系,问题暂时解决，后续还要再观察是否复发。后续可继续观察服务等待。这次我在武汉武汉汉口服务中心，时间是周末上午，希望减少等待。我主要关注问题复核安排。样本号 MOCK-0038。,是,返修复查,否,3,是,否,3,否,,基本可以,3,否,,服务等待、App预约,否,否,,服务态度/响应速度/结果可信,,,,,,,,,,,,,,,,,,,,,,,,,,,,,,,,,,,,,,,,,,,,,,,,,,,,,,
39,wjx_ans_000039,短信链接,质量维保型售后回访问卷,问题复发闭环回访,服务顾问代录,2026-05-28 12:27:00,243秒,iOS,深圳,wjx_user_0039,135****0039,粤B-MK039,LFAKE000000000039,是,mock-after-sales-v1,质量维保型,21,深圳,深圳福田服务中心,到店服务,3,7,不确定,拒绝联系,维修结果基本可以，但希望交付前能更早同步预计完成时间。后续可继续观察服务解释。这次我在深圳深圳福田服务中心，时间是周末傍晚，希望后续有人回访。我主要关注跨渠道信息一致性。样本号 MOCK-0039。,是,上门检测,否,3,是,否,3,否,,基本可以,4,否,,服务解释、沟通效率,否,否,,服务态度/响应速度/结果可信,,,,,,,,,,,,,,,,,,,,,,,,,,,,,,,,,,,,,,,,,,,,,,,,,,,,,,
40,wjx_ans_000040,企微链接,质量维保型售后回访问卷,春季保养回访,App,2026-05-31 09:40:00,260秒,PC,北京,wjx_user_0040,188****0040,京N-DM0040,LFAKE000000000040,是,mock-after-sales-v1,质量维保型,21,北京,北京亦庄服务中心,移动服务,3,8,是,已授权联系,保养流程完成了，费用说明还算清楚，但等待配件的信息可以更及时。后续可继续观察交付体验。这次我在北京北京亦庄服务中心，时间是节前高峰，希望解释更直接。我主要关注首次响应。样本号 MOCK-0040。,是,常规保养,否,3,是,否,3,否,,基本可以,3,否,,交付体验、问题复发,否,否,,服务态度/响应速度/结果可信,,,,,,,,,,,,,,,,,,,,,,,,,,,,,,,,,,,,,,,,,,,,,,,,,,,,,,
41,wjx_ans_000041,问卷星,质量维保型售后回访问卷,维修质量专项复盘,短信链接,2026-06-03 16:53:00,277秒,iOS,武汉,wjx_user_0041,177****0041,鄂A-MK041,LFAKE000000000041,是,mock-after-sales-v1,质量维保型,21,武汉,武汉汉口服务中心,到店服务,2,5,否,拒绝联系,交付时没有说明故障原因和处理结果，我不清楚到底修了什么。主要集中在服务等待、App预约。这次我在武汉武汉汉口服务中心，时间是雨天到店，希望线上状态更准确。我主要关注交付前说明。样本号 MOCK-0041。,是,故障维修,否,2,否,否,2,是,交付时没有说明故障原因和处理结果，我不清楚到底修了什么。主要集中在服务等待、App预约。这次我在武汉武汉汉口服务中心，时间是雨天到店，希望线上状态更准确。我主要关注交付前说明。样本号 MOCK-0041。,低于预期,3,否,,服务等待、App预约,是,否,,等待时间/解释不清/处理结果,,,,,,,,,,,,,,,,,,,,,,,,,,,,,,,,,,,,,,,,,,,,,,,,,,,,,,
42,wjx_ans_000042,问卷星,质量维保型售后回访问卷,问题复发闭环回访,企微,2026-06-06 13:06:00,294秒,PC,深圳,wjx_user_0042,138****0042,粤B-MK042,LFAKE000000000042,是,mock-after-sales-v1,质量维保型,21,深圳,深圳福田服务中心,移动服务,2,6,否,已授权联系,同一个问题处理后又复发了，第二次到店还是没有彻底解决。主要集中在服务解释、沟通效率。这次我在深圳深圳福田服务中心，时间是下班后，希望提前同步进度。我主要关注线上状态同步。样本号 MOCK-0042。,是,返修复查,否,2,否,是,2,否,同一个问题处理后又复发了，第二次到店还是没有彻底解决。主要集中在服务解释、沟通效率。这次我在深圳深圳福田服务中心，时间是下班后，希望提前同步进度。我主要关注线上状态同步。样本号 MOCK-0042。,低于预期,2,否,,服务解释、沟通效率,是,否,,等待时间/解释不清/处理结果,,,,,,,,,,,,,,,,,,,,,,,,,,,,,,,,,,,,,,,,,,,,,,,,,,,,,,
43,wjx_ans_000043,问卷星,质量维保型售后回访问卷,春季保养回访,小程序,2026-06-09 10:19:00,71秒,iOS,北京,wjx_user_0043,139****0043,京N-MK043,LFAKE000000000043,是,mock-after-sales-v1,质量维保型,21,北京,北京亦庄服务中心,到店服务,2,5,否,拒绝联系,配件等待时间比承诺久，期间没有主动同步进度。主要集中在交付体验、问题复发。这次我在北京北京亦庄服务中心，时间是午休时段，希望结果更可追溯。我主要关注现场等待安排。样本号 MOCK-0043。,是,上门检测,否,2,否,否,2,是,配件等待时间比承诺久，期间没有主动同步进度。主要集中在交付体验、问题复发。这次我在北京北京亦庄服务中心，时间是午休时段，希望结果更可追溯。我主要关注现场等待安排。样本号 MOCK-0043。,低于预期,3,否,,交付体验、问题复发,是,否,,等待时间/解释不清/处理结果,,,,,,,,,,,,,,,,,,,,,,,,,,,,,,,,,,,,,,,,,,,,,,,,,,,,,,
44,wjx_ans_000044,问卷星,质量维保型售后回访问卷,维修质量专项复盘,服务顾问代录,2026-06-12 17:32:00,88秒,PC,武汉,wjx_user_0044,136****0044,鄂A-DM0044,LFAKE000000000044,是,mock-after-sales-v1,质量维保型,21,武汉,武汉汉口服务中心,移动服务,2,6,是,拒绝联系,交付时没有说明故障原因和处理结果，我不清楚到底修了什么。主要集中在服务等待、App预约。这次我在武汉武汉汉口服务中心，时间是活动结束后，希望服务口径一致。我主要关注后续闭环动作。样本号 MOCK-0044。,是,常规保养,否,2,否,是,2,是,交付时没有说明故障原因和处理结果，我不清楚到底修了什么。主要集中在服务等待、App预约。这次我在武汉武汉汉口服务中心，时间是活动结束后，希望服务口径一致。我主要关注后续闭环动作。样本号 MOCK-0044。,低于预期,2,否,,服务等待、App预约,是,否,,等待时间/解释不清/处理结果,,,,,,,,,,,,,,,,,,,,,,,,,,,,,,,,,,,,,,,,,,,,,,,,,,,,,,
45,wjx_ans_000045,问卷星,质量维保型售后回访问卷,问题复发闭环回访,App,2026-05-01 14:45:00,105秒,iOS,深圳,wjx_user_0045,135****0045,粤B-MK045,LFAKE000000000045,是,mock-after-sales-v1,质量维保型,21,深圳,深圳福田服务中心,到店服务,2,5,否,已授权联系,同一个问题处理后又复发了，第二次到店还是没有彻底解决。主要集中在服务解释、沟通效率。这次我在深圳深圳福田服务中心，时间是工作日上午，希望减少等待。我主要关注服务顾问口径。样本号 MOCK-0045。,是,故障维修,否,2,否,否,2,否,同一个问题处理后又复发了，第二次到店还是没有彻底解决。主要集中在服务解释、沟通效率。这次我在深圳深圳福田服务中心，时间是工作日上午，希望减少等待。我主要关注服务顾问口径。样本号 MOCK-0045。,低于预期,3,否,,服务解释、沟通效率,是,否,,等待时间/解释不清/处理结果,,,,,,,,,,,,,,,,,,,,,,,,,,,,,,,,,,,,,,,,,,,,,,,,,,,,,,
46,wjx_ans_000046,问卷星,质量维保型售后回访问卷,春季保养回访,短信链接,2026-05-04 11:58:00,122秒,PC,北京,wjx_user_0046,188****0046,京N-MK046,LFAKE000000000046,是,mock-after-sales-v1,质量维保型,21,北京,北京亦庄服务中心,移动服务,2,6,否,拒绝联系,配件等待时间比承诺久，期间没有主动同步进度。主要集中在交付体验、问题复发。这次我在北京北京亦庄服务中心，时间是工作日下午，希望后续有人回访。我主要关注预约变更提醒。样本号 MOCK-0046。,是,返修复查,否,2,否,是,2,是,配件等待时间比承诺久，期间没有主动同步进度。主要集中在交付体验、问题复发。这次我在北京北京亦庄服务中心，时间是工作日下午，希望后续有人回访。我主要关注预约变更提醒。样本号 MOCK-0046。,低于预期,2,否,,交付体验、问题复发,是,否,,等待时间/解释不清/处理结果,,,,,,,,,,,,,,,,,,,,,,,,,,,,,,,,,,,,,,,,,,,,,,,,,,,,,,
47,wjx_ans_000047,问卷星,质量维保型售后回访问卷,维修质量专项复盘,企微,2026-05-07 18:11:00,139秒,iOS,武汉,wjx_user_0047,177****0047,鄂A-MK047,LFAKE000000000047,是,mock-after-sales-v1,质量维保型,21,武汉,武汉汉口服务中心,到店服务,1,3,否,拒绝联系,交付时没有说明故障原因和处理结果，我不清楚到底修了什么。主要集中在服务等待、App预约。这次我在武汉武汉汉口服务中心，时间是周末上午，希望解释更直接。我主要关注费用和权益解释。样本号 MOCK-0047。,是,上门检测,否,1,否,否,1,是,交付时没有说明故障原因和处理结果，我不清楚到底修了什么。主要集中在服务等待、App预约。这次我在武汉武汉汉口服务中心，时间是周末上午，希望解释更直接。我主要关注费用和权益解释。样本号 MOCK-0047。,低于预期,2,需复核,模拟高风险样本，需人工复核是否存在交付遗漏。,服务等待、App预约,是,否,,等待时间/解释不清/处理结果,,,,,,,,,,,,,,,,,,,,,,,,,,,,,,,,,,,,,,,,,,,,,,,,,,,,,,
48,wjx_ans_000048,问卷星,质量维保型售后回访问卷,问题复发闭环回访,小程序,2026-05-10 15:24:00,156秒,PC,深圳,wjx_user_0048,138****0048,粤B-DM0048,LFAKE000000000048,是,mock-after-sales-v1,质量维保型,21,深圳,深圳福田服务中心,移动服务,1,4,是,已授权联系,同一个问题处理后又复发了，第二次到店还是没有彻底解决。主要集中在服务解释、沟通效率。这次我在深圳深圳福田服务中心，时间是周末傍晚，希望线上状态更准确。我主要关注问题复核安排。样本号 MOCK-0048。,是,常规保养,否,1,否,是,1,否,同一个问题处理后又复发了，第二次到店还是没有彻底解决。主要集中在服务解释、沟通效率。这次我在深圳深圳福田服务中心，时间是周末傍晚，希望线上状态更准确。我主要关注问题复核安排。样本号 MOCK-0048。,低于预期,1,需复核,模拟高风险样本，需人工复核是否存在交付遗漏。,服务解释、沟通效率,是,否,,等待时间/解释不清/处理结果,,,,,,,,,,,,,,,,,,,,,,,,,,,,,,,,,,,,,,,,,,,,,,,,,,,,,,
49,wjx_ans_000049,问卷星,质量维保型售后回访问卷,春季保养回访,服务顾问代录,2026-05-13 12:37:00,173秒,iOS,北京,wjx_user_0049,139****0049,京N-MK049,LFAKE000000000049,是,mock-after-sales-v1,质量维保型,21,北京,北京亦庄服务中心,到店服务,1,3,否,拒绝联系,配件等待时间比承诺久，期间没有主动同步进度。主要集中在交付体验、问题复发。这次我在北京北京亦庄服务中心，时间是节前高峰，希望提前同步进度。我主要关注跨渠道信息一致性。样本号 MOCK-0049。,是,故障维修,否,1,否,否,1,是,配件等待时间比承诺久，期间没有主动同步进度。主要集中在交付体验、问题复发。这次我在北京北京亦庄服务中心，时间是节前高峰，希望提前同步进度。我主要关注跨渠道信息一致性。样本号 MOCK-0049。,低于预期,2,需复核,模拟高风险样本，需人工复核是否存在交付遗漏。,交付体验、问题复发,是,否,,等待时间/解释不清/处理结果,,,,,,,,,,,,,,,,,,,,,,,,,,,,,,,,,,,,,,,,,,,,,,,,,,,,,,
50,wjx_ans_000050,腾讯问卷,质量维保型售后回访问卷,维修质量专项复盘,App,2026-05-16 09:50:00,190秒,PC,武汉,wjx_user_0050,136****0050,鄂A-MK050,LFAKE000000000050,是,mock-after-sales-v1,质量维保型,21,武汉,武汉汉口服务中心,移动服务,4,8,是,未询问,上门检查准时到达，处理过程专业，结束后还说明了后续观察点。值得复用的点是服务等待。这次我在武汉武汉汉口服务中心，时间是雨天到店，希望结果更可追溯。我主要关注首次响应。样本号 MOCK-0050。,是,返修复查,是,4,是,否,4,否,,符合预期,4,否,,服务等待、App预约,否,是,上门检查准时到达，处理过程专业，结束后还说明了后续观察点。值得复用的点是服务等待。这次我在武汉武汉汉口服务中心，时间是雨天到店，希望结果更可追溯。我主要关注首次响应。样本号 MOCK-0050。,服务态度/响应速度/结果可信,,,,,,,,,,,,,,,,,,,,,,,,,,,,,,,,,,,,,,,,,,,,,,,,,,,,,,
51,wjx_ans_000051,腾讯问卷,质量维保型售后回访问卷,问题复发闭环回访,短信链接,2026-05-19 16:03:00,207秒,iOS,深圳,wjx_user_0051,135****0051,粤B-MK051,LFAKE000000000051,是,mock-after-sales-v1,质量维保型,21,深圳,深圳福田服务中心,到店服务,5,9,是,拒绝联系,维修项目解释清楚，交付时也提醒了后续保养注意事项，整体比较放心。值得复用的点是服务解释。这次我在深圳深圳福田服务中心，时间是下班后，希望服务口径一致。我主要关注交付前说明。样本号 MOCK-0051。,是,上门检测,是,5,是,否,5,否,,符合预期,5,否,,服务解释、沟通效率,否,是,维修项目解释清楚，交付时也提醒了后续保养注意事项，整体比较放心。值得复用的点是服务解释。这次我在深圳深圳福田服务中心，时间是下班后，希望服务口径一致。我主要关注交付前说明。样本号 MOCK-0051。,服务态度/响应速度/结果可信,,,,,,,,,,,,,,,,,,,,,,,,,,,,,,,,,,,,,,,,,,,,,,,,,,,,,,
52,wjx_ans_000052,腾讯问卷,质量维保型售后回访问卷,春季保养回访,企微,2026-05-22 13:16:00,224秒,PC,北京,wjx_user_0052,188****0052,京N-DM0052,LFAKE000000000052,是,mock-after-sales-v1,质量维保型,21,北京,北京亦庄服务中心,移动服务,4,8,是,拒绝联系,保养完成后车辆状态正常，服务顾问把检查结果讲得很清楚。值得复用的点是交付体验。这次我在北京北京亦庄服务中心，时间是午休时段，希望减少等待。我主要关注线上状态同步。样本号 MOCK-0052。,是,常规保养,是,4,是,否,4,否,,符合预期,4,否,,交付体验、问题复发,否,是,保养完成后车辆状态正常，服务顾问把检查结果讲得很清楚。值得复用的点是交付体验。这次我在北京北京亦庄服务中心，时间是午休时段，希望减少等待。我主要关注线上状态同步。样本号 MOCK-0052。,服务态度/响应速度/结果可信,,,,,,,,,,,,,,,,,,,,,,,,,,,,,,,,,,,,,,,,,,,,,,,,,,,,,,
53,wjx_ans_000053,腾讯问卷,质量维保型售后回访问卷,维修质量专项复盘,小程序,2026-05-25 10:29:00,241秒,iOS,武汉,wjx_user_0053,177****0053,鄂A-MK053,LFAKE000000000053,是,mock-after-sales-v1,质量维保型,21,武汉,武汉汉口服务中心,到店服务,4,8,是,拒绝联系,上门检查准时到达，处理过程专业，结束后还说明了后续观察点。值得复用的点是服务等待。这次我在武汉武汉汉口服务中心，时间是活动结束后，希望后续有人回访。我主要关注现场等待安排。样本号 MOCK-0053。,是,故障维修,是,4,是,否,4,否,,符合预期,5,否,,服务等待、App预约,否,是,上门检查准时到达，处理过程专业，结束后还说明了后续观察点。值得复用的点是服务等待。这次我在武汉武汉汉口服务中心，时间是活动结束后，希望后续有人回访。我主要关注现场等待安排。样本号 MOCK-0053。,服务态度/响应速度/结果可信,,,,,,,,,,,,,,,,,,,,,,,,,,,,,,,,,,,,,,,,,,,,,,,,,,,,,,
54,wjx_ans_000054,腾讯问卷,质量维保型售后回访问卷,问题复发闭环回访,服务顾问代录,2026-05-28 17:42:00,258秒,PC,深圳,wjx_user_0054,138****0054,粤B-MK054,LFAKE000000000054,是,mock-after-sales-v1,质量维保型,21,深圳,深圳福田服务中心,移动服务,5,10,是,拒绝联系,维修项目解释清楚，交付时也提醒了后续保养注意事项，整体比较放心。值得复用的点是服务解释。这次我在深圳深圳福田服务中心，时间是工作日上午，希望解释更直接。我主要关注后续闭环动作。样本号 MOCK-0054。,是,返修复查,是,5,是,否,5,否,,符合预期,5,否,,服务解释、沟通效率,否,是,维修项目解释清楚，交付时也提醒了后续保养注意事项，整体比较放心。值得复用的点是服务解释。这次我在深圳深圳福田服务中心，时间是工作日上午，希望解释更直接。我主要关注后续闭环动作。样本号 MOCK-0054。,服务态度/响应速度/结果可信,,,,,,,,,,,,,,,,,,,,,,,,,,,,,,,,,,,,,,,,,,,,,,,,,,,,,,
55,wjx_ans_000055,腾讯问卷,质量维保型售后回访问卷,春季保养回访,App,2026-05-31 14:55:00,275秒,iOS,北京,wjx_user_0055,139****0055,京N-MK055,LFAKE000000000055,是,mock-after-sales-v1,质量维保型,21,北京,北京亦庄服务中心,到店服务,4,8,是,未询问,保养完成后车辆状态正常，服务顾问把检查结果讲得很清楚。值得复用的点是交付体验。这次我在北京北京亦庄服务中心，时间是工作日下午，希望线上状态更准确。我主要关注服务顾问口径。样本号 MOCK-0055。,是,上门检测,是,4,是,否,4,否,,符合预期,5,否,,交付体验、问题复发,否,是,保养完成后车辆状态正常，服务顾问把检查结果讲得很清楚。值得复用的点是交付体验。这次我在北京北京亦庄服务中心，时间是工作日下午，希望线上状态更准确。我主要关注服务顾问口径。样本号 MOCK-0055。,服务态度/响应速度/结果可信,,,,,,,,,,,,,,,,,,,,,,,,,,,,,,,,,,,,,,,,,,,,,,,,,,,,,,
56,wjx_ans_000056,腾讯问卷,质量维保型售后回访问卷,维修质量专项复盘,短信链接,2026-06-03 11:08:00,292秒,PC,武汉,wjx_user_0056,136****0056,鄂A-DM0056,LFAKE000000000056,是,mock-after-sales-v1,质量维保型,21,武汉,武汉汉口服务中心,移动服务,3,8,是,已授权联系,问题暂时解决，后续还要再观察是否复发。后续可继续观察服务等待。这次我在武汉武汉汉口服务中心，时间是周末上午，希望提前同步进度。我主要关注预约变更提醒。样本号 MOCK-0056。,是,常规保养,否,3,是,否,3,否,,基本可以,3,否,,服务等待、App预约,否,否,,服务态度/响应速度/结果可信,,,,,,,,,,,,,,,,,,,,,,,,,,,,,,,,,,,,,,,,,,,,,,,,,,,,,,
57,wjx_ans_000057,App内问卷,质量维保型售后回访问卷,问题复发闭环回访,企微,2026-06-06 18:21:00,69秒,iOS,深圳,wjx_user_0057,135****0057,粤B-MK057,LFAKE000000000057,是,mock-after-sales-v1,质量维保型,21,深圳,深圳福田服务中心,到店服务,3,7,不确定,拒绝联系,维修结果基本可以，但希望交付前能更早同步预计完成时间。后续可继续观察服务解释。这次我在深圳深圳福田服务中心，时间是周末傍晚，希望结果更可追溯。我主要关注费用和权益解释。样本号 MOCK-0057。,是,故障维修,否,3,是,否,3,否,,基本可以,4,否,,服务解释、沟通效率,否,否,,服务态度/响应速度/结果可信,,,,,,,,,,,,,,,,,,,,,,,,,,,,,,,,,,,,,,,,,,,,,,,,,,,,,,
58,wjx_ans_000058,App内问卷,质量维保型售后回访问卷,春季保养回访,小程序,2026-06-09 15:34:00,86秒,PC,北京,wjx_user_0058,188****0058,京N-MK058,LFAKE000000000058,是,mock-after-sales-v1,质量维保型,21,北京,北京亦庄服务中心,移动服务,3,8,是,拒绝联系,保养流程完成了，费用说明还算清楚，但等待配件的信息可以更及时。后续可继续观察交付体验。这次我在北京北京亦庄服务中心，时间是节前高峰，希望服务口径一致。我主要关注问题复核安排。样本号 MOCK-0058。,是,返修复查,否,3,是,否,3,否,,基本可以,3,否,,交付体验、问题复发,否,否,,服务态度/响应速度/结果可信,,,,,,,,,,,,,,,,,,,,,,,,,,,,,,,,,,,,,,,,,,,,,,,,,,,,,,
59,wjx_ans_000059,短信链接,质量维保型售后回访问卷,维修质量专项复盘,服务顾问代录,2026-06-12 12:47:00,103秒,iOS,武汉,wjx_user_0059,177****0059,鄂A-MK059,LFAKE000000000059,是,mock-after-sales-v1,质量维保型,21,武汉,武汉汉口服务中心,到店服务,3,7,是,拒绝联系,问题暂时解决，后续还要再观察是否复发。后续可继续观察服务等待。这次我在武汉武汉汉口服务中心，时间是雨天到店，希望减少等待。我主要关注跨渠道信息一致性。样本号 MOCK-0059。,是,上门检测,否,3,是,否,3,否,,基本可以,4,否,,服务等待、App预约,否,否,,服务态度/响应速度/结果可信,,,,,,,,,,,,,,,,,,,,,,,,,,,,,,,,,,,,,,,,,,,,,,,,,,,,,,
60,wjx_ans_000060,企微链接,质量维保型售后回访问卷,问题复发闭环回访,App,2026-05-01 09:00:00,120秒,PC,深圳,wjx_user_0060,138****0060,粤B-DM0060,LFAKE000000000060,是,mock-after-sales-v1,质量维保型,21,深圳,深圳福田服务中心,移动服务,3,8,不确定,未询问,维修结果基本可以，但希望交付前能更早同步预计完成时间。后续可继续观察服务解释。这次我在深圳深圳福田服务中心，时间是下班后，希望后续有人回访。我主要关注首次响应。样本号 MOCK-0060。,是,常规保养,否,3,是,否,3,否,,基本可以,3,否,,服务解释、沟通效率,否,否,,服务态度/响应速度/结果可信,,,,,,,,,,,,,,,,,,,,,,,,,,,,,,,,,,,,,,,,,,,,,,,,,,,,,,
61,wjx_ans_000061,问卷星,质量维保型售后回访问卷,春季保养回访,短信链接,2026-05-04 16:13:00,137秒,iOS,北京,wjx_user_0061,139****0061,京N-MK061,LFAKE000000000061,是,mock-after-sales-v1,质量维保型,21,北京,北京亦庄服务中心,到店服务,2,5,否,拒绝联系,配件等待时间比承诺久，期间没有主动同步进度。主要集中在交付体验、问题复发。这次我在北京北京亦庄服务中心，时间是午休时段，希望解释更直接。我主要关注交付前说明。样本号 MOCK-0061。,是,故障维修,否,2,否,否,2,是,配件等待时间比承诺久，期间没有主动同步进度。主要集中在交付体验、问题复发。这次我在北京北京亦庄服务中心，时间是午休时段，希望解释更直接。我主要关注交付前说明。样本号 MOCK-0061。,低于预期,3,否,,交付体验、问题复发,是,否,,等待时间/解释不清/处理结果,,,,,,,,,,,,,,,,,,,,,,,,,,,,,,,,,,,,,,,,,,,,,,,,,,,,,,
62,wjx_ans_000062,问卷星,质量维保型售后回访问卷,维修质量专项复盘,企微,2026-05-07 13:26:00,154秒,PC,武汉,wjx_user_0062,136****0062,鄂A-MK062,LFAKE000000000062,是,mock-after-sales-v1,质量维保型,21,武汉,武汉汉口服务中心,移动服务,2,6,否,拒绝联系,交付时没有说明故障原因和处理结果，我不清楚到底修了什么。主要集中在服务等待、App预约。这次我在武汉武汉汉口服务中心，时间是活动结束后，希望线上状态更准确。我主要关注线上状态同步。样本号 MOCK-0062。,是,返修复查,否,2,否,是,2,是,交付时没有说明故障原因和处理结果，我不清楚到底修了什么。主要集中在服务等待、App预约。这次我在武汉武汉汉口服务中心，时间是活动结束后，希望线上状态更准确。我主要关注线上状态同步。样本号 MOCK-0062。,低于预期,2,否,,服务等待、App预约,是,否,,等待时间/解释不清/处理结果,,,,,,,,,,,,,,,,,,,,,,,,,,,,,,,,,,,,,,,,,,,,,,,,,,,,,,
63,wjx_ans_000063,问卷星,质量维保型售后回访问卷,问题复发闭环回访,小程序,2026-05-10 10:39:00,171秒,iOS,深圳,wjx_user_0063,135****0063,粤B-MK063,LFAKE000000000063,是,mock-after-sales-v1,质量维保型,21,深圳,深圳福田服务中心,到店服务,2,5,否,已授权联系,同一个问题处理后又复发了，第二次到店还是没有彻底解决。主要集中在服务解释、沟通效率。这次我在深圳深圳福田服务中心，时间是工作日上午，希望提前同步进度。我主要关注现场等待安排。样本号 MOCK-0063。,是,上门检测,否,2,否,否,2,否,同一个问题处理后又复发了，第二次到店还是没有彻底解决。主要集中在服务解释、沟通效率。这次我在深圳深圳福田服务中心，时间是工作日上午，希望提前同步进度。我主要关注现场等待安排。样本号 MOCK-0063。,低于预期,3,否,,服务解释、沟通效率,是,否,,等待时间/解释不清/处理结果,,,,,,,,,,,,,,,,,,,,,,,,,,,,,,,,,,,,,,,,,,,,,,,,,,,,,,
64,wjx_ans_000064,问卷星,质量维保型售后回访问卷,春季保养回访,服务顾问代录,2026-05-13 17:52:00,188秒,PC,北京,wjx_user_0064,188****0064,京N-DM0064,LFAKE000000000064,是,mock-after-sales-v1,质量维保型,21,北京,北京亦庄服务中心,移动服务,2,6,是,拒绝联系,配件等待时间比承诺久，期间没有主动同步进度。主要集中在交付体验、问题复发。这次我在北京北京亦庄服务中心，时间是工作日下午，希望结果更可追溯。我主要关注后续闭环动作。样本号 MOCK-0064。,是,常规保养,否,2,否,是,2,是,配件等待时间比承诺久，期间没有主动同步进度。主要集中在交付体验、问题复发。这次我在北京北京亦庄服务中心，时间是工作日下午，希望结果更可追溯。我主要关注后续闭环动作。样本号 MOCK-0064。,低于预期,2,否,,交付体验、问题复发,是,否,,等待时间/解释不清/处理结果,,,,,,,,,,,,,,,,,,,,,,,,,,,,,,,,,,,,,,,,,,,,,,,,,,,,,,
65,wjx_ans_000065,问卷星,质量维保型售后回访问卷,维修质量专项复盘,App,2026-05-16 14:05:00,205秒,iOS,武汉,wjx_user_0065,177****0065,鄂A-MK065,LFAKE000000000065,是,mock-after-sales-v1,质量维保型,21,武汉,武汉汉口服务中心,到店服务,2,5,否,未询问,交付时没有说明故障原因和处理结果，我不清楚到底修了什么。主要集中在服务等待、App预约。这次我在武汉武汉汉口服务中心，时间是周末上午，希望服务口径一致。我主要关注服务顾问口径。样本号 MOCK-0065。,是,故障维修,否,2,否,否,2,是,交付时没有说明故障原因和处理结果，我不清楚到底修了什么。主要集中在服务等待、App预约。这次我在武汉武汉汉口服务中心，时间是周末上午，希望服务口径一致。我主要关注服务顾问口径。样本号 MOCK-0065。,低于预期,3,否,,服务等待、App预约,是,否,,等待时间/解释不清/处理结果,,,,,,,,,,,,,,,,,,,,,,,,,,,,,,,,,,,,,,,,,,,,,,,,,,,,,,
66,wjx_ans_000066,问卷星,质量维保型售后回访问卷,问题复发闭环回访,短信链接,2026-05-19 11:18:00,222秒,PC,深圳,wjx_user_0066,138****0066,粤B-MK066,LFAKE000000000066,是,mock-after-sales-v1,质量维保型,21,深圳,深圳福田服务中心,移动服务,2,6,否,已授权联系,同一个问题处理后又复发了，第二次到店还是没有彻底解决。主要集中在服务解释、沟通效率。这次我在深圳深圳福田服务中心，时间是周末傍晚，希望减少等待。我主要关注预约变更提醒。样本号 MOCK-0066。,是,返修复查,否,2,否,是,2,否,同一个问题处理后又复发了，第二次到店还是没有彻底解决。主要集中在服务解释、沟通效率。这次我在深圳深圳福田服务中心，时间是周末傍晚，希望减少等待。我主要关注预约变更提醒。样本号 MOCK-0066。,低于预期,2,否,,服务解释、沟通效率,是,否,,等待时间/解释不清/处理结果,,,,,,,,,,,,,,,,,,,,,,,,,,,,,,,,,,,,,,,,,,,,,,,,,,,,,,
67,wjx_ans_000067,问卷星,质量维保型售后回访问卷,春季保养回访,企微,2026-05-22 18:31:00,239秒,iOS,北京,wjx_user_0067,139****0067,京N-MK067,LFAKE000000000067,是,mock-after-sales-v1,质量维保型,21,北京,北京亦庄服务中心,到店服务,1,3,否,拒绝联系,配件等待时间比承诺久，期间没有主动同步进度。主要集中在交付体验、问题复发。这次我在北京北京亦庄服务中心，时间是节前高峰，希望后续有人回访。我主要关注费用和权益解释。样本号 MOCK-0067。,是,上门检测,否,1,否,否,1,是,配件等待时间比承诺久，期间没有主动同步进度。主要集中在交付体验、问题复发。这次我在北京北京亦庄服务中心，时间是节前高峰，希望后续有人回访。我主要关注费用和权益解释。样本号 MOCK-0067。,低于预期,2,需复核,模拟高风险样本，需人工复核是否存在交付遗漏。,交付体验、问题复发,是,否,,等待时间/解释不清/处理结果,,,,,,,,,,,,,,,,,,,,,,,,,,,,,,,,,,,,,,,,,,,,,,,,,,,,,,
68,wjx_ans_000068,问卷星,质量维保型售后回访问卷,维修质量专项复盘,小程序,2026-05-25 15:44:00,256秒,PC,武汉,wjx_user_0068,136****0068,鄂A-DM0068,LFAKE000000000068,是,mock-after-sales-v1,质量维保型,21,武汉,武汉汉口服务中心,移动服务,1,4,是,拒绝联系,交付时没有说明故障原因和处理结果，我不清楚到底修了什么。主要集中在服务等待、App预约。这次我在武汉武汉汉口服务中心，时间是雨天到店，希望解释更直接。我主要关注问题复核安排。样本号 MOCK-0068。,是,常规保养,否,1,否,是,1,是,交付时没有说明故障原因和处理结果，我不清楚到底修了什么。主要集中在服务等待、App预约。这次我在武汉武汉汉口服务中心，时间是雨天到店，希望解释更直接。我主要关注问题复核安排。样本号 MOCK-0068。,低于预期,1,需复核,模拟高风险样本，需人工复核是否存在交付遗漏。,服务等待、App预约,是,否,,等待时间/解释不清/处理结果,,,,,,,,,,,,,,,,,,,,,,,,,,,,,,,,,,,,,,,,,,,,,,,,,,,,,,
69,wjx_ans_000069,问卷星,质量维保型售后回访问卷,问题复发闭环回访,服务顾问代录,2026-05-28 12:57:00,273秒,iOS,深圳,wjx_user_0069,135****0069,粤B-MK069,LFAKE000000000069,是,mock-after-sales-v1,质量维保型,21,深圳,深圳福田服务中心,到店服务,1,3,否,已授权联系,同一个问题处理后又复发了，第二次到店还是没有彻底解决。主要集中在服务解释、沟通效率。这次我在深圳深圳福田服务中心，时间是下班后，希望线上状态更准确。我主要关注跨渠道信息一致性。样本号 MOCK-0069。,是,故障维修,否,1,否,否,1,否,同一个问题处理后又复发了，第二次到店还是没有彻底解决。主要集中在服务解释、沟通效率。这次我在深圳深圳福田服务中心，时间是下班后，希望线上状态更准确。我主要关注跨渠道信息一致性。样本号 MOCK-0069。,低于预期,2,需复核,模拟高风险样本，需人工复核是否存在交付遗漏。,服务解释、沟通效率,是,否,,等待时间/解释不清/处理结果,,,,,,,,,,,,,,,,,,,,,,,,,,,,,,,,,,,,,,,,,,,,,,,,,,,,,,
70,wjx_ans_000070,腾讯问卷,质量维保型售后回访问卷,春季保养回访,App,2026-05-31 09:10:00,290秒,PC,北京,wjx_user_0070,188****0070,京N-MK070,LFAKE000000000070,是,mock-after-sales-v1,质量维保型,21,北京,北京亦庄服务中心,移动服务,4,8,是,未询问,保养完成后车辆状态正常，服务顾问把检查结果讲得很清楚。值得复用的点是交付体验。这次我在北京北京亦庄服务中心，时间是午休时段，希望提前同步进度。我主要关注首次响应。样本号 MOCK-0070。,是,返修复查,是,4,是,否,4,否,,符合预期,4,否,,交付体验、问题复发,否,是,保养完成后车辆状态正常，服务顾问把检查结果讲得很清楚。值得复用的点是交付体验。这次我在北京北京亦庄服务中心，时间是午休时段，希望提前同步进度。我主要关注首次响应。样本号 MOCK-0070。,服务态度/响应速度/结果可信,,,,,,,,,,,,,,,,,,,,,,,,,,,,,,,,,,,,,,,,,,,,,,,,,,,,,,
71,wjx_ans_000071,腾讯问卷,质量维保型售后回访问卷,维修质量专项复盘,短信链接,2026-06-03 16:23:00,67秒,iOS,武汉,wjx_user_0071,177****0071,鄂A-MK071,LFAKE000000000071,是,mock-after-sales-v1,质量维保型,21,武汉,武汉汉口服务中心,到店服务,4,8,是,拒绝联系,上门检查准时到达，处理过程专业，结束后还说明了后续观察点。值得复用的点是服务等待。这次我在武汉武汉汉口服务中心，时间是活动结束后，希望结果更可追溯。我主要关注交付前说明。样本号 MOCK-0071。,是,上门检测,是,4,是,否,4,否,,符合预期,5,否,,服务等待、App预约,否,是,上门检查准时到达，处理过程专业，结束后还说明了后续观察点。值得复用的点是服务等待。这次我在武汉武汉汉口服务中心，时间是活动结束后，希望结果更可追溯。我主要关注交付前说明。样本号 MOCK-0071。,服务态度/响应速度/结果可信,,,,,,,,,,,,,,,,,,,,,,,,,,,,,,,,,,,,,,,,,,,,,,,,,,,,,,
72,wjx_ans_000072,腾讯问卷,质量维保型售后回访问卷,问题复发闭环回访,企微,2026-06-06 13:36:00,84秒,PC,深圳,wjx_user_0072,138****0072,粤B-DM0072,LFAKE000000000072,是,mock-after-sales-v1,质量维保型,21,深圳,深圳福田服务中心,移动服务,5,10,是,拒绝联系,维修项目解释清楚，交付时也提醒了后续保养注意事项，整体比较放心。值得复用的点是服务解释。这次我在深圳深圳福田服务中心，时间是工作日上午，希望服务口径一致。我主要关注线上状态同步。样本号 MOCK-0072。,是,常规保养,是,5,是,否,5,否,,符合预期,5,否,,服务解释、沟通效率,否,是,维修项目解释清楚，交付时也提醒了后续保养注意事项，整体比较放心。值得复用的点是服务解释。这次我在深圳深圳福田服务中心，时间是工作日上午，希望服务口径一致。我主要关注线上状态同步。样本号 MOCK-0072。,服务态度/响应速度/结果可信,,,,,,,,,,,,,,,,,,,,,,,,,,,,,,,,,,,,,,,,,,,,,,,,,,,,,,
73,wjx_ans_000073,腾讯问卷,质量维保型售后回访问卷,春季保养回访,小程序,2026-06-09 10:49:00,101秒,iOS,北京,wjx_user_0073,139****0073,京N-MK073,LFAKE000000000073,是,mock-after-sales-v1,质量维保型,21,北京,北京亦庄服务中心,到店服务,4,8,是,拒绝联系,保养完成后车辆状态正常，服务顾问把检查结果讲得很清楚。值得复用的点是交付体验。这次我在北京北京亦庄服务中心，时间是工作日下午，希望减少等待。我主要关注现场等待安排。样本号 MOCK-0073。,是,故障维修,是,4,是,否,4,否,,符合预期,5,否,,交付体验、问题复发,否,是,保养完成后车辆状态正常，服务顾问把检查结果讲得很清楚。值得复用的点是交付体验。这次我在北京北京亦庄服务中心，时间是工作日下午，希望减少等待。我主要关注现场等待安排。样本号 MOCK-0073。,服务态度/响应速度/结果可信,,,,,,,,,,,,,,,,,,,,,,,,,,,,,,,,,,,,,,,,,,,,,,,,,,,,,,
74,wjx_ans_000074,腾讯问卷,质量维保型售后回访问卷,维修质量专项复盘,服务顾问代录,2026-06-12 17:02:00,118秒,PC,武汉,wjx_user_0074,136****0074,鄂A-MK074,LFAKE000000000074,是,mock-after-sales-v1,质量维保型,21,武汉,武汉汉口服务中心,移动服务,4,8,是,拒绝联系,上门检查准时到达，处理过程专业，结束后还说明了后续观察点。值得复用的点是服务等待。这次我在武汉武汉汉口服务中心，时间是周末上午，希望后续有人回访。我主要关注后续闭环动作。样本号 MOCK-0074。,是,返修复查,是,4,是,否,4,否,,符合预期,4,否,,服务等待、App预约,否,是,上门检查准时到达，处理过程专业，结束后还说明了后续观察点。值得复用的点是服务等待。这次我在武汉武汉汉口服务中心，时间是周末上午，希望后续有人回访。我主要关注后续闭环动作。样本号 MOCK-0074。,服务态度/响应速度/结果可信,,,,,,,,,,,,,,,,,,,,,,,,,,,,,,,,,,,,,,,,,,,,,,,,,,,,,,
75,wjx_ans_000075,腾讯问卷,质量维保型售后回访问卷,问题复发闭环回访,App,2026-05-01 14:15:00,135秒,iOS,深圳,wjx_user_0075,135****0075,粤B-MK075,LFAKE000000000075,是,mock-after-sales-v1,质量维保型,21,深圳,深圳福田服务中心,到店服务,5,9,是,已授权联系,维修项目解释清楚，交付时也提醒了后续保养注意事项，整体比较放心。值得复用的点是服务解释。这次我在深圳深圳福田服务中心，时间是周末傍晚，希望解释更直接。我主要关注服务顾问口径。样本号 MOCK-0075。,是,上门检测,是,5,是,否,5,否,,符合预期,5,否,,服务解释、沟通效率,否,是,维修项目解释清楚，交付时也提醒了后续保养注意事项，整体比较放心。值得复用的点是服务解释。这次我在深圳深圳福田服务中心，时间是周末傍晚，希望解释更直接。我主要关注服务顾问口径。样本号 MOCK-0075。,服务态度/响应速度/结果可信,,,,,,,,,,,,,,,,,,,,,,,,,,,,,,,,,,,,,,,,,,,,,,,,,,,,,,
76,wjx_ans_000076,腾讯问卷,质量维保型售后回访问卷,春季保养回访,短信链接,2026-05-04 11:28:00,152秒,PC,北京,wjx_user_0076,188****0076,京N-DM0076,LFAKE000000000076,是,mock-after-sales-v1,质量维保型,21,北京,北京亦庄服务中心,移动服务,3,8,是,拒绝联系,保养流程完成了，费用说明还算清楚，但等待配件的信息可以更及时。后续可继续观察交付体验。这次我在北京北京亦庄服务中心，时间是节前高峰，希望线上状态更准确。我主要关注预约变更提醒。样本号 MOCK-0076。,是,常规保养,否,3,是,否,3,否,,基本可以,3,否,,交付体验、问题复发,否,否,,服务态度/响应速度/结果可信,,,,,,,,,,,,,,,,,,,,,,,,,,,,,,,,,,,,,,,,,,,,,,,,,,,,,,
77,wjx_ans_000077,App内问卷,质量维保型售后回访问卷,维修质量专项复盘,企微,2026-05-07 18:41:00,169秒,iOS,武汉,wjx_user_0077,177****0077,鄂A-MK077,LFAKE000000000077,是,mock-after-sales-v1,质量维保型,21,武汉,武汉汉口服务中心,到店服务,3,7,是,拒绝联系,问题暂时解决，后续还要再观察是否复发。后续可继续观察服务等待。这次我在武汉武汉汉口服务中心，时间是雨天到店，希望提前同步进度。我主要关注费用和权益解释。样本号 MOCK-0077。,是,故障维修,否,3,是,否,3,否,,基本可以,4,否,,服务等待、App预约,否,否,,服务态度/响应速度/结果可信,,,,,,,,,,,,,,,,,,,,,,,,,,,,,,,,,,,,,,,,,,,,,,,,,,,,,,
78,wjx_ans_000078,App内问卷,质量维保型售后回访问卷,问题复发闭环回访,小程序,2026-05-10 15:54:00,186秒,PC,深圳,wjx_user_0078,138****0078,粤B-MK078,LFAKE000000000078,是,mock-after-sales-v1,质量维保型,21,深圳,深圳福田服务中心,移动服务,3,8,不确定,拒绝联系,维修结果基本可以，但希望交付前能更早同步预计完成时间。后续可继续观察服务解释。这次我在深圳深圳福田服务中心，时间是下班后，希望结果更可追溯。我主要关注问题复核安排。样本号 MOCK-0078。,是,返修复查,否,3,是,否,3,否,,基本可以,3,否,,服务解释、沟通效率,否,否,,服务态度/响应速度/结果可信,,,,,,,,,,,,,,,,,,,,,,,,,,,,,,,,,,,,,,,,,,,,,,,,,,,,,,
79,wjx_ans_000079,短信链接,质量维保型售后回访问卷,春季保养回访,服务顾问代录,2026-05-13 12:07:00,203秒,iOS,北京,wjx_user_0079,139****0079,京N-MK079,LFAKE000000000079,是,mock-after-sales-v1,质量维保型,21,北京,北京亦庄服务中心,到店服务,3,7,是,拒绝联系,保养流程完成了，费用说明还算清楚，但等待配件的信息可以更及时。后续可继续观察交付体验。这次我在北京北京亦庄服务中心，时间是午休时段，希望服务口径一致。我主要关注跨渠道信息一致性。样本号 MOCK-0079。,是,上门检测,否,3,是,否,3,否,,基本可以,4,否,,交付体验、问题复发,否,否,,服务态度/响应速度/结果可信,,,,,,,,,,,,,,,,,,,,,,,,,,,,,,,,,,,,,,,,,,,,,,,,,,,,,,
80,wjx_ans_000080,企微链接,质量维保型售后回访问卷,维修质量专项复盘,App,2026-05-16 09:20:00,220秒,PC,武汉,wjx_user_0080,136****0080,鄂A-DM0080,LFAKE000000000080,是,mock-after-sales-v1,质量维保型,21,武汉,武汉汉口服务中心,移动服务,3,8,是,已授权联系,问题暂时解决，后续还要再观察是否复发。后续可继续观察服务等待。这次我在武汉武汉汉口服务中心，时间是活动结束后，希望减少等待。我主要关注首次响应。样本号 MOCK-0080。,是,常规保养,否,3,是,否,3,否,,基本可以,3,否,,服务等待、App预约,否,否,,服务态度/响应速度/结果可信,,,,,,,,,,,,,,,,,,,,,,,,,,,,,,,,,,,,,,,,,,,,,,,,,,,,,,
81,wjx_ans_000081,问卷星,质量维保型售后回访问卷,问题复发闭环回访,短信链接,2026-05-19 16:33:00,237秒,iOS,深圳,wjx_user_0081,135****0081,粤B-MK081,LFAKE000000000081,是,mock-after-sales-v1,质量维保型,21,深圳,深圳福田服务中心,到店服务,2,5,否,已授权联系,同一个问题处理后又复发了，第二次到店还是没有彻底解决。主要集中在服务解释、沟通效率。这次我在深圳深圳福田服务中心，时间是工作日上午，希望后续有人回访。我主要关注交付前说明。样本号 MOCK-0081。,是,故障维修,否,2,否,否,2,否,同一个问题处理后又复发了，第二次到店还是没有彻底解决。主要集中在服务解释、沟通效率。这次我在深圳深圳福田服务中心，时间是工作日上午，希望后续有人回访。我主要关注交付前说明。样本号 MOCK-0081。,低于预期,3,否,,服务解释、沟通效率,是,否,,等待时间/解释不清/处理结果,,,,,,,,,,,,,,,,,,,,,,,,,,,,,,,,,,,,,,,,,,,,,,,,,,,,,,
82,wjx_ans_000082,问卷星,质量维保型售后回访问卷,春季保养回访,企微,2026-05-22 13:46:00,254秒,PC,北京,wjx_user_0082,188****0082,京N-MK082,LFAKE000000000082,是,mock-after-sales-v1,质量维保型,21,北京,北京亦庄服务中心,移动服务,2,6,否,拒绝联系,配件等待时间比承诺久，期间没有主动同步进度。主要集中在交付体验、问题复发。这次我在北京北京亦庄服务中心，时间是工作日下午，希望解释更直接。我主要关注线上状态同步。样本号 MOCK-0082。,是,返修复查,否,2,否,是,2,是,配件等待时间比承诺久，期间没有主动同步进度。主要集中在交付体验、问题复发。这次我在北京北京亦庄服务中心，时间是工作日下午，希望解释更直接。我主要关注线上状态同步。样本号 MOCK-0082。,低于预期,2,否,,交付体验、问题复发,是,否,,等待时间/解释不清/处理结果,,,,,,,,,,,,,,,,,,,,,,,,,,,,,,,,,,,,,,,,,,,,,,,,,,,,,,
83,wjx_ans_000083,问卷星,质量维保型售后回访问卷,维修质量专项复盘,小程序,2026-05-25 10:59:00,271秒,iOS,武汉,wjx_user_0083,177****0083,鄂A-MK083,LFAKE000000000083,是,mock-after-sales-v1,质量维保型,21,武汉,武汉汉口服务中心,到店服务,2,5,否,拒绝联系,交付时没有说明故障原因和处理结果，我不清楚到底修了什么。主要集中在服务等待、App预约。这次我在武汉武汉汉口服务中心，时间是周末上午，希望线上状态更准确。我主要关注现场等待安排。样本号 MOCK-0083。,是,上门检测,否,2,否,否,2,是,交付时没有说明故障原因和处理结果，我不清楚到底修了什么。主要集中在服务等待、App预约。这次我在武汉武汉汉口服务中心，时间是周末上午，希望线上状态更准确。我主要关注现场等待安排。样本号 MOCK-0083。,低于预期,3,否,,服务等待、App预约,是,否,,等待时间/解释不清/处理结果,,,,,,,,,,,,,,,,,,,,,,,,,,,,,,,,,,,,,,,,,,,,,,,,,,,,,,
84,wjx_ans_000084,问卷星,质量维保型售后回访问卷,问题复发闭环回访,服务顾问代录,2026-05-28 17:12:00,288秒,PC,深圳,wjx_user_0084,138****0084,粤B-DM0084,LFAKE000000000084,是,mock-after-sales-v1,质量维保型,21,深圳,深圳福田服务中心,移动服务,2,6,是,已授权联系,同一个问题处理后又复发了，第二次到店还是没有彻底解决。主要集中在服务解释、沟通效率。这次我在深圳深圳福田服务中心，时间是周末傍晚，希望提前同步进度。我主要关注后续闭环动作。样本号 MOCK-0084。,是,常规保养,否,2,否,是,2,否,同一个问题处理后又复发了，第二次到店还是没有彻底解决。主要集中在服务解释、沟通效率。这次我在深圳深圳福田服务中心，时间是周末傍晚，希望提前同步进度。我主要关注后续闭环动作。样本号 MOCK-0084。,低于预期,2,否,,服务解释、沟通效率,是,否,,等待时间/解释不清/处理结果,,,,,,,,,,,,,,,,,,,,,,,,,,,,,,,,,,,,,,,,,,,,,,,,,,,,,,
85,wjx_ans_000085,问卷星,质量维保型售后回访问卷,春季保养回访,App,2026-05-31 14:25:00,65秒,iOS,北京,wjx_user_0085,139****0085,京N-MK085,LFAKE000000000085,是,mock-after-sales-v1,质量维保型,21,北京,北京亦庄服务中心,到店服务,2,5,否,未询问,配件等待时间比承诺久，期间没有主动同步进度。主要集中在交付体验、问题复发。这次我在北京北京亦庄服务中心，时间是节前高峰，希望结果更可追溯。我主要关注服务顾问口径。样本号 MOCK-0085。,是,故障维修,否,2,否,否,2,是,配件等待时间比承诺久，期间没有主动同步进度。主要集中在交付体验、问题复发。这次我在北京北京亦庄服务中心，时间是节前高峰，希望结果更可追溯。我主要关注服务顾问口径。样本号 MOCK-0085。,低于预期,3,否,,交付体验、问题复发,是,否,,等待时间/解释不清/处理结果,,,,,,,,,,,,,,,,,,,,,,,,,,,,,,,,,,,,,,,,,,,,,,,,,,,,,,
86,wjx_ans_000086,问卷星,质量维保型售后回访问卷,维修质量专项复盘,短信链接,2026-06-03 11:38:00,82秒,PC,武汉,wjx_user_0086,136****0086,鄂A-MK086,LFAKE000000000086,是,mock-after-sales-v1,质量维保型,21,武汉,武汉汉口服务中心,移动服务,2,6,否,拒绝联系,交付时没有说明故障原因和处理结果，我不清楚到底修了什么。主要集中在服务等待、App预约。这次我在武汉武汉汉口服务中心，时间是雨天到店，希望服务口径一致。我主要关注预约变更提醒。样本号 MOCK-0086。,是,返修复查,否,2,否,是,2,是,交付时没有说明故障原因和处理结果，我不清楚到底修了什么。主要集中在服务等待、App预约。这次我在武汉武汉汉口服务中心，时间是雨天到店，希望服务口径一致。我主要关注预约变更提醒。样本号 MOCK-0086。,低于预期,2,否,,服务等待、App预约,是,否,,等待时间/解释不清/处理结果,,,,,,,,,,,,,,,,,,,,,,,,,,,,,,,,,,,,,,,,,,,,,,,,,,,,,,
87,wjx_ans_000087,问卷星,质量维保型售后回访问卷,问题复发闭环回访,企微,2026-06-06 18:51:00,99秒,iOS,深圳,wjx_user_0087,135****0087,粤B-MK087,LFAKE000000000087,是,mock-after-sales-v1,质量维保型,21,深圳,深圳福田服务中心,到店服务,1,3,否,已授权联系,同一个问题处理后又复发了，第二次到店还是没有彻底解决。主要集中在服务解释、沟通效率。这次我在深圳深圳福田服务中心，时间是下班后，希望减少等待。我主要关注费用和权益解释。样本号 MOCK-0087。,是,上门检测,否,1,否,否,1,否,同一个问题处理后又复发了，第二次到店还是没有彻底解决。主要集中在服务解释、沟通效率。这次我在深圳深圳福田服务中心，时间是下班后，希望减少等待。我主要关注费用和权益解释。样本号 MOCK-0087。,低于预期,2,需复核,模拟高风险样本，需人工复核是否存在交付遗漏。,服务解释、沟通效率,是,否,,等待时间/解释不清/处理结果,,,,,,,,,,,,,,,,,,,,,,,,,,,,,,,,,,,,,,,,,,,,,,,,,,,,,,
88,wjx_ans_000088,问卷星,质量维保型售后回访问卷,春季保养回访,小程序,2026-06-09 15:04:00,116秒,PC,北京,wjx_user_0088,188****0088,京N-DM0088,LFAKE000000000088,是,mock-after-sales-v1,质量维保型,21,北京,北京亦庄服务中心,移动服务,1,4,是,拒绝联系,配件等待时间比承诺久，期间没有主动同步进度。主要集中在交付体验、问题复发。这次我在北京北京亦庄服务中心，时间是午休时段，希望后续有人回访。我主要关注问题复核安排。样本号 MOCK-0088。,是,常规保养,否,1,否,是,1,是,配件等待时间比承诺久，期间没有主动同步进度。主要集中在交付体验、问题复发。这次我在北京北京亦庄服务中心，时间是午休时段，希望后续有人回访。我主要关注问题复核安排。样本号 MOCK-0088。,低于预期,1,需复核,模拟高风险样本，需人工复核是否存在交付遗漏。,交付体验、问题复发,是,否,,等待时间/解释不清/处理结果,,,,,,,,,,,,,,,,,,,,,,,,,,,,,,,,,,,,,,,,,,,,,,,,,,,,,,
89,wjx_ans_000089,问卷星,质量维保型售后回访问卷,维修质量专项复盘,服务顾问代录,2026-06-12 12:17:00,133秒,iOS,武汉,wjx_user_0089,177****0089,鄂A-MK089,LFAKE000000000089,是,mock-after-sales-v1,质量维保型,21,武汉,武汉汉口服务中心,到店服务,1,3,否,拒绝联系,交付时没有说明故障原因和处理结果，我不清楚到底修了什么。主要集中在服务等待、App预约。这次我在武汉武汉汉口服务中心，时间是活动结束后，希望解释更直接。我主要关注跨渠道信息一致性。样本号 MOCK-0089。,是,故障维修,否,1,否,否,1,是,交付时没有说明故障原因和处理结果，我不清楚到底修了什么。主要集中在服务等待、App预约。这次我在武汉武汉汉口服务中心，时间是活动结束后，希望解释更直接。我主要关注跨渠道信息一致性。样本号 MOCK-0089。,低于预期,2,需复核,模拟高风险样本，需人工复核是否存在交付遗漏。,服务等待、App预约,是,否,,等待时间/解释不清/处理结果,,,,,,,,,,,,,,,,,,,,,,,,,,,,,,,,,,,,,,,,,,,,,,,,,,,,,,
90,wjx_ans_000090,腾讯问卷,质量维保型售后回访问卷,问题复发闭环回访,App,2026-05-01 09:30:00,150秒,PC,深圳,wjx_user_0090,138****0090,粤B-MK090,LFAKE000000000090,是,mock-after-sales-v1,质量维保型,21,深圳,深圳福田服务中心,移动服务,5,10,是,已授权联系,维修项目解释清楚，交付时也提醒了后续保养注意事项，整体比较放心。值得复用的点是服务解释。这次我在深圳深圳福田服务中心，时间是工作日上午，希望线上状态更准确。我主要关注首次响应。样本号 MOCK-0090。,是,返修复查,是,5,是,否,5,否,,符合预期,5,否,,服务解释、沟通效率,否,是,维修项目解释清楚，交付时也提醒了后续保养注意事项，整体比较放心。值得复用的点是服务解释。这次我在深圳深圳福田服务中心，时间是工作日上午，希望线上状态更准确。我主要关注首次响应。样本号 MOCK-0090。,服务态度/响应速度/结果可信,,,,,,,,,,,,,,,,,,,,,,,,,,,,,,,,,,,,,,,,,,,,,,,,,,,,,,
91,wjx_ans_000091,腾讯问卷,质量维保型售后回访问卷,春季保养回访,短信链接,2026-05-04 16:43:00,167秒,iOS,北京,wjx_user_0091,139****0091,京N-MK091,LFAKE000000000091,是,mock-after-sales-v1,质量维保型,21,北京,北京亦庄服务中心,到店服务,4,8,是,拒绝联系,保养完成后车辆状态正常，服务顾问把检查结果讲得很清楚。值得复用的点是交付体验。这次我在北京北京亦庄服务中心，时间是工作日下午，希望提前同步进度。我主要关注交付前说明。样本号 MOCK-0091。,是,上门检测,是,4,是,否,4,否,,符合预期,5,否,,交付体验、问题复发,否,是,保养完成后车辆状态正常，服务顾问把检查结果讲得很清楚。值得复用的点是交付体验。这次我在北京北京亦庄服务中心，时间是工作日下午，希望提前同步进度。我主要关注交付前说明。样本号 MOCK-0091。,服务态度/响应速度/结果可信,,,,,,,,,,,,,,,,,,,,,,,,,,,,,,,,,,,,,,,,,,,,,,,,,,,,,,
92,wjx_ans_000092,腾讯问卷,质量维保型售后回访问卷,维修质量专项复盘,企微,2026-05-07 13:56:00,184秒,PC,武汉,wjx_user_0092,136****0092,鄂A-DM0092,LFAKE000000000092,是,mock-after-sales-v1,质量维保型,21,武汉,武汉汉口服务中心,移动服务,4,8,是,拒绝联系,上门检查准时到达，处理过程专业，结束后还说明了后续观察点。值得复用的点是服务等待。这次我在武汉武汉汉口服务中心，时间是周末上午，希望结果更可追溯。我主要关注线上状态同步。样本号 MOCK-0092。,是,常规保养,是,4,是,否,4,否,,符合预期,4,否,,服务等待、App预约,否,是,上门检查准时到达，处理过程专业，结束后还说明了后续观察点。值得复用的点是服务等待。这次我在武汉武汉汉口服务中心，时间是周末上午，希望结果更可追溯。我主要关注线上状态同步。样本号 MOCK-0092。,服务态度/响应速度/结果可信,,,,,,,,,,,,,,,,,,,,,,,,,,,,,,,,,,,,,,,,,,,,,,,,,,,,,,
93,wjx_ans_000093,腾讯问卷,质量维保型售后回访问卷,问题复发闭环回访,小程序,2026-05-10 10:09:00,201秒,iOS,深圳,wjx_user_0093,135****0093,粤B-MK093,LFAKE000000000093,是,mock-after-sales-v1,质量维保型,21,深圳,深圳福田服务中心,到店服务,5,9,是,拒绝联系,维修项目解释清楚，交付时也提醒了后续保养注意事项，整体比较放心。值得复用的点是服务解释。这次我在深圳深圳福田服务中心，时间是周末傍晚，希望服务口径一致。我主要关注现场等待安排。样本号 MOCK-0093。,是,故障维修,是,5,是,否,5,否,,符合预期,5,否,,服务解释、沟通效率,否,是,维修项目解释清楚，交付时也提醒了后续保养注意事项，整体比较放心。值得复用的点是服务解释。这次我在深圳深圳福田服务中心，时间是周末傍晚，希望服务口径一致。我主要关注现场等待安排。样本号 MOCK-0093。,服务态度/响应速度/结果可信,,,,,,,,,,,,,,,,,,,,,,,,,,,,,,,,,,,,,,,,,,,,,,,,,,,,,,
94,wjx_ans_000094,腾讯问卷,质量维保型售后回访问卷,春季保养回访,服务顾问代录,2026-05-13 17:22:00,218秒,PC,北京,wjx_user_0094,188****0094,京N-MK094,LFAKE000000000094,是,mock-after-sales-v1,质量维保型,21,北京,北京亦庄服务中心,移动服务,4,8,是,拒绝联系,保养完成后车辆状态正常，服务顾问把检查结果讲得很清楚。值得复用的点是交付体验。这次我在北京北京亦庄服务中心，时间是节前高峰，希望减少等待。我主要关注后续闭环动作。样本号 MOCK-0094。,是,返修复查,是,4,是,否,4,否,,符合预期,4,否,,交付体验、问题复发,否,是,保养完成后车辆状态正常，服务顾问把检查结果讲得很清楚。值得复用的点是交付体验。这次我在北京北京亦庄服务中心，时间是节前高峰，希望减少等待。我主要关注后续闭环动作。样本号 MOCK-0094。,服务态度/响应速度/结果可信,,,,,,,,,,,,,,,,,,,,,,,,,,,,,,,,,,,,,,,,,,,,,,,,,,,,,,
95,wjx_ans_000095,腾讯问卷,质量维保型售后回访问卷,维修质量专项复盘,App,2026-05-16 14:35:00,235秒,iOS,武汉,wjx_user_0095,177****0095,鄂A-MK095,LFAKE000000000095,是,mock-after-sales-v1,质量维保型,21,武汉,武汉汉口服务中心,到店服务,4,8,是,未询问,上门检查准时到达，处理过程专业，结束后还说明了后续观察点。值得复用的点是服务等待。这次我在武汉武汉汉口服务中心，时间是雨天到店，希望后续有人回访。我主要关注服务顾问口径。样本号 MOCK-0095。,是,上门检测,是,4,是,否,4,否,,符合预期,5,否,,服务等待、App预约,否,是,上门检查准时到达，处理过程专业，结束后还说明了后续观察点。值得复用的点是服务等待。这次我在武汉武汉汉口服务中心，时间是雨天到店，希望后续有人回访。我主要关注服务顾问口径。样本号 MOCK-0095。,服务态度/响应速度/结果可信,,,,,,,,,,,,,,,,,,,,,,,,,,,,,,,,,,,,,,,,,,,,,,,,,,,,,,
96,wjx_ans_000096,腾讯问卷,质量维保型售后回访问卷,问题复发闭环回访,短信链接,2026-05-19 11:48:00,252秒,PC,深圳,wjx_user_0096,138****0096,粤B-DM0096,LFAKE000000000096,是,mock-after-sales-v1,质量维保型,21,深圳,深圳福田服务中心,移动服务,3,8,不确定,已授权联系,维修结果基本可以，但希望交付前能更早同步预计完成时间。后续可继续观察服务解释。这次我在深圳深圳福田服务中心，时间是下班后，希望解释更直接。我主要关注预约变更提醒。样本号 MOCK-0096。,是,常规保养,否,3,是,否,3,否,,基本可以,3,否,,服务解释、沟通效率,否,否,,服务态度/响应速度/结果可信,,,,,,,,,,,,,,,,,,,,,,,,,,,,,,,,,,,,,,,,,,,,,,,,,,,,,,
97,wjx_ans_000097,App内问卷,质量维保型售后回访问卷,春季保养回访,企微,2026-05-22 18:01:00,269秒,iOS,北京,wjx_user_0097,139****0097,京N-MK097,LFAKE000000000097,是,mock-after-sales-v1,质量维保型,21,北京,北京亦庄服务中心,到店服务,3,7,是,拒绝联系,保养流程完成了，费用说明还算清楚，但等待配件的信息可以更及时。后续可继续观察交付体验。这次我在北京北京亦庄服务中心，时间是午休时段，希望线上状态更准确。我主要关注费用和权益解释。样本号 MOCK-0097。,是,故障维修,否,3,是,否,3,否,,基本可以,4,否,,交付体验、问题复发,否,否,,服务态度/响应速度/结果可信,,,,,,,,,,,,,,,,,,,,,,,,,,,,,,,,,,,,,,,,,,,,,,,,,,,,,,
98,wjx_ans_000098,App内问卷,质量维保型售后回访问卷,维修质量专项复盘,小程序,2026-05-25 15:14:00,286秒,PC,武汉,wjx_user_0098,136****0098,鄂A-MK098,LFAKE000000000098,是,mock-after-sales-v1,质量维保型,21,武汉,武汉汉口服务中心,移动服务,3,8,是,拒绝联系,问题暂时解决，后续还要再观察是否复发。后续可继续观察服务等待。这次我在武汉武汉汉口服务中心，时间是活动结束后，希望提前同步进度。我主要关注问题复核安排。样本号 MOCK-0098。,是,返修复查,否,3,是,否,3,否,,基本可以,3,否,,服务等待、App预约,否,否,,服务态度/响应速度/结果可信,,,,,,,,,,,,,,,,,,,,,,,,,,,,,,,,,,,,,,,,,,,,,,,,,,,,,,
99,wjx_ans_000099,短信链接,质量维保型售后回访问卷,问题复发闭环回访,服务顾问代录,2026-05-28 12:27:00,63秒,iOS,深圳,wjx_user_0099,135****0099,粤B-MK099,LFAKE000000000099,是,mock-after-sales-v1,质量维保型,21,深圳,深圳福田服务中心,到店服务,3,7,不确定,拒绝联系,维修结果基本可以，但希望交付前能更早同步预计完成时间。后续可继续观察服务解释。这次我在深圳深圳福田服务中心，时间是工作日上午，希望结果更可追溯。我主要关注跨渠道信息一致性。样本号 MOCK-0099。,是,上门检测,否,3,是,否,3,否,,基本可以,4,否,,服务解释、沟通效率,否,否,,服务态度/响应速度/结果可信,,,,,,,,,,,,,,,,,,,,,,,,,,,,,,,,,,,,,,,,,,,,,,,,,,,,,,
100,wjx_ans_000100,企微链接,质量维保型售后回访问卷,春季保养回访,App,2026-05-31 09:40:00,80秒,PC,北京,wjx_user_0100,188****0100,京N-DM0100,LFAKE000000000100,是,mock-after-sales-v1,质量维保型,21,北京,北京亦庄服务中心,移动服务,3,8,是,未询问,保养流程完成了，费用说明还算清楚，但等待配件的信息可以更及时。后续可继续观察交付体验。这次我在北京北京亦庄服务中心，时间是工作日下午，希望服务口径一致。我主要关注首次响应。样本号 MOCK-0100。,是,常规保养,否,3,是,否,3,否,,基本可以,3,否,,交付体验、问题复发,否,否,,服务态度/响应速度/结果可信,,,,,,,,,,,,,,,,,,,,,,,,,,,,,,,,,,,,,,,,,,,,,,,,,,,,,,
101,txwj_ans_000101,问卷星,满意度与NPS售后回访问卷,月度满意度回访,企微,2026-06-03 16:53:00,97秒,iOS,西安,txwj_user_0101,177****0101,陕A-MK101,LFAKE000000000101,是,mock-after-sales-v1,满意度/NPS型,19,西安,西安曲江服务中心,移动服务,2,5,否,拒绝联系,服务中心回复慢，问题没有一次讲明白，我不太愿意推荐。主要集中在服务态度、服务解释。这次我在西安西安曲江服务中心，时间是周末上午，希望减少等待。我主要关注交付前说明。样本号 MOCK-0101。,是,,,,,,,,,,,,,,,,,等待时间/解释不清/处理结果,暂无明显满意环节,服务态度、服务解释,2,1,2,否,服务中心回复慢，问题没有一次讲明白，我不太愿意推荐。主要集中在服务态度、服务解释。这次我在西安西安曲江服务中心，时间是周末上午，希望减少等待。我主要关注交付前说明。样本号 MOCK-0101。,否,优先改进服务态度,,,,,,,,,,,,,,,,,,,,,,,,,,,,,,,,,,,,,,,,,,,,,
102,txwj_ans_000102,问卷星,满意度与NPS售后回访问卷,区域服务体验追踪,小程序,2026-06-06 13:06:00,114秒,PC,上海,txwj_user_0102,138****0102,沪A-MK102,LFAKE000000000102,是,mock-after-sales-v1,满意度/NPS型,19,上海,上海浦东服务中心,补能体验,2,6,否,已授权联系,这次体验低于预期，等待时间长，问题解释也不够清楚。主要集中在充电排队、费用理解。这次我在上海上海浦东服务中心，时间是周末傍晚，希望后续有人回访。我主要关注线上状态同步。样本号 MOCK-0102。,是,,,,,,,,,,,,,,,,,等待时间/解释不清/处理结果,暂无明显满意环节,充电排队、费用理解,2,1,2,否,这次体验低于预期，等待时间长，问题解释也不够清楚。主要集中在充电排队、费用理解。这次我在上海上海浦东服务中心，时间是周末傍晚，希望后续有人回访。我主要关注线上状态同步。样本号 MOCK-0102。,否,优先改进充电排队,,,,,,,,,,,,,,,,,,,,,,,,,,,,,,,,,,,,,,,,,,,,,
103,txwj_ans_000103,问卷星,满意度与NPS售后回访问卷,服务口碑NPS复盘,服务顾问代录,2026-06-09 10:19:00,131秒,iOS,青岛,txwj_user_0103,139****0103,鲁B-MK103,LFAKE000000000103,是,mock-after-sales-v1,满意度/NPS型,19,青岛,青岛市北服务中心,App/OTA,2,5,否,拒绝联系,推荐意愿不高，主要因为服务结果和沟通都没有让我放心。主要集中在权益感知、社群反馈。这次我在青岛青岛市北服务中心，时间是节前高峰，希望解释更直接。我主要关注现场等待安排。样本号 MOCK-0103。,是,,,,,,,,,,,,,,,,,等待时间/解释不清/处理结果,暂无明显满意环节,权益感知、社群反馈,2,1,2,否,推荐意愿不高，主要因为服务结果和沟通都没有让我放心。主要集中在权益感知、社群反馈。这次我在青岛青岛市北服务中心，时间是节前高峰，希望解释更直接。我主要关注现场等待安排。样本号 MOCK-0103。,否,优先改进权益感知,,,,,,,,,,,,,,,,,,,,,,,,,,,,,,,,,,,,,,,,,,,,,
104,txwj_ans_000104,问卷星,满意度与NPS售后回访问卷,月度满意度回访,App,2026-06-12 17:32:00,148秒,PC,西安,txwj_user_0104,136****0104,陕A-DM0104,LFAKE000000000104,是,mock-after-sales-v1,满意度/NPS型,19,西安,西安曲江服务中心,活动/社群,2,6,是,拒绝联系,服务中心回复慢，问题没有一次讲明白，我不太愿意推荐。主要集中在服务态度、服务解释。这次我在西安西安曲江服务中心，时间是雨天到店，希望线上状态更准确。我主要关注后续闭环动作。样本号 MOCK-0104。,是,,,,,,,,,,,,,,,,,等待时间/解释不清/处理结果,暂无明显满意环节,服务态度、服务解释,2,1,2,否,服务中心回复慢，问题没有一次讲明白，我不太愿意推荐。主要集中在服务态度、服务解释。这次我在西安西安曲江服务中心，时间是雨天到店，希望线上状态更准确。我主要关注后续闭环动作。样本号 MOCK-0104。,否,优先改进服务态度,,,,,,,,,,,,,,,,,,,,,,,,,,,,,,,,,,,,,,,,,,,,,
105,txwj_ans_000105,问卷星,满意度与NPS售后回访问卷,区域服务体验追踪,短信链接,2026-05-01 14:45:00,165秒,iOS,上海,txwj_user_0105,135****0105,沪A-MK105,LFAKE000000000105,是,mock-after-sales-v1,满意度/NPS型,19,上海,上海浦东服务中心,到店服务,2,5,否,已授权联系,这次体验低于预期，等待时间长，问题解释也不够清楚。主要集中在充电排队、费用理解。这次我在上海上海浦东服务中心，时间是下班后，希望提前同步进度。我主要关注服务顾问口径。样本号 MOCK-0105。,是,,,,,,,,,,,,,,,,,等待时间/解释不清/处理结果,暂无明显满意环节,充电排队、费用理解,2,1,2,否,这次体验低于预期，等待时间长，问题解释也不够清楚。主要集中在充电排队、费用理解。这次我在上海上海浦东服务中心，时间是下班后，希望提前同步进度。我主要关注服务顾问口径。样本号 MOCK-0105。,否,优先改进充电排队,,,,,,,,,,,,,,,,,,,,,,,,,,,,,,,,,,,,,,,,,,,,,
106,txwj_ans_000106,问卷星,满意度与NPS售后回访问卷,服务口碑NPS复盘,企微,2026-05-04 11:58:00,182秒,PC,青岛,txwj_user_0106,188****0106,鲁B-MK106,LFAKE000000000106,是,mock-after-sales-v1,满意度/NPS型,19,青岛,青岛市北服务中心,移动服务,2,6,否,拒绝联系,推荐意愿不高，主要因为服务结果和沟通都没有让我放心。主要集中在权益感知、社群反馈。这次我在青岛青岛市北服务中心，时间是午休时段，希望结果更可追溯。我主要关注预约变更提醒。样本号 MOCK-0106。,是,,,,,,,,,,,,,,,,,等待时间/解释不清/处理结果,暂无明显满意环节,权益感知、社群反馈,2,1,2,否,推荐意愿不高，主要因为服务结果和沟通都没有让我放心。主要集中在权益感知、社群反馈。这次我在青岛青岛市北服务中心，时间是午休时段，希望结果更可追溯。我主要关注预约变更提醒。样本号 MOCK-0106。,否,优先改进权益感知,,,,,,,,,,,,,,,,,,,,,,,,,,,,,,,,,,,,,,,,,,,,,
107,txwj_ans_000107,问卷星,满意度与NPS售后回访问卷,月度满意度回访,小程序,2026-05-07 18:11:00,199秒,iOS,西安,txwj_user_0107,177****0107,陕A-MK107,LFAKE000000000107,是,mock-after-sales-v1,满意度/NPS型,19,西安,西安曲江服务中心,补能体验,1,3,否,拒绝联系,服务中心回复慢，问题没有一次讲明白，我不太愿意推荐。主要集中在服务态度、服务解释。这次我在西安西安曲江服务中心，时间是活动结束后，希望服务口径一致。我主要关注费用和权益解释。样本号 MOCK-0107。,是,,,,,,,,,,,,,,,,,等待时间/解释不清/处理结果,暂无明显满意环节,服务态度、服务解释,1,1,1,否,服务中心回复慢，问题没有一次讲明白，我不太愿意推荐。主要集中在服务态度、服务解释。这次我在西安西安曲江服务中心，时间是活动结束后，希望服务口径一致。我主要关注费用和权益解释。样本号 MOCK-0107。,否,优先改进服务态度,,,,,,,,,,,,,,,,,,,,,,,,,,,,,,,,,,,,,,,,,,,,,
108,txwj_ans_000108,问卷星,满意度与NPS售后回访问卷,区域服务体验追踪,服务顾问代录,2026-05-10 15:24:00,216秒,PC,上海,txwj_user_0108,138****0108,沪A-DM0108,LFAKE000000000108,是,mock-after-sales-v1,满意度/NPS型,19,上海,上海浦东服务中心,App/OTA,1,4,是,已授权联系,这次体验低于预期，等待时间长，问题解释也不够清楚。主要集中在充电排队、费用理解。这次我在上海上海浦东服务中心，时间是工作日上午，希望减少等待。我主要关注问题复核安排。样本号 MOCK-0108。,是,,,,,,,,,,,,,,,,,等待时间/解释不清/处理结果,暂无明显满意环节,充电排队、费用理解,1,1,1,否,这次体验低于预期，等待时间长，问题解释也不够清楚。主要集中在充电排队、费用理解。这次我在上海上海浦东服务中心，时间是工作日上午，希望减少等待。我主要关注问题复核安排。样本号 MOCK-0108。,否,优先改进充电排队,,,,,,,,,,,,,,,,,,,,,,,,,,,,,,,,,,,,,,,,,,,,,
109,txwj_ans_000109,问卷星,满意度与NPS售后回访问卷,服务口碑NPS复盘,App,2026-05-13 12:37:00,233秒,iOS,青岛,txwj_user_0109,139****0109,鲁B-MK109,LFAKE000000000109,是,mock-after-sales-v1,满意度/NPS型,19,青岛,青岛市北服务中心,活动/社群,1,3,否,拒绝联系,推荐意愿不高，主要因为服务结果和沟通都没有让我放心。主要集中在权益感知、社群反馈。这次我在青岛青岛市北服务中心，时间是工作日下午，希望后续有人回访。我主要关注跨渠道信息一致性。样本号 MOCK-0109。,是,,,,,,,,,,,,,,,,,等待时间/解释不清/处理结果,暂无明显满意环节,权益感知、社群反馈,1,1,1,否,推荐意愿不高，主要因为服务结果和沟通都没有让我放心。主要集中在权益感知、社群反馈。这次我在青岛青岛市北服务中心，时间是工作日下午，希望后续有人回访。我主要关注跨渠道信息一致性。样本号 MOCK-0109。,否,优先改进权益感知,,,,,,,,,,,,,,,,,,,,,,,,,,,,,,,,,,,,,,,,,,,,,
110,txwj_ans_000110,腾讯问卷,满意度与NPS售后回访问卷,月度满意度回访,短信链接,2026-05-16 09:50:00,250秒,PC,西安,txwj_user_0110,136****0110,陕A-MK110,LFAKE000000000110,是,mock-after-sales-v1,满意度/NPS型,19,西安,西安曲江服务中心,到店服务,4,8,是,未询问,这次从预约到交付都比较顺，工作人员态度也很好。值得复用的点是服务态度。这次我在西安西安曲江服务中心，时间是周末上午，希望解释更直接。我主要关注首次响应。样本号 MOCK-0110。,是,,,,,,,,,,,,,,,,,服务态度/响应速度/结果可信,维修结果,暂无明显不满意环节,4,4,4,是,这次从预约到交付都比较顺，工作人员态度也很好。值得复用的点是服务态度。这次我在西安西安曲江服务中心，时间是周末上午，希望解释更直接。我主要关注首次响应。样本号 MOCK-0110。,是,保持当前服务稳定性,,,,,,,,,,,,,,,,,,,,,,,,,,,,,,,,,,,,,,,,,,,,,
111,txwj_ans_000111,腾讯问卷,满意度与NPS售后回访问卷,区域服务体验追踪,企微,2026-05-19 16:03:00,267秒,iOS,上海,txwj_user_0111,135****0111,沪A-MK111,LFAKE000000000111,是,mock-after-sales-v1,满意度/NPS型,19,上海,上海浦东服务中心,移动服务,5,9,是,拒绝联系,整体体验比上次好，接待主动，问题解释清楚，所以愿意推荐。值得复用的点是充电排队。这次我在上海上海浦东服务中心，时间是周末傍晚，希望线上状态更准确。我主要关注交付前说明。样本号 MOCK-0111。,是,,,,,,,,,,,,,,,,,服务态度/响应速度/结果可信,交付说明,暂无明显不满意环节,5,5,5,是,整体体验比上次好，接待主动，问题解释清楚，所以愿意推荐。值得复用的点是充电排队。这次我在上海上海浦东服务中心，时间是周末傍晚，希望线上状态更准确。我主要关注交付前说明。样本号 MOCK-0111。,是,保持当前服务稳定性,,,,,,,,,,,,,,,,,,,,,,,,,,,,,,,,,,,,,,,,,,,,,
112,txwj_ans_000112,腾讯问卷,满意度与NPS售后回访问卷,服务口碑NPS复盘,小程序,2026-05-22 13:16:00,284秒,PC,青岛,txwj_user_0112,188****0112,鲁B-DM0112,LFAKE000000000112,是,mock-after-sales-v1,满意度/NPS型,19,青岛,青岛市北服务中心,补能体验,4,8,是,拒绝联系,服务中心响应很快，过程透明，最后结果也符合预期。值得复用的点是权益感知。这次我在青岛青岛市北服务中心，时间是节前高峰，希望提前同步进度。我主要关注线上状态同步。样本号 MOCK-0112。,是,,,,,,,,,,,,,,,,,服务态度/响应速度/结果可信,响应速度,暂无明显不满意环节,4,4,4,是,服务中心响应很快，过程透明，最后结果也符合预期。值得复用的点是权益感知。这次我在青岛青岛市北服务中心，时间是节前高峰，希望提前同步进度。我主要关注线上状态同步。样本号 MOCK-0112。,是,保持当前服务稳定性,,,,,,,,,,,,,,,,,,,,,,,,,,,,,,,,,,,,,,,,,,,,,
113,txwj_ans_000113,腾讯问卷,满意度与NPS售后回访问卷,月度满意度回访,服务顾问代录,2026-05-25 10:29:00,61秒,iOS,西安,txwj_user_0113,177****0113,陕A-MK113,LFAKE000000000113,是,mock-after-sales-v1,满意度/NPS型,19,西安,西安曲江服务中心,App/OTA,4,8,是,拒绝联系,这次从预约到交付都比较顺，工作人员态度也很好。值得复用的点是服务态度。这次我在西安西安曲江服务中心，时间是雨天到店，希望结果更可追溯。我主要关注现场等待安排。样本号 MOCK-0113。,是,,,,,,,,,,,,,,,,,服务态度/响应速度/结果可信,服务态度,暂无明显不满意环节,4,4,4,是,这次从预约到交付都比较顺，工作人员态度也很好。值得复用的点是服务态度。这次我在西安西安曲江服务中心，时间是雨天到店，希望结果更可追溯。我主要关注现场等待安排。样本号 MOCK-0113。,是,保持当前服务稳定性,,,,,,,,,,,,,,,,,,,,,,,,,,,,,,,,,,,,,,,,,,,,,
114,txwj_ans_000114,腾讯问卷,满意度与NPS售后回访问卷,区域服务体验追踪,App,2026-05-28 17:42:00,78秒,PC,上海,txwj_user_0114,138****0114,沪A-MK114,LFAKE000000000114,是,mock-after-sales-v1,满意度/NPS型,19,上海,上海浦东服务中心,活动/社群,5,10,是,拒绝联系,整体体验比上次好，接待主动，问题解释清楚，所以愿意推荐。值得复用的点是充电排队。这次我在上海上海浦东服务中心，时间是下班后，希望服务口径一致。我主要关注后续闭环动作。样本号 MOCK-0114。,是,,,,,,,,,,,,,,,,,服务态度/响应速度/结果可信,维修结果,暂无明显不满意环节,5,5,5,是,整体体验比上次好，接待主动，问题解释清楚，所以愿意推荐。值得复用的点是充电排队。这次我在上海上海浦东服务中心，时间是下班后，希望服务口径一致。我主要关注后续闭环动作。样本号 MOCK-0114。,是,保持当前服务稳定性,,,,,,,,,,,,,,,,,,,,,,,,,,,,,,,,,,,,,,,,,,,,,
115,txwj_ans_000115,腾讯问卷,满意度与NPS售后回访问卷,服务口碑NPS复盘,短信链接,2026-05-31 14:55:00,95秒,iOS,青岛,txwj_user_0115,139****0115,鲁B-MK115,LFAKE000000000115,是,mock-after-sales-v1,满意度/NPS型,19,青岛,青岛市北服务中心,到店服务,4,8,是,未询问,服务中心响应很快，过程透明，最后结果也符合预期。值得复用的点是权益感知。这次我在青岛青岛市北服务中心，时间是午休时段，希望减少等待。我主要关注服务顾问口径。样本号 MOCK-0115。,是,,,,,,,,,,,,,,,,,服务态度/响应速度/结果可信,交付说明,暂无明显不满意环节,4,4,4,是,服务中心响应很快，过程透明，最后结果也符合预期。值得复用的点是权益感知。这次我在青岛青岛市北服务中心，时间是午休时段，希望减少等待。我主要关注服务顾问口径。样本号 MOCK-0115。,是,保持当前服务稳定性,,,,,,,,,,,,,,,,,,,,,,,,,,,,,,,,,,,,,,,,,,,,,
116,txwj_ans_000116,腾讯问卷,满意度与NPS售后回访问卷,月度满意度回访,企微,2026-06-03 11:08:00,112秒,PC,西安,txwj_user_0116,136****0116,陕A-DM0116,LFAKE000000000116,是,mock-after-sales-v1,满意度/NPS型,19,西安,西安曲江服务中心,移动服务,3,8,是,拒绝联系,满意度中等，主要是沟通效率还有提升空间。后续可继续观察服务态度。这次我在西安西安曲江服务中心，时间是活动结束后，希望后续有人回访。我主要关注预约变更提醒。样本号 MOCK-0116。,是,,,,,,,,,,,,,,,,,服务态度/响应速度/结果可信,响应速度,服务态度、服务解释,3,3,3,差不多,满意度中等，主要是沟通效率还有提升空间。后续可继续观察服务态度。这次我在西安西安曲江服务中心，时间是活动结束后，希望后续有人回访。我主要关注预约变更提醒。样本号 MOCK-0116。,不确定,保持当前服务稳定性,,,,,,,,,,,,,,,,,,,,,,,,,,,,,,,,,,,,,,,,,,,,,
117,txwj_ans_000117,App内问卷,满意度与NPS售后回访问卷,区域服务体验追踪,小程序,2026-06-06 18:21:00,129秒,iOS,上海,txwj_user_0117,135****0117,沪A-MK117,LFAKE000000000117,是,mock-after-sales-v1,满意度/NPS型,19,上海,上海浦东服务中心,补能体验,3,7,不确定,拒绝联系,整体还可以，但有些流程提醒不够清楚，所以推荐意愿一般。后续可继续观察充电排队。这次我在上海上海浦东服务中心，时间是工作日上午，希望解释更直接。我主要关注费用和权益解释。样本号 MOCK-0117。,是,,,,,,,,,,,,,,,,,服务态度/响应速度/结果可信,服务态度,充电排队、费用理解,3,3,3,差不多,整体还可以，但有些流程提醒不够清楚，所以推荐意愿一般。后续可继续观察充电排队。这次我在上海上海浦东服务中心，时间是工作日上午，希望解释更直接。我主要关注费用和权益解释。样本号 MOCK-0117。,不确定,保持当前服务稳定性,,,,,,,,,,,,,,,,,,,,,,,,,,,,,,,,,,,,,,,,,,,,,
118,txwj_ans_000118,App内问卷,满意度与NPS售后回访问卷,服务口碑NPS复盘,服务顾问代录,2026-06-09 15:34:00,146秒,PC,青岛,txwj_user_0118,188****0118,鲁B-MK118,LFAKE000000000118,是,mock-after-sales-v1,满意度/NPS型,19,青岛,青岛市北服务中心,App/OTA,3,8,是,拒绝联系,服务结果没问题，等待时间略长，体验没有明显惊喜。后续可继续观察权益感知。这次我在青岛青岛市北服务中心，时间是工作日下午，希望线上状态更准确。我主要关注问题复核安排。样本号 MOCK-0118。,是,,,,,,,,,,,,,,,,,服务态度/响应速度/结果可信,维修结果,权益感知、社群反馈,3,3,3,差不多,服务结果没问题，等待时间略长，体验没有明显惊喜。后续可继续观察权益感知。这次我在青岛青岛市北服务中心，时间是工作日下午，希望线上状态更准确。我主要关注问题复核安排。样本号 MOCK-0118。,不确定,保持当前服务稳定性,,,,,,,,,,,,,,,,,,,,,,,,,,,,,,,,,,,,,,,,,,,,,
119,txwj_ans_000119,短信链接,满意度与NPS售后回访问卷,月度满意度回访,App,2026-06-12 12:47:00,163秒,iOS,西安,txwj_user_0119,177****0119,陕A-MK119,LFAKE000000000119,是,mock-after-sales-v1,满意度/NPS型,19,西安,西安曲江服务中心,活动/社群,3,7,是,拒绝联系,满意度中等，主要是沟通效率还有提升空间。后续可继续观察服务态度。这次我在西安西安曲江服务中心，时间是周末上午，希望提前同步进度。我主要关注跨渠道信息一致性。样本号 MOCK-0119。,是,,,,,,,,,,,,,,,,,服务态度/响应速度/结果可信,交付说明,服务态度、服务解释,3,3,3,差不多,满意度中等，主要是沟通效率还有提升空间。后续可继续观察服务态度。这次我在西安西安曲江服务中心，时间是周末上午，希望提前同步进度。我主要关注跨渠道信息一致性。样本号 MOCK-0119。,不确定,保持当前服务稳定性,,,,,,,,,,,,,,,,,,,,,,,,,,,,,,,,,,,,,,,,,,,,,
120,txwj_ans_000120,企微链接,满意度与NPS售后回访问卷,区域服务体验追踪,短信链接,2026-05-01 09:00:00,180秒,PC,上海,txwj_user_0120,138****0120,沪A-DM0120,LFAKE000000000120,是,mock-after-sales-v1,满意度/NPS型,19,上海,上海浦东服务中心,到店服务,3,8,不确定,已授权联系,整体还可以，但有些流程提醒不够清楚，所以推荐意愿一般。后续可继续观察充电排队。这次我在上海上海浦东服务中心，时间是周末傍晚，希望结果更可追溯。我主要关注首次响应。样本号 MOCK-0120。,是,,,,,,,,,,,,,,,,,服务态度/响应速度/结果可信,响应速度,充电排队、费用理解,3,3,3,差不多,整体还可以，但有些流程提醒不够清楚，所以推荐意愿一般。后续可继续观察充电排队。这次我在上海上海浦东服务中心，时间是周末傍晚，希望结果更可追溯。我主要关注首次响应。样本号 MOCK-0120。,不确定,保持当前服务稳定性,,,,,,,,,,,,,,,,,,,,,,,,,,,,,,,,,,,,,,,,,,,,,
121,txwj_ans_000121,问卷星,满意度与NPS售后回访问卷,服务口碑NPS复盘,企微,2026-05-04 16:13:00,197秒,iOS,青岛,txwj_user_0121,139****0121,鲁B-MK121,LFAKE000000000121,是,mock-after-sales-v1,满意度/NPS型,19,青岛,青岛市北服务中心,移动服务,2,5,否,拒绝联系,推荐意愿不高，主要因为服务结果和沟通都没有让我放心。主要集中在权益感知、社群反馈。这次我在青岛青岛市北服务中心，时间是节前高峰，希望服务口径一致。我主要关注交付前说明。样本号 MOCK-0121。,是,,,,,,,,,,,,,,,,,等待时间/解释不清/处理结果,暂无明显满意环节,权益感知、社群反馈,2,1,2,否,推荐意愿不高，主要因为服务结果和沟通都没有让我放心。主要集中在权益感知、社群反馈。这次我在青岛青岛市北服务中心，时间是节前高峰，希望服务口径一致。我主要关注交付前说明。样本号 MOCK-0121。,否,优先改进权益感知,,,,,,,,,,,,,,,,,,,,,,,,,,,,,,,,,,,,,,,,,,,,,
122,txwj_ans_000122,问卷星,满意度与NPS售后回访问卷,月度满意度回访,小程序,2026-05-07 13:26:00,214秒,PC,西安,txwj_user_0122,136****0122,陕A-MK122,LFAKE000000000122,是,mock-after-sales-v1,满意度/NPS型,19,西安,西安曲江服务中心,补能体验,2,6,否,拒绝联系,服务中心回复慢，问题没有一次讲明白，我不太愿意推荐。主要集中在服务态度、服务解释。这次我在西安西安曲江服务中心，时间是雨天到店，希望减少等待。我主要关注线上状态同步。样本号 MOCK-0122。,是,,,,,,,,,,,,,,,,,等待时间/解释不清/处理结果,暂无明显满意环节,服务态度、服务解释,2,1,2,否,服务中心回复慢，问题没有一次讲明白，我不太愿意推荐。主要集中在服务态度、服务解释。这次我在西安西安曲江服务中心，时间是雨天到店，希望减少等待。我主要关注线上状态同步。样本号 MOCK-0122。,否,优先改进服务态度,,,,,,,,,,,,,,,,,,,,,,,,,,,,,,,,,,,,,,,,,,,,,
123,txwj_ans_000123,问卷星,满意度与NPS售后回访问卷,区域服务体验追踪,服务顾问代录,2026-05-10 10:39:00,231秒,iOS,上海,txwj_user_0123,135****0123,沪A-MK123,LFAKE000000000123,是,mock-after-sales-v1,满意度/NPS型,19,上海,上海浦东服务中心,App/OTA,2,5,否,已授权联系,这次体验低于预期，等待时间长，问题解释也不够清楚。主要集中在充电排队、费用理解。这次我在上海上海浦东服务中心，时间是下班后，希望后续有人回访。我主要关注现场等待安排。样本号 MOCK-0123。,是,,,,,,,,,,,,,,,,,等待时间/解释不清/处理结果,暂无明显满意环节,充电排队、费用理解,2,1,2,否,这次体验低于预期，等待时间长，问题解释也不够清楚。主要集中在充电排队、费用理解。这次我在上海上海浦东服务中心，时间是下班后，希望后续有人回访。我主要关注现场等待安排。样本号 MOCK-0123。,否,优先改进充电排队,,,,,,,,,,,,,,,,,,,,,,,,,,,,,,,,,,,,,,,,,,,,,
124,txwj_ans_000124,问卷星,满意度与NPS售后回访问卷,服务口碑NPS复盘,App,2026-05-13 17:52:00,248秒,PC,青岛,txwj_user_0124,188****0124,鲁B-DM0124,LFAKE000000000124,是,mock-after-sales-v1,满意度/NPS型,19,青岛,青岛市北服务中心,活动/社群,2,6,是,拒绝联系,推荐意愿不高，主要因为服务结果和沟通都没有让我放心。主要集中在权益感知、社群反馈。这次我在青岛青岛市北服务中心，时间是午休时段，希望解释更直接。我主要关注后续闭环动作。样本号 MOCK-0124。,是,,,,,,,,,,,,,,,,,等待时间/解释不清/处理结果,暂无明显满意环节,权益感知、社群反馈,2,1,2,否,推荐意愿不高，主要因为服务结果和沟通都没有让我放心。主要集中在权益感知、社群反馈。这次我在青岛青岛市北服务中心，时间是午休时段，希望解释更直接。我主要关注后续闭环动作。样本号 MOCK-0124。,否,优先改进权益感知,,,,,,,,,,,,,,,,,,,,,,,,,,,,,,,,,,,,,,,,,,,,,
125,txwj_ans_000125,问卷星,满意度与NPS售后回访问卷,月度满意度回访,短信链接,2026-05-16 14:05:00,265秒,iOS,西安,txwj_user_0125,177****0125,陕A-MK125,LFAKE000000000125,是,mock-after-sales-v1,满意度/NPS型,19,西安,西安曲江服务中心,到店服务,2,5,否,未询问,服务中心回复慢，问题没有一次讲明白，我不太愿意推荐。主要集中在服务态度、服务解释。这次我在西安西安曲江服务中心，时间是活动结束后，希望线上状态更准确。我主要关注服务顾问口径。样本号 MOCK-0125。,是,,,,,,,,,,,,,,,,,等待时间/解释不清/处理结果,暂无明显满意环节,服务态度、服务解释,2,1,2,否,服务中心回复慢，问题没有一次讲明白，我不太愿意推荐。主要集中在服务态度、服务解释。这次我在西安西安曲江服务中心，时间是活动结束后，希望线上状态更准确。我主要关注服务顾问口径。样本号 MOCK-0125。,否,优先改进服务态度,,,,,,,,,,,,,,,,,,,,,,,,,,,,,,,,,,,,,,,,,,,,,
126,txwj_ans_000126,问卷星,满意度与NPS售后回访问卷,区域服务体验追踪,企微,2026-05-19 11:18:00,282秒,PC,上海,txwj_user_0126,138****0126,沪A-MK126,LFAKE000000000126,是,mock-after-sales-v1,满意度/NPS型,19,上海,上海浦东服务中心,移动服务,2,6,否,已授权联系,这次体验低于预期，等待时间长，问题解释也不够清楚。主要集中在充电排队、费用理解。这次我在上海上海浦东服务中心，时间是工作日上午，希望提前同步进度。我主要关注预约变更提醒。样本号 MOCK-0126。,是,,,,,,,,,,,,,,,,,等待时间/解释不清/处理结果,暂无明显满意环节,充电排队、费用理解,2,1,2,否,这次体验低于预期，等待时间长，问题解释也不够清楚。主要集中在充电排队、费用理解。这次我在上海上海浦东服务中心，时间是工作日上午，希望提前同步进度。我主要关注预约变更提醒。样本号 MOCK-0126。,否,优先改进充电排队,,,,,,,,,,,,,,,,,,,,,,,,,,,,,,,,,,,,,,,,,,,,,
127,txwj_ans_000127,问卷星,满意度与NPS售后回访问卷,服务口碑NPS复盘,小程序,2026-05-22 18:31:00,299秒,iOS,青岛,txwj_user_0127,139****0127,鲁B-MK127,LFAKE000000000127,是,mock-after-sales-v1,满意度/NPS型,19,青岛,青岛市北服务中心,补能体验,1,3,否,拒绝联系,推荐意愿不高，主要因为服务结果和沟通都没有让我放心。主要集中在权益感知、社群反馈。这次我在青岛青岛市北服务中心，时间是工作日下午，希望结果更可追溯。我主要关注费用和权益解释。样本号 MOCK-0127。,是,,,,,,,,,,,,,,,,,等待时间/解释不清/处理结果,暂无明显满意环节,权益感知、社群反馈,1,1,1,否,推荐意愿不高，主要因为服务结果和沟通都没有让我放心。主要集中在权益感知、社群反馈。这次我在青岛青岛市北服务中心，时间是工作日下午，希望结果更可追溯。我主要关注费用和权益解释。样本号 MOCK-0127。,否,优先改进权益感知,,,,,,,,,,,,,,,,,,,,,,,,,,,,,,,,,,,,,,,,,,,,,
128,txwj_ans_000128,问卷星,满意度与NPS售后回访问卷,月度满意度回访,服务顾问代录,2026-05-25 15:44:00,76秒,PC,西安,txwj_user_0128,136****0128,陕A-DM0128,LFAKE000000000128,是,mock-after-sales-v1,满意度/NPS型,19,西安,西安曲江服务中心,App/OTA,1,4,是,拒绝联系,服务中心回复慢，问题没有一次讲明白，我不太愿意推荐。主要集中在服务态度、服务解释。这次我在西安西安曲江服务中心，时间是周末上午，希望服务口径一致。我主要关注问题复核安排。样本号 MOCK-0128。,是,,,,,,,,,,,,,,,,,等待时间/解释不清/处理结果,暂无明显满意环节,服务态度、服务解释,1,1,1,否,服务中心回复慢，问题没有一次讲明白，我不太愿意推荐。主要集中在服务态度、服务解释。这次我在西安西安曲江服务中心，时间是周末上午，希望服务口径一致。我主要关注问题复核安排。样本号 MOCK-0128。,否,优先改进服务态度,,,,,,,,,,,,,,,,,,,,,,,,,,,,,,,,,,,,,,,,,,,,,
129,txwj_ans_000129,问卷星,满意度与NPS售后回访问卷,区域服务体验追踪,App,2026-05-28 12:57:00,93秒,iOS,上海,txwj_user_0129,135****0129,沪A-MK129,LFAKE000000000129,是,mock-after-sales-v1,满意度/NPS型,19,上海,上海浦东服务中心,活动/社群,1,3,否,已授权联系,这次体验低于预期，等待时间长，问题解释也不够清楚。主要集中在充电排队、费用理解。这次我在上海上海浦东服务中心，时间是周末傍晚，希望减少等待。我主要关注跨渠道信息一致性。样本号 MOCK-0129。,是,,,,,,,,,,,,,,,,,等待时间/解释不清/处理结果,暂无明显满意环节,充电排队、费用理解,1,1,1,否,这次体验低于预期，等待时间长，问题解释也不够清楚。主要集中在充电排队、费用理解。这次我在上海上海浦东服务中心，时间是周末傍晚，希望减少等待。我主要关注跨渠道信息一致性。样本号 MOCK-0129。,否,优先改进充电排队,,,,,,,,,,,,,,,,,,,,,,,,,,,,,,,,,,,,,,,,,,,,,
130,txwj_ans_000130,腾讯问卷,满意度与NPS售后回访问卷,服务口碑NPS复盘,短信链接,2026-05-31 09:10:00,110秒,PC,青岛,txwj_user_0130,188****0130,鲁B-MK130,LFAKE000000000130,是,mock-after-sales-v1,满意度/NPS型,19,青岛,青岛市北服务中心,到店服务,4,8,是,未询问,服务中心响应很快，过程透明，最后结果也符合预期。值得复用的点是权益感知。这次我在青岛青岛市北服务中心，时间是节前高峰，希望后续有人回访。我主要关注首次响应。样本号 MOCK-0130。,是,,,,,,,,,,,,,,,,,服务态度/响应速度/结果可信,维修结果,暂无明显不满意环节,4,4,4,是,服务中心响应很快，过程透明，最后结果也符合预期。值得复用的点是权益感知。这次我在青岛青岛市北服务中心，时间是节前高峰，希望后续有人回访。我主要关注首次响应。样本号 MOCK-0130。,是,保持当前服务稳定性,,,,,,,,,,,,,,,,,,,,,,,,,,,,,,,,,,,,,,,,,,,,,
131,txwj_ans_000131,腾讯问卷,满意度与NPS售后回访问卷,月度满意度回访,企微,2026-06-03 16:23:00,127秒,iOS,西安,txwj_user_0131,177****0131,陕A-MK131,LFAKE000000000131,是,mock-after-sales-v1,满意度/NPS型,19,西安,西安曲江服务中心,移动服务,4,8,是,拒绝联系,这次从预约到交付都比较顺，工作人员态度也很好。值得复用的点是服务态度。这次我在西安西安曲江服务中心，时间是雨天到店，希望解释更直接。我主要关注交付前说明。样本号 MOCK-0131。,是,,,,,,,,,,,,,,,,,服务态度/响应速度/结果可信,交付说明,暂无明显不满意环节,4,4,4,是,这次从预约到交付都比较顺，工作人员态度也很好。值得复用的点是服务态度。这次我在西安西安曲江服务中心，时间是雨天到店，希望解释更直接。我主要关注交付前说明。样本号 MOCK-0131。,是,保持当前服务稳定性,,,,,,,,,,,,,,,,,,,,,,,,,,,,,,,,,,,,,,,,,,,,,
132,txwj_ans_000132,腾讯问卷,满意度与NPS售后回访问卷,区域服务体验追踪,小程序,2026-06-06 13:36:00,144秒,PC,上海,txwj_user_0132,138****0132,沪A-DM0132,LFAKE000000000132,是,mock-after-sales-v1,满意度/NPS型,19,上海,上海浦东服务中心,补能体验,5,10,是,拒绝联系,整体体验比上次好，接待主动，问题解释清楚，所以愿意推荐。值得复用的点是充电排队。这次我在上海上海浦东服务中心，时间是下班后，希望线上状态更准确。我主要关注线上状态同步。样本号 MOCK-0132。,是,,,,,,,,,,,,,,,,,服务态度/响应速度/结果可信,响应速度,暂无明显不满意环节,5,5,5,是,整体体验比上次好，接待主动，问题解释清楚，所以愿意推荐。值得复用的点是充电排队。这次我在上海上海浦东服务中心，时间是下班后，希望线上状态更准确。我主要关注线上状态同步。样本号 MOCK-0132。,是,保持当前服务稳定性,,,,,,,,,,,,,,,,,,,,,,,,,,,,,,,,,,,,,,,,,,,,,
133,txwj_ans_000133,腾讯问卷,满意度与NPS售后回访问卷,服务口碑NPS复盘,服务顾问代录,2026-06-09 10:49:00,161秒,iOS,青岛,txwj_user_0133,139****0133,鲁B-MK133,LFAKE000000000133,是,mock-after-sales-v1,满意度/NPS型,19,青岛,青岛市北服务中心,App/OTA,4,8,是,拒绝联系,服务中心响应很快，过程透明，最后结果也符合预期。值得复用的点是权益感知。这次我在青岛青岛市北服务中心，时间是午休时段，希望提前同步进度。我主要关注现场等待安排。样本号 MOCK-0133。,是,,,,,,,,,,,,,,,,,服务态度/响应速度/结果可信,服务态度,暂无明显不满意环节,4,4,4,是,服务中心响应很快，过程透明，最后结果也符合预期。值得复用的点是权益感知。这次我在青岛青岛市北服务中心，时间是午休时段，希望提前同步进度。我主要关注现场等待安排。样本号 MOCK-0133。,是,保持当前服务稳定性,,,,,,,,,,,,,,,,,,,,,,,,,,,,,,,,,,,,,,,,,,,,,
134,txwj_ans_000134,腾讯问卷,满意度与NPS售后回访问卷,月度满意度回访,App,2026-06-12 17:02:00,178秒,PC,西安,txwj_user_0134,136****0134,陕A-MK134,LFAKE000000000134,是,mock-after-sales-v1,满意度/NPS型,19,西安,西安曲江服务中心,活动/社群,4,8,是,拒绝联系,这次从预约到交付都比较顺，工作人员态度也很好。值得复用的点是服务态度。这次我在西安西安曲江服务中心，时间是活动结束后，希望结果更可追溯。我主要关注后续闭环动作。样本号 MOCK-0134。,是,,,,,,,,,,,,,,,,,服务态度/响应速度/结果可信,维修结果,暂无明显不满意环节,4,4,4,是,这次从预约到交付都比较顺，工作人员态度也很好。值得复用的点是服务态度。这次我在西安西安曲江服务中心，时间是活动结束后，希望结果更可追溯。我主要关注后续闭环动作。样本号 MOCK-0134。,是,保持当前服务稳定性,,,,,,,,,,,,,,,,,,,,,,,,,,,,,,,,,,,,,,,,,,,,,
135,txwj_ans_000135,腾讯问卷,满意度与NPS售后回访问卷,区域服务体验追踪,短信链接,2026-05-01 14:15:00,195秒,iOS,上海,txwj_user_0135,135****0135,沪A-MK135,LFAKE000000000135,是,mock-after-sales-v1,满意度/NPS型,19,上海,上海浦东服务中心,到店服务,5,9,是,已授权联系,整体体验比上次好，接待主动，问题解释清楚，所以愿意推荐。值得复用的点是充电排队。这次我在上海上海浦东服务中心，时间是工作日上午，希望服务口径一致。我主要关注服务顾问口径。样本号 MOCK-0135。,是,,,,,,,,,,,,,,,,,服务态度/响应速度/结果可信,交付说明,暂无明显不满意环节,5,5,5,是,整体体验比上次好，接待主动，问题解释清楚，所以愿意推荐。值得复用的点是充电排队。这次我在上海上海浦东服务中心，时间是工作日上午，希望服务口径一致。我主要关注服务顾问口径。样本号 MOCK-0135。,是,保持当前服务稳定性,,,,,,,,,,,,,,,,,,,,,,,,,,,,,,,,,,,,,,,,,,,,,
136,txwj_ans_000136,腾讯问卷,满意度与NPS售后回访问卷,服务口碑NPS复盘,企微,2026-05-04 11:28:00,212秒,PC,青岛,txwj_user_0136,188****0136,鲁B-DM0136,LFAKE000000000136,是,mock-after-sales-v1,满意度/NPS型,19,青岛,青岛市北服务中心,移动服务,3,8,是,已授权联系,服务结果没问题，等待时间略长，体验没有明显惊喜。后续可继续观察权益感知。这次我在青岛青岛市北服务中心，时间是工作日下午，希望减少等待。我主要关注预约变更提醒。样本号 MOCK-0136。,是,,,,,,,,,,,,,,,,,服务态度/响应速度/结果可信,响应速度,权益感知、社群反馈,3,3,3,差不多,服务结果没问题，等待时间略长，体验没有明显惊喜。后续可继续观察权益感知。这次我在青岛青岛市北服务中心，时间是工作日下午，希望减少等待。我主要关注预约变更提醒。样本号 MOCK-0136。,不确定,保持当前服务稳定性,,,,,,,,,,,,,,,,,,,,,,,,,,,,,,,,,,,,,,,,,,,,,
137,txwj_ans_000137,App内问卷,满意度与NPS售后回访问卷,月度满意度回访,小程序,2026-05-07 18:41:00,229秒,iOS,西安,txwj_user_0137,177****0137,陕A-MK137,LFAKE000000000137,是,mock-after-sales-v1,满意度/NPS型,19,西安,西安曲江服务中心,补能体验,3,7,是,拒绝联系,满意度中等，主要是沟通效率还有提升空间。后续可继续观察服务态度。这次我在西安西安曲江服务中心，时间是周末上午，希望后续有人回访。我主要关注费用和权益解释。样本号 MOCK-0137。,是,,,,,,,,,,,,,,,,,服务态度/响应速度/结果可信,服务态度,服务态度、服务解释,3,3,3,差不多,满意度中等，主要是沟通效率还有提升空间。后续可继续观察服务态度。这次我在西安西安曲江服务中心，时间是周末上午，希望后续有人回访。我主要关注费用和权益解释。样本号 MOCK-0137。,不确定,保持当前服务稳定性,,,,,,,,,,,,,,,,,,,,,,,,,,,,,,,,,,,,,,,,,,,,,
138,txwj_ans_000138,App内问卷,满意度与NPS售后回访问卷,区域服务体验追踪,服务顾问代录,2026-05-10 15:54:00,246秒,PC,上海,txwj_user_0138,138****0138,沪A-MK138,LFAKE000000000138,是,mock-after-sales-v1,满意度/NPS型,19,上海,上海浦东服务中心,App/OTA,3,8,不确定,拒绝联系,整体还可以，但有些流程提醒不够清楚，所以推荐意愿一般。后续可继续观察充电排队。这次我在上海上海浦东服务中心，时间是周末傍晚，希望解释更直接。我主要关注问题复核安排。样本号 MOCK-0138。,是,,,,,,,,,,,,,,,,,服务态度/响应速度/结果可信,维修结果,充电排队、费用理解,3,3,3,差不多,整体还可以，但有些流程提醒不够清楚，所以推荐意愿一般。后续可继续观察充电排队。这次我在上海上海浦东服务中心，时间是周末傍晚，希望解释更直接。我主要关注问题复核安排。样本号 MOCK-0138。,不确定,保持当前服务稳定性,,,,,,,,,,,,,,,,,,,,,,,,,,,,,,,,,,,,,,,,,,,,,
139,txwj_ans_000139,短信链接,满意度与NPS售后回访问卷,服务口碑NPS复盘,App,2026-05-13 12:07:00,263秒,iOS,青岛,txwj_user_0139,139****0139,鲁B-MK139,LFAKE000000000139,是,mock-after-sales-v1,满意度/NPS型,19,青岛,青岛市北服务中心,活动/社群,3,7,是,拒绝联系,服务结果没问题，等待时间略长，体验没有明显惊喜。后续可继续观察权益感知。这次我在青岛青岛市北服务中心，时间是节前高峰，希望线上状态更准确。我主要关注跨渠道信息一致性。样本号 MOCK-0139。,是,,,,,,,,,,,,,,,,,服务态度/响应速度/结果可信,交付说明,权益感知、社群反馈,3,3,3,差不多,服务结果没问题，等待时间略长，体验没有明显惊喜。后续可继续观察权益感知。这次我在青岛青岛市北服务中心，时间是节前高峰，希望线上状态更准确。我主要关注跨渠道信息一致性。样本号 MOCK-0139。,不确定,保持当前服务稳定性,,,,,,,,,,,,,,,,,,,,,,,,,,,,,,,,,,,,,,,,,,,,,
140,txwj_ans_000140,企微链接,满意度与NPS售后回访问卷,月度满意度回访,短信链接,2026-05-16 09:20:00,280秒,PC,西安,txwj_user_0140,136****0140,陕A-DM0140,LFAKE000000000140,是,mock-after-sales-v1,满意度/NPS型,19,西安,西安曲江服务中心,到店服务,3,8,是,未询问,满意度中等，主要是沟通效率还有提升空间。后续可继续观察服务态度。这次我在西安西安曲江服务中心，时间是雨天到店，希望提前同步进度。我主要关注首次响应。样本号 MOCK-0140。,是,,,,,,,,,,,,,,,,,服务态度/响应速度/结果可信,响应速度,服务态度、服务解释,3,3,3,差不多,满意度中等，主要是沟通效率还有提升空间。后续可继续观察服务态度。这次我在西安西安曲江服务中心，时间是雨天到店，希望提前同步进度。我主要关注首次响应。样本号 MOCK-0140。,不确定,保持当前服务稳定性,,,,,,,,,,,,,,,,,,,,,,,,,,,,,,,,,,,,,,,,,,,,,
141,txwj_ans_000141,问卷星,满意度与NPS售后回访问卷,区域服务体验追踪,企微,2026-05-19 16:33:00,297秒,iOS,上海,txwj_user_0141,135****0141,沪A-MK141,LFAKE000000000141,是,mock-after-sales-v1,满意度/NPS型,19,上海,上海浦东服务中心,移动服务,2,5,否,已授权联系,这次体验低于预期，等待时间长，问题解释也不够清楚。主要集中在充电排队、费用理解。这次我在上海上海浦东服务中心，时间是下班后，希望结果更可追溯。我主要关注交付前说明。样本号 MOCK-0141。,是,,,,,,,,,,,,,,,,,等待时间/解释不清/处理结果,暂无明显满意环节,充电排队、费用理解,2,1,2,否,这次体验低于预期，等待时间长，问题解释也不够清楚。主要集中在充电排队、费用理解。这次我在上海上海浦东服务中心，时间是下班后，希望结果更可追溯。我主要关注交付前说明。样本号 MOCK-0141。,否,优先改进充电排队,,,,,,,,,,,,,,,,,,,,,,,,,,,,,,,,,,,,,,,,,,,,,
142,txwj_ans_000142,问卷星,满意度与NPS售后回访问卷,服务口碑NPS复盘,小程序,2026-05-22 13:46:00,74秒,PC,青岛,txwj_user_0142,188****0142,鲁B-MK142,LFAKE000000000142,是,mock-after-sales-v1,满意度/NPS型,19,青岛,青岛市北服务中心,补能体验,2,6,否,拒绝联系,推荐意愿不高，主要因为服务结果和沟通都没有让我放心。主要集中在权益感知、社群反馈。这次我在青岛青岛市北服务中心，时间是午休时段，希望服务口径一致。我主要关注线上状态同步。样本号 MOCK-0142。,是,,,,,,,,,,,,,,,,,等待时间/解释不清/处理结果,暂无明显满意环节,权益感知、社群反馈,2,1,2,否,推荐意愿不高，主要因为服务结果和沟通都没有让我放心。主要集中在权益感知、社群反馈。这次我在青岛青岛市北服务中心，时间是午休时段，希望服务口径一致。我主要关注线上状态同步。样本号 MOCK-0142。,否,优先改进权益感知,,,,,,,,,,,,,,,,,,,,,,,,,,,,,,,,,,,,,,,,,,,,,
143,txwj_ans_000143,问卷星,满意度与NPS售后回访问卷,月度满意度回访,服务顾问代录,2026-05-25 10:59:00,91秒,iOS,西安,txwj_user_0143,177****0143,陕A-MK143,LFAKE000000000143,是,mock-after-sales-v1,满意度/NPS型,19,西安,西安曲江服务中心,App/OTA,2,5,否,拒绝联系,服务中心回复慢，问题没有一次讲明白，我不太愿意推荐。主要集中在服务态度、服务解释。这次我在西安西安曲江服务中心，时间是活动结束后，希望减少等待。我主要关注现场等待安排。样本号 MOCK-0143。,是,,,,,,,,,,,,,,,,,等待时间/解释不清/处理结果,暂无明显满意环节,服务态度、服务解释,2,1,2,否,服务中心回复慢，问题没有一次讲明白，我不太愿意推荐。主要集中在服务态度、服务解释。这次我在西安西安曲江服务中心，时间是活动结束后，希望减少等待。我主要关注现场等待安排。样本号 MOCK-0143。,否,优先改进服务态度,,,,,,,,,,,,,,,,,,,,,,,,,,,,,,,,,,,,,,,,,,,,,
144,txwj_ans_000144,问卷星,满意度与NPS售后回访问卷,区域服务体验追踪,App,2026-05-28 17:12:00,108秒,PC,上海,txwj_user_0144,138****0144,沪A-DM0144,LFAKE000000000144,是,mock-after-sales-v1,满意度/NPS型,19,上海,上海浦东服务中心,活动/社群,2,6,是,已授权联系,这次体验低于预期，等待时间长，问题解释也不够清楚。主要集中在充电排队、费用理解。这次我在上海上海浦东服务中心，时间是工作日上午，希望后续有人回访。我主要关注后续闭环动作。样本号 MOCK-0144。,是,,,,,,,,,,,,,,,,,等待时间/解释不清/处理结果,暂无明显满意环节,充电排队、费用理解,2,1,2,否,这次体验低于预期，等待时间长，问题解释也不够清楚。主要集中在充电排队、费用理解。这次我在上海上海浦东服务中心，时间是工作日上午，希望后续有人回访。我主要关注后续闭环动作。样本号 MOCK-0144。,否,优先改进充电排队,,,,,,,,,,,,,,,,,,,,,,,,,,,,,,,,,,,,,,,,,,,,,
145,txwj_ans_000145,问卷星,满意度与NPS售后回访问卷,服务口碑NPS复盘,短信链接,2026-05-31 14:25:00,125秒,iOS,青岛,txwj_user_0145,139****0145,鲁B-MK145,LFAKE000000000145,是,mock-after-sales-v1,满意度/NPS型,19,青岛,青岛市北服务中心,到店服务,2,5,否,未询问,推荐意愿不高，主要因为服务结果和沟通都没有让我放心。主要集中在权益感知、社群反馈。这次我在青岛青岛市北服务中心，时间是工作日下午，希望解释更直接。我主要关注服务顾问口径。样本号 MOCK-0145。,是,,,,,,,,,,,,,,,,,等待时间/解释不清/处理结果,暂无明显满意环节,权益感知、社群反馈,2,1,2,否,推荐意愿不高，主要因为服务结果和沟通都没有让我放心。主要集中在权益感知、社群反馈。这次我在青岛青岛市北服务中心，时间是工作日下午，希望解释更直接。我主要关注服务顾问口径。样本号 MOCK-0145。,否,优先改进权益感知,,,,,,,,,,,,,,,,,,,,,,,,,,,,,,,,,,,,,,,,,,,,,
146,txwj_ans_000146,问卷星,满意度与NPS售后回访问卷,月度满意度回访,企微,2026-06-03 11:38:00,142秒,PC,西安,txwj_user_0146,136****0146,陕A-MK146,LFAKE000000000146,是,mock-after-sales-v1,满意度/NPS型,19,西安,西安曲江服务中心,移动服务,2,6,否,拒绝联系,服务中心回复慢，问题没有一次讲明白，我不太愿意推荐。主要集中在服务态度、服务解释。这次我在西安西安曲江服务中心，时间是周末上午，希望线上状态更准确。我主要关注预约变更提醒。样本号 MOCK-0146。,是,,,,,,,,,,,,,,,,,等待时间/解释不清/处理结果,暂无明显满意环节,服务态度、服务解释,2,1,2,否,服务中心回复慢，问题没有一次讲明白，我不太愿意推荐。主要集中在服务态度、服务解释。这次我在西安西安曲江服务中心，时间是周末上午，希望线上状态更准确。我主要关注预约变更提醒。样本号 MOCK-0146。,否,优先改进服务态度,,,,,,,,,,,,,,,,,,,,,,,,,,,,,,,,,,,,,,,,,,,,,
147,txwj_ans_000147,问卷星,满意度与NPS售后回访问卷,区域服务体验追踪,小程序,2026-06-06 18:51:00,159秒,iOS,上海,txwj_user_0147,135****0147,沪A-MK147,LFAKE000000000147,是,mock-after-sales-v1,满意度/NPS型,19,上海,上海浦东服务中心,补能体验,1,3,否,已授权联系,这次体验低于预期，等待时间长，问题解释也不够清楚。主要集中在充电排队、费用理解。这次我在上海上海浦东服务中心，时间是周末傍晚，希望提前同步进度。我主要关注费用和权益解释。样本号 MOCK-0147。,是,,,,,,,,,,,,,,,,,等待时间/解释不清/处理结果,暂无明显满意环节,充电排队、费用理解,1,1,1,否,这次体验低于预期，等待时间长，问题解释也不够清楚。主要集中在充电排队、费用理解。这次我在上海上海浦东服务中心，时间是周末傍晚，希望提前同步进度。我主要关注费用和权益解释。样本号 MOCK-0147。,否,优先改进充电排队,,,,,,,,,,,,,,,,,,,,,,,,,,,,,,,,,,,,,,,,,,,,,
148,txwj_ans_000148,问卷星,满意度与NPS售后回访问卷,服务口碑NPS复盘,服务顾问代录,2026-06-09 15:04:00,176秒,PC,青岛,txwj_user_0148,188****0148,鲁B-DM0148,LFAKE000000000148,是,mock-after-sales-v1,满意度/NPS型,19,青岛,青岛市北服务中心,App/OTA,1,4,是,拒绝联系,推荐意愿不高，主要因为服务结果和沟通都没有让我放心。主要集中在权益感知、社群反馈。这次我在青岛青岛市北服务中心，时间是节前高峰，希望结果更可追溯。我主要关注问题复核安排。样本号 MOCK-0148。,是,,,,,,,,,,,,,,,,,等待时间/解释不清/处理结果,暂无明显满意环节,权益感知、社群反馈,1,1,1,否,推荐意愿不高，主要因为服务结果和沟通都没有让我放心。主要集中在权益感知、社群反馈。这次我在青岛青岛市北服务中心，时间是节前高峰，希望结果更可追溯。我主要关注问题复核安排。样本号 MOCK-0148。,否,优先改进权益感知,,,,,,,,,,,,,,,,,,,,,,,,,,,,,,,,,,,,,,,,,,,,,
149,txwj_ans_000149,问卷星,满意度与NPS售后回访问卷,月度满意度回访,App,2026-06-12 12:17:00,193秒,iOS,西安,txwj_user_0149,177****0149,陕A-MK149,LFAKE000000000149,是,mock-after-sales-v1,满意度/NPS型,19,西安,西安曲江服务中心,活动/社群,1,3,否,拒绝联系,服务中心回复慢，问题没有一次讲明白，我不太愿意推荐。主要集中在服务态度、服务解释。这次我在西安西安曲江服务中心，时间是雨天到店，希望服务口径一致。我主要关注跨渠道信息一致性。样本号 MOCK-0149。,是,,,,,,,,,,,,,,,,,等待时间/解释不清/处理结果,暂无明显满意环节,服务态度、服务解释,1,1,1,否,服务中心回复慢，问题没有一次讲明白，我不太愿意推荐。主要集中在服务态度、服务解释。这次我在西安西安曲江服务中心，时间是雨天到店，希望服务口径一致。我主要关注跨渠道信息一致性。样本号 MOCK-0149。,否,优先改进服务态度,,,,,,,,,,,,,,,,,,,,,,,,,,,,,,,,,,,,,,,,,,,,,
150,txwj_ans_000150,腾讯问卷,满意度与NPS售后回访问卷,区域服务体验追踪,短信链接,2026-05-01 09:30:00,210秒,PC,上海,txwj_user_0150,138****0150,沪A-MK150,LFAKE000000000150,是,mock-after-sales-v1,满意度/NPS型,19,上海,上海浦东服务中心,到店服务,5,10,是,已授权联系,整体体验比上次好，接待主动，问题解释清楚，所以愿意推荐。值得复用的点是充电排队。这次我在上海上海浦东服务中心，时间是下班后，希望减少等待。我主要关注首次响应。样本号 MOCK-0150。,是,,,,,,,,,,,,,,,,,服务态度/响应速度/结果可信,维修结果,暂无明显不满意环节,5,5,5,是,整体体验比上次好，接待主动，问题解释清楚，所以愿意推荐。值得复用的点是充电排队。这次我在上海上海浦东服务中心，时间是下班后，希望减少等待。我主要关注首次响应。样本号 MOCK-0150。,是,保持当前服务稳定性,,,,,,,,,,,,,,,,,,,,,,,,,,,,,,,,,,,,,,,,,,,,,
151,txwj_ans_000151,腾讯问卷,满意度与NPS售后回访问卷,服务口碑NPS复盘,企微,2026-05-04 16:43:00,227秒,iOS,青岛,txwj_user_0151,139****0151,鲁B-MK151,LFAKE000000000151,是,mock-after-sales-v1,满意度/NPS型,19,青岛,青岛市北服务中心,移动服务,4,8,是,拒绝联系,服务中心响应很快，过程透明，最后结果也符合预期。值得复用的点是权益感知。这次我在青岛青岛市北服务中心，时间是午休时段，希望后续有人回访。我主要关注交付前说明。样本号 MOCK-0151。,是,,,,,,,,,,,,,,,,,服务态度/响应速度/结果可信,交付说明,暂无明显不满意环节,4,4,4,是,服务中心响应很快，过程透明，最后结果也符合预期。值得复用的点是权益感知。这次我在青岛青岛市北服务中心，时间是午休时段，希望后续有人回访。我主要关注交付前说明。样本号 MOCK-0151。,是,保持当前服务稳定性,,,,,,,,,,,,,,,,,,,,,,,,,,,,,,,,,,,,,,,,,,,,,
152,txwj_ans_000152,腾讯问卷,满意度与NPS售后回访问卷,月度满意度回访,小程序,2026-05-07 13:56:00,244秒,PC,西安,txwj_user_0152,136****0152,陕A-DM0152,LFAKE000000000152,是,mock-after-sales-v1,满意度/NPS型,19,西安,西安曲江服务中心,补能体验,4,8,是,拒绝联系,这次从预约到交付都比较顺，工作人员态度也很好。值得复用的点是服务态度。这次我在西安西安曲江服务中心，时间是活动结束后，希望解释更直接。我主要关注线上状态同步。样本号 MOCK-0152。,是,,,,,,,,,,,,,,,,,服务态度/响应速度/结果可信,响应速度,暂无明显不满意环节,4,4,4,是,这次从预约到交付都比较顺，工作人员态度也很好。值得复用的点是服务态度。这次我在西安西安曲江服务中心，时间是活动结束后，希望解释更直接。我主要关注线上状态同步。样本号 MOCK-0152。,是,保持当前服务稳定性,,,,,,,,,,,,,,,,,,,,,,,,,,,,,,,,,,,,,,,,,,,,,
153,txwj_ans_000153,腾讯问卷,满意度与NPS售后回访问卷,区域服务体验追踪,服务顾问代录,2026-05-10 10:09:00,261秒,iOS,上海,txwj_user_0153,135****0153,沪A-MK153,LFAKE000000000153,是,mock-after-sales-v1,满意度/NPS型,19,上海,上海浦东服务中心,App/OTA,5,9,是,拒绝联系,整体体验比上次好，接待主动，问题解释清楚，所以愿意推荐。值得复用的点是充电排队。这次我在上海上海浦东服务中心，时间是工作日上午，希望线上状态更准确。我主要关注现场等待安排。样本号 MOCK-0153。,是,,,,,,,,,,,,,,,,,服务态度/响应速度/结果可信,服务态度,暂无明显不满意环节,5,5,5,是,整体体验比上次好，接待主动，问题解释清楚，所以愿意推荐。值得复用的点是充电排队。这次我在上海上海浦东服务中心，时间是工作日上午，希望线上状态更准确。我主要关注现场等待安排。样本号 MOCK-0153。,是,保持当前服务稳定性,,,,,,,,,,,,,,,,,,,,,,,,,,,,,,,,,,,,,,,,,,,,,
154,txwj_ans_000154,腾讯问卷,满意度与NPS售后回访问卷,服务口碑NPS复盘,App,2026-05-13 17:22:00,278秒,PC,青岛,txwj_user_0154,188****0154,鲁B-MK154,LFAKE000000000154,是,mock-after-sales-v1,满意度/NPS型,19,青岛,青岛市北服务中心,活动/社群,4,8,是,拒绝联系,服务中心响应很快，过程透明，最后结果也符合预期。值得复用的点是权益感知。这次我在青岛青岛市北服务中心，时间是工作日下午，希望提前同步进度。我主要关注后续闭环动作。样本号 MOCK-0154。,是,,,,,,,,,,,,,,,,,服务态度/响应速度/结果可信,维修结果,暂无明显不满意环节,4,4,4,是,服务中心响应很快，过程透明，最后结果也符合预期。值得复用的点是权益感知。这次我在青岛青岛市北服务中心，时间是工作日下午，希望提前同步进度。我主要关注后续闭环动作。样本号 MOCK-0154。,是,保持当前服务稳定性,,,,,,,,,,,,,,,,,,,,,,,,,,,,,,,,,,,,,,,,,,,,,
155,txwj_ans_000155,腾讯问卷,满意度与NPS售后回访问卷,月度满意度回访,短信链接,2026-05-16 14:35:00,295秒,iOS,西安,txwj_user_0155,177****0155,陕A-MK155,LFAKE000000000155,是,mock-after-sales-v1,满意度/NPS型,19,西安,西安曲江服务中心,到店服务,4,8,是,未询问,这次从预约到交付都比较顺，工作人员态度也很好。值得复用的点是服务态度。这次我在西安西安曲江服务中心，时间是周末上午，希望结果更可追溯。我主要关注服务顾问口径。样本号 MOCK-0155。,是,,,,,,,,,,,,,,,,,服务态度/响应速度/结果可信,交付说明,暂无明显不满意环节,4,4,4,是,这次从预约到交付都比较顺，工作人员态度也很好。值得复用的点是服务态度。这次我在西安西安曲江服务中心，时间是周末上午，希望结果更可追溯。我主要关注服务顾问口径。样本号 MOCK-0155。,是,保持当前服务稳定性,,,,,,,,,,,,,,,,,,,,,,,,,,,,,,,,,,,,,,,,,,,,,
156,txwj_ans_000156,腾讯问卷,满意度与NPS售后回访问卷,区域服务体验追踪,企微,2026-05-19 11:48:00,72秒,PC,上海,txwj_user_0156,138****0156,沪A-DM0156,LFAKE000000000156,是,mock-after-sales-v1,满意度/NPS型,19,上海,上海浦东服务中心,移动服务,3,8,不确定,拒绝联系,整体还可以，但有些流程提醒不够清楚，所以推荐意愿一般。后续可继续观察充电排队。这次我在上海上海浦东服务中心，时间是周末傍晚，希望服务口径一致。我主要关注预约变更提醒。样本号 MOCK-0156。,是,,,,,,,,,,,,,,,,,服务态度/响应速度/结果可信,响应速度,充电排队、费用理解,3,3,3,差不多,整体还可以，但有些流程提醒不够清楚，所以推荐意愿一般。后续可继续观察充电排队。这次我在上海上海浦东服务中心，时间是周末傍晚，希望服务口径一致。我主要关注预约变更提醒。样本号 MOCK-0156。,不确定,保持当前服务稳定性,,,,,,,,,,,,,,,,,,,,,,,,,,,,,,,,,,,,,,,,,,,,,
157,txwj_ans_000157,App内问卷,满意度与NPS售后回访问卷,服务口碑NPS复盘,小程序,2026-05-22 18:01:00,89秒,iOS,青岛,txwj_user_0157,139****0157,鲁B-MK157,LFAKE000000000157,是,mock-after-sales-v1,满意度/NPS型,19,青岛,青岛市北服务中心,补能体验,3,7,是,拒绝联系,服务结果没问题，等待时间略长，体验没有明显惊喜。后续可继续观察权益感知。这次我在青岛青岛市北服务中心，时间是节前高峰，希望减少等待。我主要关注费用和权益解释。样本号 MOCK-0157。,是,,,,,,,,,,,,,,,,,服务态度/响应速度/结果可信,服务态度,权益感知、社群反馈,3,3,3,差不多,服务结果没问题，等待时间略长，体验没有明显惊喜。后续可继续观察权益感知。这次我在青岛青岛市北服务中心，时间是节前高峰，希望减少等待。我主要关注费用和权益解释。样本号 MOCK-0157。,不确定,保持当前服务稳定性,,,,,,,,,,,,,,,,,,,,,,,,,,,,,,,,,,,,,,,,,,,,,
158,txwj_ans_000158,App内问卷,满意度与NPS售后回访问卷,月度满意度回访,服务顾问代录,2026-05-25 15:14:00,106秒,PC,西安,txwj_user_0158,136****0158,陕A-MK158,LFAKE000000000158,是,mock-after-sales-v1,满意度/NPS型,19,西安,西安曲江服务中心,App/OTA,3,8,是,拒绝联系,满意度中等，主要是沟通效率还有提升空间。后续可继续观察服务态度。这次我在西安西安曲江服务中心，时间是雨天到店，希望后续有人回访。我主要关注问题复核安排。样本号 MOCK-0158。,是,,,,,,,,,,,,,,,,,服务态度/响应速度/结果可信,维修结果,服务态度、服务解释,3,3,3,差不多,满意度中等，主要是沟通效率还有提升空间。后续可继续观察服务态度。这次我在西安西安曲江服务中心，时间是雨天到店，希望后续有人回访。我主要关注问题复核安排。样本号 MOCK-0158。,不确定,保持当前服务稳定性,,,,,,,,,,,,,,,,,,,,,,,,,,,,,,,,,,,,,,,,,,,,,
159,txwj_ans_000159,短信链接,满意度与NPS售后回访问卷,区域服务体验追踪,App,2026-05-28 12:27:00,123秒,iOS,上海,txwj_user_0159,135****0159,沪A-MK159,LFAKE000000000159,是,mock-after-sales-v1,满意度/NPS型,19,上海,上海浦东服务中心,活动/社群,3,7,不确定,拒绝联系,整体还可以，但有些流程提醒不够清楚，所以推荐意愿一般。后续可继续观察充电排队。这次我在上海上海浦东服务中心，时间是下班后，希望解释更直接。我主要关注跨渠道信息一致性。样本号 MOCK-0159。,是,,,,,,,,,,,,,,,,,服务态度/响应速度/结果可信,交付说明,充电排队、费用理解,3,3,3,差不多,整体还可以，但有些流程提醒不够清楚，所以推荐意愿一般。后续可继续观察充电排队。这次我在上海上海浦东服务中心，时间是下班后，希望解释更直接。我主要关注跨渠道信息一致性。样本号 MOCK-0159。,不确定,保持当前服务稳定性,,,,,,,,,,,,,,,,,,,,,,,,,,,,,,,,,,,,,,,,,,,,,
160,txwj_ans_000160,企微链接,满意度与NPS售后回访问卷,服务口碑NPS复盘,短信链接,2026-05-31 09:40:00,140秒,PC,青岛,txwj_user_0160,188****0160,鲁B-DM0160,LFAKE000000000160,是,mock-after-sales-v1,满意度/NPS型,19,青岛,青岛市北服务中心,到店服务,3,8,是,已授权联系,服务结果没问题，等待时间略长，体验没有明显惊喜。后续可继续观察权益感知。这次我在青岛青岛市北服务中心，时间是午休时段，希望线上状态更准确。我主要关注首次响应。样本号 MOCK-0160。,是,,,,,,,,,,,,,,,,,服务态度/响应速度/结果可信,响应速度,权益感知、社群反馈,3,3,3,差不多,服务结果没问题，等待时间略长，体验没有明显惊喜。后续可继续观察权益感知。这次我在青岛青岛市北服务中心，时间是午休时段，希望线上状态更准确。我主要关注首次响应。样本号 MOCK-0160。,不确定,保持当前服务稳定性,,,,,,,,,,,,,,,,,,,,,,,,,,,,,,,,,,,,,,,,,,,,,
161,txwj_ans_000161,问卷星,满意度与NPS售后回访问卷,月度满意度回访,企微,2026-06-03 16:53:00,157秒,iOS,西安,txwj_user_0161,177****0161,陕A-MK161,LFAKE000000000161,是,mock-after-sales-v1,满意度/NPS型,19,西安,西安曲江服务中心,移动服务,2,5,否,拒绝联系,服务中心回复慢，问题没有一次讲明白，我不太愿意推荐。主要集中在服务态度、服务解释。这次我在西安西安曲江服务中心，时间是活动结束后，希望提前同步进度。我主要关注交付前说明。样本号 MOCK-0161。,是,,,,,,,,,,,,,,,,,等待时间/解释不清/处理结果,暂无明显满意环节,服务态度、服务解释,2,1,2,否,服务中心回复慢，问题没有一次讲明白，我不太愿意推荐。主要集中在服务态度、服务解释。这次我在西安西安曲江服务中心，时间是活动结束后，希望提前同步进度。我主要关注交付前说明。样本号 MOCK-0161。,否,优先改进服务态度,,,,,,,,,,,,,,,,,,,,,,,,,,,,,,,,,,,,,,,,,,,,,
162,txwj_ans_000162,问卷星,满意度与NPS售后回访问卷,区域服务体验追踪,小程序,2026-06-06 13:06:00,174秒,PC,上海,txwj_user_0162,138****0162,沪A-MK162,LFAKE000000000162,是,mock-after-sales-v1,满意度/NPS型,19,上海,上海浦东服务中心,补能体验,2,6,否,已授权联系,这次体验低于预期，等待时间长，问题解释也不够清楚。主要集中在充电排队、费用理解。这次我在上海上海浦东服务中心，时间是工作日上午，希望结果更可追溯。我主要关注线上状态同步。样本号 MOCK-0162。,是,,,,,,,,,,,,,,,,,等待时间/解释不清/处理结果,暂无明显满意环节,充电排队、费用理解,2,1,2,否,这次体验低于预期，等待时间长，问题解释也不够清楚。主要集中在充电排队、费用理解。这次我在上海上海浦东服务中心，时间是工作日上午，希望结果更可追溯。我主要关注线上状态同步。样本号 MOCK-0162。,否,优先改进充电排队,,,,,,,,,,,,,,,,,,,,,,,,,,,,,,,,,,,,,,,,,,,,,
163,txwj_ans_000163,问卷星,满意度与NPS售后回访问卷,服务口碑NPS复盘,服务顾问代录,2026-06-09 10:19:00,191秒,iOS,青岛,txwj_user_0163,139****0163,鲁B-MK163,LFAKE000000000163,是,mock-after-sales-v1,满意度/NPS型,19,青岛,青岛市北服务中心,App/OTA,2,5,否,拒绝联系,推荐意愿不高，主要因为服务结果和沟通都没有让我放心。主要集中在权益感知、社群反馈。这次我在青岛青岛市北服务中心，时间是工作日下午，希望服务口径一致。我主要关注现场等待安排。样本号 MOCK-0163。,是,,,,,,,,,,,,,,,,,等待时间/解释不清/处理结果,暂无明显满意环节,权益感知、社群反馈,2,1,2,否,推荐意愿不高，主要因为服务结果和沟通都没有让我放心。主要集中在权益感知、社群反馈。这次我在青岛青岛市北服务中心，时间是工作日下午，希望服务口径一致。我主要关注现场等待安排。样本号 MOCK-0163。,否,优先改进权益感知,,,,,,,,,,,,,,,,,,,,,,,,,,,,,,,,,,,,,,,,,,,,,
164,txwj_ans_000164,问卷星,满意度与NPS售后回访问卷,月度满意度回访,App,2026-06-12 17:32:00,208秒,PC,西安,txwj_user_0164,136****0164,陕A-DM0164,LFAKE000000000164,是,mock-after-sales-v1,满意度/NPS型,19,西安,西安曲江服务中心,活动/社群,2,6,是,拒绝联系,服务中心回复慢，问题没有一次讲明白，我不太愿意推荐。主要集中在服务态度、服务解释。这次我在西安西安曲江服务中心，时间是周末上午，希望减少等待。我主要关注后续闭环动作。样本号 MOCK-0164。,是,,,,,,,,,,,,,,,,,等待时间/解释不清/处理结果,暂无明显满意环节,服务态度、服务解释,2,1,2,否,服务中心回复慢，问题没有一次讲明白，我不太愿意推荐。主要集中在服务态度、服务解释。这次我在西安西安曲江服务中心，时间是周末上午，希望减少等待。我主要关注后续闭环动作。样本号 MOCK-0164。,否,优先改进服务态度,,,,,,,,,,,,,,,,,,,,,,,,,,,,,,,,,,,,,,,,,,,,,
165,txwj_ans_000165,问卷星,满意度与NPS售后回访问卷,区域服务体验追踪,短信链接,2026-05-01 14:45:00,225秒,iOS,上海,txwj_user_0165,135****0165,沪A-MK165,LFAKE000000000165,是,mock-after-sales-v1,满意度/NPS型,19,上海,上海浦东服务中心,到店服务,2,5,否,已授权联系,这次体验低于预期，等待时间长，问题解释也不够清楚。主要集中在充电排队、费用理解。这次我在上海上海浦东服务中心，时间是周末傍晚，希望后续有人回访。我主要关注服务顾问口径。样本号 MOCK-0165。,是,,,,,,,,,,,,,,,,,等待时间/解释不清/处理结果,暂无明显满意环节,充电排队、费用理解,2,1,2,否,这次体验低于预期，等待时间长，问题解释也不够清楚。主要集中在充电排队、费用理解。这次我在上海上海浦东服务中心，时间是周末傍晚，希望后续有人回访。我主要关注服务顾问口径。样本号 MOCK-0165。,否,优先改进充电排队,,,,,,,,,,,,,,,,,,,,,,,,,,,,,,,,,,,,,,,,,,,,,
166,txwj_ans_000166,问卷星,满意度与NPS售后回访问卷,服务口碑NPS复盘,企微,2026-05-04 11:58:00,242秒,PC,青岛,txwj_user_0166,188****0166,鲁B-MK166,LFAKE000000000166,是,mock-after-sales-v1,满意度/NPS型,19,青岛,青岛市北服务中心,移动服务,2,6,否,拒绝联系,推荐意愿不高，主要因为服务结果和沟通都没有让我放心。主要集中在权益感知、社群反馈。这次我在青岛青岛市北服务中心，时间是节前高峰，希望解释更直接。我主要关注预约变更提醒。样本号 MOCK-0166。,是,,,,,,,,,,,,,,,,,等待时间/解释不清/处理结果,暂无明显满意环节,权益感知、社群反馈,2,1,2,否,推荐意愿不高，主要因为服务结果和沟通都没有让我放心。主要集中在权益感知、社群反馈。这次我在青岛青岛市北服务中心，时间是节前高峰，希望解释更直接。我主要关注预约变更提醒。样本号 MOCK-0166。,否,优先改进权益感知,,,,,,,,,,,,,,,,,,,,,,,,,,,,,,,,,,,,,,,,,,,,,
167,txwj_ans_000167,问卷星,满意度与NPS售后回访问卷,月度满意度回访,小程序,2026-05-07 18:11:00,259秒,iOS,西安,txwj_user_0167,177****0167,陕A-MK167,LFAKE000000000167,是,mock-after-sales-v1,满意度/NPS型,19,西安,西安曲江服务中心,补能体验,1,3,否,拒绝联系,服务中心回复慢，问题没有一次讲明白，我不太愿意推荐。主要集中在服务态度、服务解释。这次我在西安西安曲江服务中心，时间是雨天到店，希望线上状态更准确。我主要关注费用和权益解释。样本号 MOCK-0167。,是,,,,,,,,,,,,,,,,,等待时间/解释不清/处理结果,暂无明显满意环节,服务态度、服务解释,1,1,1,否,服务中心回复慢，问题没有一次讲明白，我不太愿意推荐。主要集中在服务态度、服务解释。这次我在西安西安曲江服务中心，时间是雨天到店，希望线上状态更准确。我主要关注费用和权益解释。样本号 MOCK-0167。,否,优先改进服务态度,,,,,,,,,,,,,,,,,,,,,,,,,,,,,,,,,,,,,,,,,,,,,
168,txwj_ans_000168,问卷星,满意度与NPS售后回访问卷,区域服务体验追踪,服务顾问代录,2026-05-10 15:24:00,276秒,PC,上海,txwj_user_0168,138****0168,沪A-DM0168,LFAKE000000000168,是,mock-after-sales-v1,满意度/NPS型,19,上海,上海浦东服务中心,App/OTA,1,4,是,已授权联系,这次体验低于预期，等待时间长，问题解释也不够清楚。主要集中在充电排队、费用理解。这次我在上海上海浦东服务中心，时间是下班后，希望提前同步进度。我主要关注问题复核安排。样本号 MOCK-0168。,是,,,,,,,,,,,,,,,,,等待时间/解释不清/处理结果,暂无明显满意环节,充电排队、费用理解,1,1,1,否,这次体验低于预期，等待时间长，问题解释也不够清楚。主要集中在充电排队、费用理解。这次我在上海上海浦东服务中心，时间是下班后，希望提前同步进度。我主要关注问题复核安排。样本号 MOCK-0168。,否,优先改进充电排队,,,,,,,,,,,,,,,,,,,,,,,,,,,,,,,,,,,,,,,,,,,,,
169,txwj_ans_000169,问卷星,满意度与NPS售后回访问卷,服务口碑NPS复盘,App,2026-05-13 12:37:00,293秒,iOS,青岛,txwj_user_0169,139****0169,鲁B-MK169,LFAKE000000000169,是,mock-after-sales-v1,满意度/NPS型,19,青岛,青岛市北服务中心,活动/社群,1,3,否,拒绝联系,推荐意愿不高，主要因为服务结果和沟通都没有让我放心。主要集中在权益感知、社群反馈。这次我在青岛青岛市北服务中心，时间是午休时段，希望结果更可追溯。我主要关注跨渠道信息一致性。样本号 MOCK-0169。,是,,,,,,,,,,,,,,,,,等待时间/解释不清/处理结果,暂无明显满意环节,权益感知、社群反馈,1,1,1,否,推荐意愿不高，主要因为服务结果和沟通都没有让我放心。主要集中在权益感知、社群反馈。这次我在青岛青岛市北服务中心，时间是午休时段，希望结果更可追溯。我主要关注跨渠道信息一致性。样本号 MOCK-0169。,否,优先改进权益感知,,,,,,,,,,,,,,,,,,,,,,,,,,,,,,,,,,,,,,,,,,,,,
170,txwj_ans_000170,腾讯问卷,满意度与NPS售后回访问卷,月度满意度回访,短信链接,2026-05-16 09:50:00,70秒,PC,西安,txwj_user_0170,136****0170,陕A-MK170,LFAKE000000000170,是,mock-after-sales-v1,满意度/NPS型,19,西安,西安曲江服务中心,到店服务,4,8,是,未询问,这次从预约到交付都比较顺，工作人员态度也很好。值得复用的点是服务态度。这次我在西安西安曲江服务中心，时间是活动结束后，希望服务口径一致。我主要关注首次响应。样本号 MOCK-0170。,是,,,,,,,,,,,,,,,,,服务态度/响应速度/结果可信,维修结果,暂无明显不满意环节,4,4,4,是,这次从预约到交付都比较顺，工作人员态度也很好。值得复用的点是服务态度。这次我在西安西安曲江服务中心，时间是活动结束后，希望服务口径一致。我主要关注首次响应。样本号 MOCK-0170。,是,保持当前服务稳定性,,,,,,,,,,,,,,,,,,,,,,,,,,,,,,,,,,,,,,,,,,,,,
171,txwj_ans_000171,腾讯问卷,满意度与NPS售后回访问卷,区域服务体验追踪,企微,2026-05-19 16:03:00,87秒,iOS,上海,txwj_user_0171,135****0171,沪A-MK171,LFAKE000000000171,是,mock-after-sales-v1,满意度/NPS型,19,上海,上海浦东服务中心,移动服务,5,9,是,拒绝联系,整体体验比上次好，接待主动，问题解释清楚，所以愿意推荐。值得复用的点是充电排队。这次我在上海上海浦东服务中心，时间是工作日上午，希望减少等待。我主要关注交付前说明。样本号 MOCK-0171。,是,,,,,,,,,,,,,,,,,服务态度/响应速度/结果可信,交付说明,暂无明显不满意环节,5,5,5,是,整体体验比上次好，接待主动，问题解释清楚，所以愿意推荐。值得复用的点是充电排队。这次我在上海上海浦东服务中心，时间是工作日上午，希望减少等待。我主要关注交付前说明。样本号 MOCK-0171。,是,保持当前服务稳定性,,,,,,,,,,,,,,,,,,,,,,,,,,,,,,,,,,,,,,,,,,,,,
172,txwj_ans_000172,腾讯问卷,满意度与NPS售后回访问卷,服务口碑NPS复盘,小程序,2026-05-22 13:16:00,104秒,PC,青岛,txwj_user_0172,188****0172,鲁B-DM0172,LFAKE000000000172,是,mock-after-sales-v1,满意度/NPS型,19,青岛,青岛市北服务中心,补能体验,4,8,是,拒绝联系,服务中心响应很快，过程透明，最后结果也符合预期。值得复用的点是权益感知。这次我在青岛青岛市北服务中心，时间是工作日下午，希望后续有人回访。我主要关注线上状态同步。样本号 MOCK-0172。,是,,,,,,,,,,,,,,,,,服务态度/响应速度/结果可信,响应速度,暂无明显不满意环节,4,4,4,是,服务中心响应很快，过程透明，最后结果也符合预期。值得复用的点是权益感知。这次我在青岛青岛市北服务中心，时间是工作日下午，希望后续有人回访。我主要关注线上状态同步。样本号 MOCK-0172。,是,保持当前服务稳定性,,,,,,,,,,,,,,,,,,,,,,,,,,,,,,,,,,,,,,,,,,,,,
173,txwj_ans_000173,腾讯问卷,满意度与NPS售后回访问卷,月度满意度回访,服务顾问代录,2026-05-25 10:29:00,121秒,iOS,西安,txwj_user_0173,177****0173,陕A-MK173,LFAKE000000000173,是,mock-after-sales-v1,满意度/NPS型,19,西安,西安曲江服务中心,App/OTA,4,8,是,拒绝联系,这次从预约到交付都比较顺，工作人员态度也很好。值得复用的点是服务态度。这次我在西安西安曲江服务中心，时间是周末上午，希望解释更直接。我主要关注现场等待安排。样本号 MOCK-0173。,是,,,,,,,,,,,,,,,,,服务态度/响应速度/结果可信,服务态度,暂无明显不满意环节,4,4,4,是,这次从预约到交付都比较顺，工作人员态度也很好。值得复用的点是服务态度。这次我在西安西安曲江服务中心，时间是周末上午，希望解释更直接。我主要关注现场等待安排。样本号 MOCK-0173。,是,保持当前服务稳定性,,,,,,,,,,,,,,,,,,,,,,,,,,,,,,,,,,,,,,,,,,,,,
174,txwj_ans_000174,腾讯问卷,满意度与NPS售后回访问卷,区域服务体验追踪,App,2026-05-28 17:42:00,138秒,PC,上海,txwj_user_0174,138****0174,沪A-MK174,LFAKE000000000174,是,mock-after-sales-v1,满意度/NPS型,19,上海,上海浦东服务中心,活动/社群,5,10,是,拒绝联系,整体体验比上次好，接待主动，问题解释清楚，所以愿意推荐。值得复用的点是充电排队。这次我在上海上海浦东服务中心，时间是周末傍晚，希望线上状态更准确。我主要关注后续闭环动作。样本号 MOCK-0174。,是,,,,,,,,,,,,,,,,,服务态度/响应速度/结果可信,维修结果,暂无明显不满意环节,5,5,5,是,整体体验比上次好，接待主动，问题解释清楚，所以愿意推荐。值得复用的点是充电排队。这次我在上海上海浦东服务中心，时间是周末傍晚，希望线上状态更准确。我主要关注后续闭环动作。样本号 MOCK-0174。,是,保持当前服务稳定性,,,,,,,,,,,,,,,,,,,,,,,,,,,,,,,,,,,,,,,,,,,,,
175,txwj_ans_000175,腾讯问卷,满意度与NPS售后回访问卷,服务口碑NPS复盘,短信链接,2026-05-31 14:55:00,155秒,iOS,青岛,txwj_user_0175,139****0175,鲁B-MK175,LFAKE000000000175,是,mock-after-sales-v1,满意度/NPS型,19,青岛,青岛市北服务中心,到店服务,4,8,是,未询问,服务中心响应很快，过程透明，最后结果也符合预期。值得复用的点是权益感知。这次我在青岛青岛市北服务中心，时间是节前高峰，希望提前同步进度。我主要关注服务顾问口径。样本号 MOCK-0175。,是,,,,,,,,,,,,,,,,,服务态度/响应速度/结果可信,交付说明,暂无明显不满意环节,4,4,4,是,服务中心响应很快，过程透明，最后结果也符合预期。值得复用的点是权益感知。这次我在青岛青岛市北服务中心，时间是节前高峰，希望提前同步进度。我主要关注服务顾问口径。样本号 MOCK-0175。,是,保持当前服务稳定性,,,,,,,,,,,,,,,,,,,,,,,,,,,,,,,,,,,,,,,,,,,,,
176,txwj_ans_000176,腾讯问卷,满意度与NPS售后回访问卷,月度满意度回访,企微,2026-06-03 11:08:00,172秒,PC,西安,txwj_user_0176,136****0176,陕A-DM0176,LFAKE000000000176,是,mock-after-sales-v1,满意度/NPS型,19,西安,西安曲江服务中心,移动服务,3,8,是,已授权联系,满意度中等，主要是沟通效率还有提升空间。后续可继续观察服务态度。这次我在西安西安曲江服务中心，时间是雨天到店，希望结果更可追溯。我主要关注预约变更提醒。样本号 MOCK-0176。,是,,,,,,,,,,,,,,,,,服务态度/响应速度/结果可信,响应速度,服务态度、服务解释,3,3,3,差不多,满意度中等，主要是沟通效率还有提升空间。后续可继续观察服务态度。这次我在西安西安曲江服务中心，时间是雨天到店，希望结果更可追溯。我主要关注预约变更提醒。样本号 MOCK-0176。,不确定,保持当前服务稳定性,,,,,,,,,,,,,,,,,,,,,,,,,,,,,,,,,,,,,,,,,,,,,
177,txwj_ans_000177,App内问卷,满意度与NPS售后回访问卷,区域服务体验追踪,小程序,2026-06-06 18:21:00,189秒,iOS,上海,txwj_user_0177,135****0177,沪A-MK177,LFAKE000000000177,是,mock-after-sales-v1,满意度/NPS型,19,上海,上海浦东服务中心,补能体验,3,7,不确定,拒绝联系,整体还可以，但有些流程提醒不够清楚，所以推荐意愿一般。后续可继续观察充电排队。这次我在上海上海浦东服务中心，时间是下班后，希望服务口径一致。我主要关注费用和权益解释。样本号 MOCK-0177。,是,,,,,,,,,,,,,,,,,服务态度/响应速度/结果可信,服务态度,充电排队、费用理解,3,3,3,差不多,整体还可以，但有些流程提醒不够清楚，所以推荐意愿一般。后续可继续观察充电排队。这次我在上海上海浦东服务中心，时间是下班后，希望服务口径一致。我主要关注费用和权益解释。样本号 MOCK-0177。,不确定,保持当前服务稳定性,,,,,,,,,,,,,,,,,,,,,,,,,,,,,,,,,,,,,,,,,,,,,
178,txwj_ans_000178,App内问卷,满意度与NPS售后回访问卷,服务口碑NPS复盘,服务顾问代录,2026-06-09 15:34:00,206秒,PC,青岛,txwj_user_0178,188****0178,鲁B-MK178,LFAKE000000000178,是,mock-after-sales-v1,满意度/NPS型,19,青岛,青岛市北服务中心,App/OTA,3,8,是,拒绝联系,服务结果没问题，等待时间略长，体验没有明显惊喜。后续可继续观察权益感知。这次我在青岛青岛市北服务中心，时间是午休时段，希望减少等待。我主要关注问题复核安排。样本号 MOCK-0178。,是,,,,,,,,,,,,,,,,,服务态度/响应速度/结果可信,维修结果,权益感知、社群反馈,3,3,3,差不多,服务结果没问题，等待时间略长，体验没有明显惊喜。后续可继续观察权益感知。这次我在青岛青岛市北服务中心，时间是午休时段，希望减少等待。我主要关注问题复核安排。样本号 MOCK-0178。,不确定,保持当前服务稳定性,,,,,,,,,,,,,,,,,,,,,,,,,,,,,,,,,,,,,,,,,,,,,
179,txwj_ans_000179,短信链接,满意度与NPS售后回访问卷,月度满意度回访,App,2026-06-12 12:47:00,223秒,iOS,西安,txwj_user_0179,177****0179,陕A-MK179,LFAKE000000000179,是,mock-after-sales-v1,满意度/NPS型,19,西安,西安曲江服务中心,活动/社群,3,7,是,拒绝联系,满意度中等，主要是沟通效率还有提升空间。后续可继续观察服务态度。这次我在西安西安曲江服务中心，时间是活动结束后，希望后续有人回访。我主要关注跨渠道信息一致性。样本号 MOCK-0179。,是,,,,,,,,,,,,,,,,,服务态度/响应速度/结果可信,交付说明,服务态度、服务解释,3,3,3,差不多,满意度中等，主要是沟通效率还有提升空间。后续可继续观察服务态度。这次我在西安西安曲江服务中心，时间是活动结束后，希望后续有人回访。我主要关注跨渠道信息一致性。样本号 MOCK-0179。,不确定,保持当前服务稳定性,,,,,,,,,,,,,,,,,,,,,,,,,,,,,,,,,,,,,,,,,,,,,
180,txwj_ans_000180,企微链接,满意度与NPS售后回访问卷,区域服务体验追踪,短信链接,2026-05-01 09:00:00,240秒,PC,上海,txwj_user_0180,138****0180,沪A-DM0180,LFAKE000000000180,是,mock-after-sales-v1,满意度/NPS型,19,上海,上海浦东服务中心,到店服务,3,8,不确定,未询问,整体还可以，但有些流程提醒不够清楚，所以推荐意愿一般。后续可继续观察充电排队。这次我在上海上海浦东服务中心，时间是工作日上午，希望解释更直接。我主要关注首次响应。样本号 MOCK-0180。,是,,,,,,,,,,,,,,,,,服务态度/响应速度/结果可信,响应速度,充电排队、费用理解,3,3,3,差不多,整体还可以，但有些流程提醒不够清楚，所以推荐意愿一般。后续可继续观察充电排队。这次我在上海上海浦东服务中心，时间是工作日上午，希望解释更直接。我主要关注首次响应。样本号 MOCK-0180。,不确定,保持当前服务稳定性,,,,,,,,,,,,,,,,,,,,,,,,,,,,,,,,,,,,,,,,,,,,,
181,txwj_ans_000181,问卷星,满意度与NPS售后回访问卷,服务口碑NPS复盘,企微,2026-05-04 16:13:00,257秒,iOS,青岛,txwj_user_0181,139****0181,鲁B-MK181,LFAKE000000000181,是,mock-after-sales-v1,满意度/NPS型,19,青岛,青岛市北服务中心,移动服务,2,5,否,拒绝联系,推荐意愿不高，主要因为服务结果和沟通都没有让我放心。主要集中在权益感知、社群反馈。这次我在青岛青岛市北服务中心，时间是工作日下午，希望线上状态更准确。我主要关注交付前说明。样本号 MOCK-0181。,是,,,,,,,,,,,,,,,,,等待时间/解释不清/处理结果,暂无明显满意环节,权益感知、社群反馈,2,1,2,否,推荐意愿不高，主要因为服务结果和沟通都没有让我放心。主要集中在权益感知、社群反馈。这次我在青岛青岛市北服务中心，时间是工作日下午，希望线上状态更准确。我主要关注交付前说明。样本号 MOCK-0181。,否,优先改进权益感知,,,,,,,,,,,,,,,,,,,,,,,,,,,,,,,,,,,,,,,,,,,,,
182,txwj_ans_000182,问卷星,满意度与NPS售后回访问卷,月度满意度回访,小程序,2026-05-07 13:26:00,274秒,PC,西安,txwj_user_0182,136****0182,陕A-MK182,LFAKE000000000182,是,mock-after-sales-v1,满意度/NPS型,19,西安,西安曲江服务中心,补能体验,2,6,否,拒绝联系,服务中心回复慢，问题没有一次讲明白，我不太愿意推荐。主要集中在服务态度、服务解释。这次我在西安西安曲江服务中心，时间是周末上午，希望提前同步进度。我主要关注线上状态同步。样本号 MOCK-0182。,是,,,,,,,,,,,,,,,,,等待时间/解释不清/处理结果,暂无明显满意环节,服务态度、服务解释,2,1,2,否,服务中心回复慢，问题没有一次讲明白，我不太愿意推荐。主要集中在服务态度、服务解释。这次我在西安西安曲江服务中心，时间是周末上午，希望提前同步进度。我主要关注线上状态同步。样本号 MOCK-0182。,否,优先改进服务态度,,,,,,,,,,,,,,,,,,,,,,,,,,,,,,,,,,,,,,,,,,,,,
183,txwj_ans_000183,问卷星,满意度与NPS售后回访问卷,区域服务体验追踪,服务顾问代录,2026-05-10 10:39:00,291秒,iOS,上海,txwj_user_0183,135****0183,沪A-MK183,LFAKE000000000183,是,mock-after-sales-v1,满意度/NPS型,19,上海,上海浦东服务中心,App/OTA,2,5,否,已授权联系,这次体验低于预期，等待时间长，问题解释也不够清楚。主要集中在充电排队、费用理解。这次我在上海上海浦东服务中心，时间是周末傍晚，希望结果更可追溯。我主要关注现场等待安排。样本号 MOCK-0183。,是,,,,,,,,,,,,,,,,,等待时间/解释不清/处理结果,暂无明显满意环节,充电排队、费用理解,2,1,2,否,这次体验低于预期，等待时间长，问题解释也不够清楚。主要集中在充电排队、费用理解。这次我在上海上海浦东服务中心，时间是周末傍晚，希望结果更可追溯。我主要关注现场等待安排。样本号 MOCK-0183。,否,优先改进充电排队,,,,,,,,,,,,,,,,,,,,,,,,,,,,,,,,,,,,,,,,,,,,,
184,txwj_ans_000184,问卷星,满意度与NPS售后回访问卷,服务口碑NPS复盘,App,2026-05-13 17:52:00,68秒,PC,青岛,txwj_user_0184,188****0184,鲁B-DM0184,LFAKE000000000184,是,mock-after-sales-v1,满意度/NPS型,19,青岛,青岛市北服务中心,活动/社群,2,6,是,拒绝联系,推荐意愿不高，主要因为服务结果和沟通都没有让我放心。主要集中在权益感知、社群反馈。这次我在青岛青岛市北服务中心，时间是节前高峰，希望服务口径一致。我主要关注后续闭环动作。样本号 MOCK-0184。,是,,,,,,,,,,,,,,,,,等待时间/解释不清/处理结果,暂无明显满意环节,权益感知、社群反馈,2,1,2,否,推荐意愿不高，主要因为服务结果和沟通都没有让我放心。主要集中在权益感知、社群反馈。这次我在青岛青岛市北服务中心，时间是节前高峰，希望服务口径一致。我主要关注后续闭环动作。样本号 MOCK-0184。,否,优先改进权益感知,,,,,,,,,,,,,,,,,,,,,,,,,,,,,,,,,,,,,,,,,,,,,
185,txwj_ans_000185,问卷星,满意度与NPS售后回访问卷,月度满意度回访,短信链接,2026-05-16 14:05:00,85秒,iOS,西安,txwj_user_0185,177****0185,陕A-MK185,LFAKE000000000185,是,mock-after-sales-v1,满意度/NPS型,19,西安,西安曲江服务中心,到店服务,2,5,否,未询问,服务中心回复慢，问题没有一次讲明白，我不太愿意推荐。主要集中在服务态度、服务解释。这次我在西安西安曲江服务中心，时间是雨天到店，希望减少等待。我主要关注服务顾问口径。样本号 MOCK-0185。,是,,,,,,,,,,,,,,,,,等待时间/解释不清/处理结果,暂无明显满意环节,服务态度、服务解释,2,1,2,否,服务中心回复慢，问题没有一次讲明白，我不太愿意推荐。主要集中在服务态度、服务解释。这次我在西安西安曲江服务中心，时间是雨天到店，希望减少等待。我主要关注服务顾问口径。样本号 MOCK-0185。,否,优先改进服务态度,,,,,,,,,,,,,,,,,,,,,,,,,,,,,,,,,,,,,,,,,,,,,
186,txwj_ans_000186,问卷星,满意度与NPS售后回访问卷,区域服务体验追踪,企微,2026-05-19 11:18:00,102秒,PC,上海,txwj_user_0186,138****0186,沪A-MK186,LFAKE000000000186,是,mock-after-sales-v1,满意度/NPS型,19,上海,上海浦东服务中心,移动服务,2,6,否,已授权联系,这次体验低于预期，等待时间长，问题解释也不够清楚。主要集中在充电排队、费用理解。这次我在上海上海浦东服务中心，时间是下班后，希望后续有人回访。我主要关注预约变更提醒。样本号 MOCK-0186。,是,,,,,,,,,,,,,,,,,等待时间/解释不清/处理结果,暂无明显满意环节,充电排队、费用理解,2,1,2,否,这次体验低于预期，等待时间长，问题解释也不够清楚。主要集中在充电排队、费用理解。这次我在上海上海浦东服务中心，时间是下班后，希望后续有人回访。我主要关注预约变更提醒。样本号 MOCK-0186。,否,优先改进充电排队,,,,,,,,,,,,,,,,,,,,,,,,,,,,,,,,,,,,,,,,,,,,,
187,txwj_ans_000187,问卷星,满意度与NPS售后回访问卷,服务口碑NPS复盘,小程序,2026-05-22 18:31:00,119秒,iOS,青岛,txwj_user_0187,139****0187,鲁B-MK187,LFAKE000000000187,是,mock-after-sales-v1,满意度/NPS型,19,青岛,青岛市北服务中心,补能体验,1,3,否,拒绝联系,推荐意愿不高，主要因为服务结果和沟通都没有让我放心。主要集中在权益感知、社群反馈。这次我在青岛青岛市北服务中心，时间是午休时段，希望解释更直接。我主要关注费用和权益解释。样本号 MOCK-0187。,是,,,,,,,,,,,,,,,,,等待时间/解释不清/处理结果,暂无明显满意环节,权益感知、社群反馈,1,1,1,否,推荐意愿不高，主要因为服务结果和沟通都没有让我放心。主要集中在权益感知、社群反馈。这次我在青岛青岛市北服务中心，时间是午休时段，希望解释更直接。我主要关注费用和权益解释。样本号 MOCK-0187。,否,优先改进权益感知,,,,,,,,,,,,,,,,,,,,,,,,,,,,,,,,,,,,,,,,,,,,,
188,txwj_ans_000188,问卷星,满意度与NPS售后回访问卷,月度满意度回访,服务顾问代录,2026-05-25 15:44:00,136秒,PC,西安,txwj_user_0188,136****0188,陕A-DM0188,LFAKE000000000188,是,mock-after-sales-v1,满意度/NPS型,19,西安,西安曲江服务中心,App/OTA,1,4,是,拒绝联系,服务中心回复慢，问题没有一次讲明白，我不太愿意推荐。主要集中在服务态度、服务解释。这次我在西安西安曲江服务中心，时间是活动结束后，希望线上状态更准确。我主要关注问题复核安排。样本号 MOCK-0188。,是,,,,,,,,,,,,,,,,,等待时间/解释不清/处理结果,暂无明显满意环节,服务态度、服务解释,1,1,1,否,服务中心回复慢，问题没有一次讲明白，我不太愿意推荐。主要集中在服务态度、服务解释。这次我在西安西安曲江服务中心，时间是活动结束后，希望线上状态更准确。我主要关注问题复核安排。样本号 MOCK-0188。,否,优先改进服务态度,,,,,,,,,,,,,,,,,,,,,,,,,,,,,,,,,,,,,,,,,,,,,
189,txwj_ans_000189,问卷星,满意度与NPS售后回访问卷,区域服务体验追踪,App,2026-05-28 12:57:00,153秒,iOS,上海,txwj_user_0189,135****0189,沪A-MK189,LFAKE000000000189,是,mock-after-sales-v1,满意度/NPS型,19,上海,上海浦东服务中心,活动/社群,1,3,否,已授权联系,这次体验低于预期，等待时间长，问题解释也不够清楚。主要集中在充电排队、费用理解。这次我在上海上海浦东服务中心，时间是工作日上午，希望提前同步进度。我主要关注跨渠道信息一致性。样本号 MOCK-0189。,是,,,,,,,,,,,,,,,,,等待时间/解释不清/处理结果,暂无明显满意环节,充电排队、费用理解,1,1,1,否,这次体验低于预期，等待时间长，问题解释也不够清楚。主要集中在充电排队、费用理解。这次我在上海上海浦东服务中心，时间是工作日上午，希望提前同步进度。我主要关注跨渠道信息一致性。样本号 MOCK-0189。,否,优先改进充电排队,,,,,,,,,,,,,,,,,,,,,,,,,,,,,,,,,,,,,,,,,,,,,
190,txwj_ans_000190,腾讯问卷,满意度与NPS售后回访问卷,服务口碑NPS复盘,短信链接,2026-05-31 09:10:00,170秒,PC,青岛,txwj_user_0190,188****0190,鲁B-MK190,LFAKE000000000190,是,mock-after-sales-v1,满意度/NPS型,19,青岛,青岛市北服务中心,到店服务,4,8,是,未询问,服务中心响应很快，过程透明，最后结果也符合预期。值得复用的点是权益感知。这次我在青岛青岛市北服务中心，时间是工作日下午，希望结果更可追溯。我主要关注首次响应。样本号 MOCK-0190。,是,,,,,,,,,,,,,,,,,服务态度/响应速度/结果可信,维修结果,暂无明显不满意环节,4,4,4,是,服务中心响应很快，过程透明，最后结果也符合预期。值得复用的点是权益感知。这次我在青岛青岛市北服务中心，时间是工作日下午，希望结果更可追溯。我主要关注首次响应。样本号 MOCK-0190。,是,保持当前服务稳定性,,,,,,,,,,,,,,,,,,,,,,,,,,,,,,,,,,,,,,,,,,,,,
191,txwj_ans_000191,腾讯问卷,满意度与NPS售后回访问卷,月度满意度回访,企微,2026-06-03 16:23:00,187秒,iOS,西安,txwj_user_0191,177****0191,陕A-MK191,LFAKE000000000191,是,mock-after-sales-v1,满意度/NPS型,19,西安,西安曲江服务中心,移动服务,4,8,是,拒绝联系,这次从预约到交付都比较顺，工作人员态度也很好。值得复用的点是服务态度。这次我在西安西安曲江服务中心，时间是周末上午，希望服务口径一致。我主要关注交付前说明。样本号 MOCK-0191。,是,,,,,,,,,,,,,,,,,服务态度/响应速度/结果可信,交付说明,暂无明显不满意环节,4,4,4,是,这次从预约到交付都比较顺，工作人员态度也很好。值得复用的点是服务态度。这次我在西安西安曲江服务中心，时间是周末上午，希望服务口径一致。我主要关注交付前说明。样本号 MOCK-0191。,是,保持当前服务稳定性,,,,,,,,,,,,,,,,,,,,,,,,,,,,,,,,,,,,,,,,,,,,,
192,txwj_ans_000192,腾讯问卷,满意度与NPS售后回访问卷,区域服务体验追踪,小程序,2026-06-06 13:36:00,204秒,PC,上海,txwj_user_0192,138****0192,沪A-DM0192,LFAKE000000000192,是,mock-after-sales-v1,满意度/NPS型,19,上海,上海浦东服务中心,补能体验,5,10,是,拒绝联系,整体体验比上次好，接待主动，问题解释清楚，所以愿意推荐。值得复用的点是充电排队。这次我在上海上海浦东服务中心，时间是周末傍晚，希望减少等待。我主要关注线上状态同步。样本号 MOCK-0192。,是,,,,,,,,,,,,,,,,,服务态度/响应速度/结果可信,响应速度,暂无明显不满意环节,5,5,5,是,整体体验比上次好，接待主动，问题解释清楚，所以愿意推荐。值得复用的点是充电排队。这次我在上海上海浦东服务中心，时间是周末傍晚，希望减少等待。我主要关注线上状态同步。样本号 MOCK-0192。,是,保持当前服务稳定性,,,,,,,,,,,,,,,,,,,,,,,,,,,,,,,,,,,,,,,,,,,,,
193,txwj_ans_000193,腾讯问卷,满意度与NPS售后回访问卷,服务口碑NPS复盘,服务顾问代录,2026-06-09 10:49:00,221秒,iOS,青岛,txwj_user_0193,139****0193,鲁B-MK193,LFAKE000000000193,是,mock-after-sales-v1,满意度/NPS型,19,青岛,青岛市北服务中心,App/OTA,4,8,是,拒绝联系,服务中心响应很快，过程透明，最后结果也符合预期。值得复用的点是权益感知。这次我在青岛青岛市北服务中心，时间是节前高峰，希望后续有人回访。我主要关注现场等待安排。样本号 MOCK-0193。,是,,,,,,,,,,,,,,,,,服务态度/响应速度/结果可信,服务态度,暂无明显不满意环节,4,4,4,是,服务中心响应很快，过程透明，最后结果也符合预期。值得复用的点是权益感知。这次我在青岛青岛市北服务中心，时间是节前高峰，希望后续有人回访。我主要关注现场等待安排。样本号 MOCK-0193。,是,保持当前服务稳定性,,,,,,,,,,,,,,,,,,,,,,,,,,,,,,,,,,,,,,,,,,,,,
194,txwj_ans_000194,腾讯问卷,满意度与NPS售后回访问卷,月度满意度回访,App,2026-06-12 17:02:00,238秒,PC,西安,txwj_user_0194,136****0194,陕A-MK194,LFAKE000000000194,是,mock-after-sales-v1,满意度/NPS型,19,西安,西安曲江服务中心,活动/社群,4,8,是,拒绝联系,这次从预约到交付都比较顺，工作人员态度也很好。值得复用的点是服务态度。这次我在西安西安曲江服务中心，时间是雨天到店，希望解释更直接。我主要关注后续闭环动作。样本号 MOCK-0194。,是,,,,,,,,,,,,,,,,,服务态度/响应速度/结果可信,维修结果,暂无明显不满意环节,4,4,4,是,这次从预约到交付都比较顺，工作人员态度也很好。值得复用的点是服务态度。这次我在西安西安曲江服务中心，时间是雨天到店，希望解释更直接。我主要关注后续闭环动作。样本号 MOCK-0194。,是,保持当前服务稳定性,,,,,,,,,,,,,,,,,,,,,,,,,,,,,,,,,,,,,,,,,,,,,
195,txwj_ans_000195,腾讯问卷,满意度与NPS售后回访问卷,区域服务体验追踪,短信链接,2026-05-01 14:15:00,255秒,iOS,上海,txwj_user_0195,135****0195,沪A-MK195,LFAKE000000000195,是,mock-after-sales-v1,满意度/NPS型,19,上海,上海浦东服务中心,到店服务,5,9,是,已授权联系,整体体验比上次好，接待主动，问题解释清楚，所以愿意推荐。值得复用的点是充电排队。这次我在上海上海浦东服务中心，时间是下班后，希望线上状态更准确。我主要关注服务顾问口径。样本号 MOCK-0195。,是,,,,,,,,,,,,,,,,,服务态度/响应速度/结果可信,交付说明,暂无明显不满意环节,5,5,5,是,整体体验比上次好，接待主动，问题解释清楚，所以愿意推荐。值得复用的点是充电排队。这次我在上海上海浦东服务中心，时间是下班后，希望线上状态更准确。我主要关注服务顾问口径。样本号 MOCK-0195。,是,保持当前服务稳定性,,,,,,,,,,,,,,,,,,,,,,,,,,,,,,,,,,,,,,,,,,,,,
196,txwj_ans_000196,腾讯问卷,满意度与NPS售后回访问卷,服务口碑NPS复盘,企微,2026-05-04 11:28:00,272秒,PC,青岛,txwj_user_0196,188****0196,鲁B-DM0196,LFAKE000000000196,是,mock-after-sales-v1,满意度/NPS型,19,青岛,青岛市北服务中心,移动服务,3,8,是,拒绝联系,服务结果没问题，等待时间略长，体验没有明显惊喜。后续可继续观察权益感知。这次我在青岛青岛市北服务中心，时间是午休时段，希望提前同步进度。我主要关注预约变更提醒。样本号 MOCK-0196。,是,,,,,,,,,,,,,,,,,服务态度/响应速度/结果可信,响应速度,权益感知、社群反馈,3,3,3,差不多,服务结果没问题，等待时间略长，体验没有明显惊喜。后续可继续观察权益感知。这次我在青岛青岛市北服务中心，时间是午休时段，希望提前同步进度。我主要关注预约变更提醒。样本号 MOCK-0196。,不确定,保持当前服务稳定性,,,,,,,,,,,,,,,,,,,,,,,,,,,,,,,,,,,,,,,,,,,,,
197,txwj_ans_000197,App内问卷,满意度与NPS售后回访问卷,月度满意度回访,小程序,2026-05-07 18:41:00,289秒,iOS,西安,txwj_user_0197,177****0197,陕A-MK197,LFAKE000000000197,是,mock-after-sales-v1,满意度/NPS型,19,西安,西安曲江服务中心,补能体验,3,7,是,拒绝联系,满意度中等，主要是沟通效率还有提升空间。后续可继续观察服务态度。这次我在西安西安曲江服务中心，时间是活动结束后，希望结果更可追溯。我主要关注费用和权益解释。样本号 MOCK-0197。,是,,,,,,,,,,,,,,,,,服务态度/响应速度/结果可信,服务态度,服务态度、服务解释,3,3,3,差不多,满意度中等，主要是沟通效率还有提升空间。后续可继续观察服务态度。这次我在西安西安曲江服务中心，时间是活动结束后，希望结果更可追溯。我主要关注费用和权益解释。样本号 MOCK-0197。,不确定,保持当前服务稳定性,,,,,,,,,,,,,,,,,,,,,,,,,,,,,,,,,,,,,,,,,,,,,
198,txwj_ans_000198,App内问卷,满意度与NPS售后回访问卷,区域服务体验追踪,服务顾问代录,2026-05-10 15:54:00,66秒,PC,上海,txwj_user_0198,138****0198,沪A-MK198,LFAKE000000000198,是,mock-after-sales-v1,满意度/NPS型,19,上海,上海浦东服务中心,App/OTA,3,8,不确定,拒绝联系,整体还可以，但有些流程提醒不够清楚，所以推荐意愿一般。后续可继续观察充电排队。这次我在上海上海浦东服务中心，时间是工作日上午，希望服务口径一致。我主要关注问题复核安排。样本号 MOCK-0198。,是,,,,,,,,,,,,,,,,,服务态度/响应速度/结果可信,维修结果,充电排队、费用理解,3,3,3,差不多,整体还可以，但有些流程提醒不够清楚，所以推荐意愿一般。后续可继续观察充电排队。这次我在上海上海浦东服务中心，时间是工作日上午，希望服务口径一致。我主要关注问题复核安排。样本号 MOCK-0198。,不确定,保持当前服务稳定性,,,,,,,,,,,,,,,,,,,,,,,,,,,,,,,,,,,,,,,,,,,,,
199,txwj_ans_000199,短信链接,满意度与NPS售后回访问卷,服务口碑NPS复盘,App,2026-05-13 12:07:00,83秒,iOS,青岛,txwj_user_0199,139****0199,鲁B-MK199,LFAKE000000000199,是,mock-after-sales-v1,满意度/NPS型,19,青岛,青岛市北服务中心,活动/社群,3,7,是,拒绝联系,服务结果没问题，等待时间略长，体验没有明显惊喜。后续可继续观察权益感知。这次我在青岛青岛市北服务中心，时间是工作日下午，希望减少等待。我主要关注跨渠道信息一致性。样本号 MOCK-0199。,是,,,,,,,,,,,,,,,,,服务态度/响应速度/结果可信,交付说明,权益感知、社群反馈,3,3,3,差不多,服务结果没问题，等待时间略长，体验没有明显惊喜。后续可继续观察权益感知。这次我在青岛青岛市北服务中心，时间是工作日下午，希望减少等待。我主要关注跨渠道信息一致性。样本号 MOCK-0199。,不确定,保持当前服务稳定性,,,,,,,,,,,,,,,,,,,,,,,,,,,,,,,,,,,,,,,,,,,,,
200,txwj_ans_000200,企微链接,满意度与NPS售后回访问卷,月度满意度回访,短信链接,2026-05-16 09:20:00,100秒,PC,西安,txwj_user_0200,136****0200,陕A-DM0200,LFAKE000000000200,是,mock-after-sales-v1,满意度/NPS型,19,西安,西安曲江服务中心,到店服务,3,8,是,已授权联系,满意度中等，主要是沟通效率还有提升空间。后续可继续观察服务态度。这次我在西安西安曲江服务中心，时间是周末上午，希望后续有人回访。我主要关注首次响应。样本号 MOCK-0200。,是,,,,,,,,,,,,,,,,,服务态度/响应速度/结果可信,响应速度,服务态度、服务解释,3,3,3,差不多,满意度中等，主要是沟通效率还有提升空间。后续可继续观察服务态度。这次我在西安西安曲江服务中心，时间是周末上午，希望后续有人回访。我主要关注首次响应。样本号 MOCK-0200。,不确定,保持当前服务稳定性,,,,,,,,,,,,,,,,,,,,,,,,,,,,,,,,,,,,,,,,,,,,,
201,app_ans_000201,问卷星,服务流程体验售后回访问卷,到店流程体验复盘,小程序,2026-05-19 16:33:00,117秒,iOS,苏州,app_user_0201,135****0201,苏E-MK201,LFAKE000000000201,是,mock-after-sales-v1,服务流程体验型,22,苏州,苏州吴中服务中心,到店服务,2,5,否,已授权联系,到店后等待时间太长，期间没人主动告诉我还要等多久。主要集中在App预约、移动服务。这次我在苏州苏州吴中服务中心，时间是周末傍晚，希望解释更直接。我主要关注交付前说明。样本号 MOCK-0201。,是,,,,,,,,,,,,,,,,,等待时间/解释不清/处理结果,,,,,,,,,,电话预约,2,否,不够清晰,否,1,否,否,App预约、移动服务,到店后等待时间太长，期间没人主动告诉我还要等多久。主要集中在App预约、移动服务。这次我在苏州苏州吴中服务中心，时间是周末傍晚，希望解释更直接。我主要关注交付前说明。样本号 MOCK-0201。,2,否,到店等待,是,否,,,,,,,,,,,,,,,,,,,,,,,,,,,,,,
202,app_ans_000202,问卷星,服务流程体验售后回访问卷,移动服务流程回访,服务顾问代录,2026-05-22 13:46:00,134秒,PC,昆明,app_user_0202,188****0202,云A-MK202,LFAKE000000000202,是,mock-after-sales-v1,服务流程体验型,22,昆明,昆明呈贡服务中心,移动服务,2,6,否,拒绝联系,预约时间改了两次，前后说法不一致，影响安排。主要集中在移动服务、服务等待。这次我在昆明昆明呈贡服务中心，时间是节前高峰，希望线上状态更准确。我主要关注线上状态同步。样本号 MOCK-0202。,是,,,,,,,,,,,,,,,,,等待时间/解释不清/处理结果,,,,,,,,,,企微联系,2,否,不够清晰,否,1,否,否,移动服务、服务等待,预约时间改了两次，前后说法不一致，影响安排。主要集中在移动服务、服务等待。这次我在昆明昆明呈贡服务中心，时间是节前高峰，希望线上状态更准确。我主要关注线上状态同步。样本号 MOCK-0202。,2,否,维修进度沟通,是,否,,,,,,,,,,,,,,,,,,,,,,,,,,,,,,
203,app_ans_000203,问卷星,服务流程体验售后回访问卷,端午服务保障复盘,App,2026-05-25 10:59:00,151秒,iOS,大连,app_user_0203,177****0203,辽B-MK203,LFAKE000000000203,是,mock-after-sales-v1,服务流程体验型,22,大连,大连甘井子服务中心,到店服务,2,5,否,拒绝联系,服务过程中进度反馈少，我需要自己反复去问。主要集中在服务等待、App预约。这次我在大连大连甘井子服务中心，时间是雨天到店，希望提前同步进度。我主要关注现场等待安排。样本号 MOCK-0203。,是,,,,,,,,,,,,,,,,,等待时间/解释不清/处理结果,,,,,,,,,,服务顾问代约,2,否,不够清晰,否,1,否,否,服务等待、App预约,服务过程中进度反馈少，我需要自己反复去问。主要集中在服务等待、App预约。这次我在大连大连甘井子服务中心，时间是雨天到店，希望提前同步进度。我主要关注现场等待安排。样本号 MOCK-0203。,2,否,交付说明,是,否,,,,,,,,,,,,,,,,,,,,,,,,,,,,,,
204,app_ans_000204,问卷星,服务流程体验售后回访问卷,到店流程体验复盘,短信链接,2026-05-28 17:12:00,168秒,PC,苏州,app_user_0204,138****0204,苏E-DM0204,LFAKE000000000204,是,mock-after-sales-v1,服务流程体验型,22,苏州,苏州吴中服务中心,移动服务,2,6,是,已授权联系,到店后等待时间太长，期间没人主动告诉我还要等多久。主要集中在App预约、移动服务。这次我在苏州苏州吴中服务中心，时间是下班后，希望结果更可追溯。我主要关注后续闭环动作。样本号 MOCK-0204。,是,,,,,,,,,,,,,,,,,等待时间/解释不清/处理结果,,,,,,,,,,App预约,2,否,不够清晰,否,1,否,否,App预约、移动服务,到店后等待时间太长，期间没人主动告诉我还要等多久。主要集中在App预约、移动服务。这次我在苏州苏州吴中服务中心，时间是下班后，希望结果更可追溯。我主要关注后续闭环动作。样本号 MOCK-0204。,2,否,预约确认,是,否,,,,,,,,,,,,,,,,,,,,,,,,,,,,,,
205,app_ans_000205,问卷星,服务流程体验售后回访问卷,移动服务流程回访,企微,2026-05-31 14:25:00,185秒,iOS,昆明,app_user_0205,139****0205,云A-MK205,LFAKE000000000205,是,mock-after-sales-v1,服务流程体验型,22,昆明,昆明呈贡服务中心,到店服务,2,5,否,未询问,预约时间改了两次，前后说法不一致，影响安排。主要集中在移动服务、服务等待。这次我在昆明昆明呈贡服务中心，时间是午休时段，希望服务口径一致。我主要关注服务顾问口径。样本号 MOCK-0205。,是,,,,,,,,,,,,,,,,,等待时间/解释不清/处理结果,,,,,,,,,,电话预约,2,否,不够清晰,否,1,否,否,移动服务、服务等待,预约时间改了两次，前后说法不一致，影响安排。主要集中在移动服务、服务等待。这次我在昆明昆明呈贡服务中心，时间是午休时段，希望服务口径一致。我主要关注服务顾问口径。样本号 MOCK-0205。,2,否,到店等待,是,否,,,,,,,,,,,,,,,,,,,,,,,,,,,,,,
206,app_ans_000206,问卷星,服务流程体验售后回访问卷,端午服务保障复盘,小程序,2026-06-03 11:38:00,202秒,PC,大连,app_user_0206,136****0206,辽B-MK206,LFAKE000000000206,是,mock-after-sales-v1,服务流程体验型,22,大连,大连甘井子服务中心,移动服务,2,6,否,拒绝联系,服务过程中进度反馈少，我需要自己反复去问。主要集中在服务等待、App预约。这次我在大连大连甘井子服务中心，时间是活动结束后，希望减少等待。我主要关注预约变更提醒。样本号 MOCK-0206。,是,,,,,,,,,,,,,,,,,等待时间/解释不清/处理结果,,,,,,,,,,企微联系,2,否,不够清晰,否,1,否,否,服务等待、App预约,服务过程中进度反馈少，我需要自己反复去问。主要集中在服务等待、App预约。这次我在大连大连甘井子服务中心，时间是活动结束后，希望减少等待。我主要关注预约变更提醒。样本号 MOCK-0206。,2,否,维修进度沟通,是,否,,,,,,,,,,,,,,,,,,,,,,,,,,,,,,
207,app_ans_000207,问卷星,服务流程体验售后回访问卷,到店流程体验复盘,服务顾问代录,2026-06-06 18:51:00,219秒,iOS,苏州,app_user_0207,135****0207,苏E-MK207,LFAKE000000000207,是,mock-after-sales-v1,服务流程体验型,22,苏州,苏州吴中服务中心,到店服务,1,3,否,已授权联系,到店后等待时间太长，期间没人主动告诉我还要等多久。主要集中在App预约、移动服务。这次我在苏州苏州吴中服务中心，时间是工作日上午，希望后续有人回访。我主要关注费用和权益解释。样本号 MOCK-0207。,是,,,,,,,,,,,,,,,,,等待时间/解释不清/处理结果,,,,,,,,,,服务顾问代约,1,否,不够清晰,否,1,否,否,App预约、移动服务,到店后等待时间太长，期间没人主动告诉我还要等多久。主要集中在App预约、移动服务。这次我在苏州苏州吴中服务中心，时间是工作日上午，希望后续有人回访。我主要关注费用和权益解释。样本号 MOCK-0207。,1,否,交付说明,是,否,,,,,,,,,,,,,,,,,,,,,,,,,,,,,,
208,app_ans_000208,问卷星,服务流程体验售后回访问卷,移动服务流程回访,App,2026-06-09 15:04:00,236秒,PC,昆明,app_user_0208,188****0208,云A-DM0208,LFAKE000000000208,是,mock-after-sales-v1,服务流程体验型,22,昆明,昆明呈贡服务中心,移动服务,1,4,是,拒绝联系,预约时间改了两次，前后说法不一致，影响安排。主要集中在移动服务、服务等待。这次我在昆明昆明呈贡服务中心，时间是工作日下午，希望解释更直接。我主要关注问题复核安排。样本号 MOCK-0208。,是,,,,,,,,,,,,,,,,,等待时间/解释不清/处理结果,,,,,,,,,,App预约,1,否,不够清晰,否,1,否,否,移动服务、服务等待,预约时间改了两次，前后说法不一致，影响安排。主要集中在移动服务、服务等待。这次我在昆明昆明呈贡服务中心，时间是工作日下午，希望解释更直接。我主要关注问题复核安排。样本号 MOCK-0208。,1,否,预约确认,是,否,,,,,,,,,,,,,,,,,,,,,,,,,,,,,,
209,app_ans_000209,问卷星,服务流程体验售后回访问卷,端午服务保障复盘,短信链接,2026-06-12 12:17:00,253秒,iOS,大连,app_user_0209,177****0209,辽B-MK209,LFAKE000000000209,是,mock-after-sales-v1,服务流程体验型,22,大连,大连甘井子服务中心,到店服务,1,3,否,拒绝联系,服务过程中进度反馈少，我需要自己反复去问。主要集中在服务等待、App预约。这次我在大连大连甘井子服务中心，时间是周末上午，希望线上状态更准确。我主要关注跨渠道信息一致性。样本号 MOCK-0209。,是,,,,,,,,,,,,,,,,,等待时间/解释不清/处理结果,,,,,,,,,,电话预约,1,否,不够清晰,否,1,否,否,服务等待、App预约,服务过程中进度反馈少，我需要自己反复去问。主要集中在服务等待、App预约。这次我在大连大连甘井子服务中心，时间是周末上午，希望线上状态更准确。我主要关注跨渠道信息一致性。样本号 MOCK-0209。,1,否,到店等待,是,否,,,,,,,,,,,,,,,,,,,,,,,,,,,,,,
210,app_ans_000210,腾讯问卷,服务流程体验售后回访问卷,到店流程体验复盘,企微,2026-05-01 09:30:00,270秒,PC,苏州,app_user_0210,138****0210,苏E-MK210,LFAKE000000000210,是,mock-after-sales-v1,服务流程体验型,22,苏州,苏州吴中服务中心,移动服务,5,10,是,已授权联系,预约后确认很快，到店有人及时接待，进度同步也比较主动。值得复用的点是App预约。这次我在苏州苏州吴中服务中心，时间是周末傍晚，希望提前同步进度。我主要关注首次响应。样本号 MOCK-0210。,是,,,,,,,,,,,,,,,,,服务态度/响应速度/结果可信,,,,,,,,,,企微联系,5,是,清晰,是,5,是,是,暂无明显流程问题,,5,是,无明显浪费,否,是,预约后确认很快，到店有人及时接待，进度同步也比较主动。值得复用的点是App预约。这次我在苏州苏州吴中服务中心，时间是周末傍晚，希望提前同步进度。我主要关注首次响应。样本号 MOCK-0210。,,,,,,,,,,,,,,,,,,,,,,,,,,,,,
211,app_ans_000211,腾讯问卷,服务流程体验售后回访问卷,移动服务流程回访,小程序,2026-05-04 16:43:00,287秒,iOS,昆明,app_user_0211,139****0211,云A-MK211,LFAKE000000000211,是,mock-after-sales-v1,服务流程体验型,22,昆明,昆明呈贡服务中心,到店服务,4,8,是,拒绝联系,移动服务按约定时间到达，整个流程很顺，不用反复催。值得复用的点是移动服务。这次我在昆明昆明呈贡服务中心，时间是节前高峰，希望结果更可追溯。我主要关注交付前说明。样本号 MOCK-0211。,是,,,,,,,,,,,,,,,,,服务态度/响应速度/结果可信,,,,,,,,,,服务顾问代约,4,是,清晰,是,4,是,是,暂无明显流程问题,,4,是,无明显浪费,否,是,移动服务按约定时间到达，整个流程很顺，不用反复催。值得复用的点是移动服务。这次我在昆明昆明呈贡服务中心，时间是节前高峰，希望结果更可追溯。我主要关注交付前说明。样本号 MOCK-0211。,,,,,,,,,,,,,,,,,,,,,,,,,,,,,
212,app_ans_000212,腾讯问卷,服务流程体验售后回访问卷,端午服务保障复盘,服务顾问代录,2026-05-07 13:56:00,64秒,PC,大连,app_user_0212,136****0212,辽B-DM0212,LFAKE000000000212,是,mock-after-sales-v1,服务流程体验型,22,大连,大连甘井子服务中心,移动服务,4,8,是,拒绝联系,取车交付很顺畅，服务顾问把后续注意事项说清楚了。值得复用的点是服务等待。这次我在大连大连甘井子服务中心，时间是雨天到店，希望服务口径一致。我主要关注线上状态同步。样本号 MOCK-0212。,是,,,,,,,,,,,,,,,,,服务态度/响应速度/结果可信,,,,,,,,,,App预约,4,是,清晰,是,4,是,是,暂无明显流程问题,,4,是,无明显浪费,否,是,取车交付很顺畅，服务顾问把后续注意事项说清楚了。值得复用的点是服务等待。这次我在大连大连甘井子服务中心，时间是雨天到店，希望服务口径一致。我主要关注线上状态同步。样本号 MOCK-0212。,,,,,,,,,,,,,,,,,,,,,,,,,,,,,
213,app_ans_000213,腾讯问卷,服务流程体验售后回访问卷,到店流程体验复盘,App,2026-05-10 10:09:00,81秒,iOS,苏州,app_user_0213,135****0213,苏E-MK213,LFAKE000000000213,是,mock-after-sales-v1,服务流程体验型,22,苏州,苏州吴中服务中心,到店服务,5,9,是,拒绝联系,预约后确认很快，到店有人及时接待，进度同步也比较主动。值得复用的点是App预约。这次我在苏州苏州吴中服务中心，时间是下班后，希望减少等待。我主要关注现场等待安排。样本号 MOCK-0213。,是,,,,,,,,,,,,,,,,,服务态度/响应速度/结果可信,,,,,,,,,,电话预约,5,是,清晰,是,5,是,是,暂无明显流程问题,,5,是,无明显浪费,否,是,预约后确认很快，到店有人及时接待，进度同步也比较主动。值得复用的点是App预约。这次我在苏州苏州吴中服务中心，时间是下班后，希望减少等待。我主要关注现场等待安排。样本号 MOCK-0213。,,,,,,,,,,,,,,,,,,,,,,,,,,,,,
214,app_ans_000214,腾讯问卷,服务流程体验售后回访问卷,移动服务流程回访,短信链接,2026-05-13 17:22:00,98秒,PC,昆明,app_user_0214,188****0214,云A-MK214,LFAKE000000000214,是,mock-after-sales-v1,服务流程体验型,22,昆明,昆明呈贡服务中心,移动服务,4,8,是,拒绝联系,移动服务按约定时间到达，整个流程很顺，不用反复催。值得复用的点是移动服务。这次我在昆明昆明呈贡服务中心，时间是午休时段，希望后续有人回访。我主要关注后续闭环动作。样本号 MOCK-0214。,是,,,,,,,,,,,,,,,,,服务态度/响应速度/结果可信,,,,,,,,,,企微联系,4,是,清晰,是,4,是,是,暂无明显流程问题,,4,是,无明显浪费,否,是,移动服务按约定时间到达，整个流程很顺，不用反复催。值得复用的点是移动服务。这次我在昆明昆明呈贡服务中心，时间是午休时段，希望后续有人回访。我主要关注后续闭环动作。样本号 MOCK-0214。,,,,,,,,,,,,,,,,,,,,,,,,,,,,,
215,app_ans_000215,腾讯问卷,服务流程体验售后回访问卷,端午服务保障复盘,企微,2026-05-16 14:35:00,115秒,iOS,大连,app_user_0215,177****0215,辽B-MK215,LFAKE000000000215,是,mock-after-sales-v1,服务流程体验型,22,大连,大连甘井子服务中心,到店服务,4,8,是,未询问,取车交付很顺畅，服务顾问把后续注意事项说清楚了。值得复用的点是服务等待。这次我在大连大连甘井子服务中心，时间是活动结束后，希望解释更直接。我主要关注服务顾问口径。样本号 MOCK-0215。,是,,,,,,,,,,,,,,,,,服务态度/响应速度/结果可信,,,,,,,,,,服务顾问代约,4,是,清晰,是,4,是,是,暂无明显流程问题,,4,是,无明显浪费,否,是,取车交付很顺畅，服务顾问把后续注意事项说清楚了。值得复用的点是服务等待。这次我在大连大连甘井子服务中心，时间是活动结束后，希望解释更直接。我主要关注服务顾问口径。样本号 MOCK-0215。,,,,,,,,,,,,,,,,,,,,,,,,,,,,,
216,app_ans_000216,腾讯问卷,服务流程体验售后回访问卷,到店流程体验复盘,小程序,2026-05-19 11:48:00,132秒,PC,苏州,app_user_0216,138****0216,苏E-DM0216,LFAKE000000000216,是,mock-after-sales-v1,服务流程体验型,22,苏州,苏州吴中服务中心,移动服务,3,8,不确定,已授权联系,流程基本顺畅，但到店后等待区的进度提醒还可以更清楚。后续可继续观察App预约。这次我在苏州苏州吴中服务中心，时间是工作日上午，希望线上状态更准确。我主要关注预约变更提醒。样本号 MOCK-0216。,是,,,,,,,,,,,,,,,,,服务态度/响应速度/结果可信,,,,,,,,,,App预约,3,是,不够清晰,是,3,否,是,暂无明显流程问题,,3,否,无明显浪费,否,否,,,,,,,,,,,,,,,,,,,,,,,,,,,,,,
217,app_ans_000217,App内问卷,服务流程体验售后回访问卷,移动服务流程回访,服务顾问代录,2026-05-22 18:01:00,149秒,iOS,昆明,app_user_0217,139****0217,云A-MK217,LFAKE000000000217,是,mock-after-sales-v1,服务流程体验型,22,昆明,昆明呈贡服务中心,到店服务,3,7,是,拒绝联系,预约能完成，不过确认时间稍微有点长。后续可继续观察移动服务。这次我在昆明昆明呈贡服务中心，时间是工作日下午，希望提前同步进度。我主要关注费用和权益解释。样本号 MOCK-0217。,是,,,,,,,,,,,,,,,,,服务态度/响应速度/结果可信,,,,,,,,,,电话预约,3,是,不够清晰,是,3,否,是,暂无明显流程问题,,3,否,无明显浪费,否,否,,,,,,,,,,,,,,,,,,,,,,,,,,,,,,
218,app_ans_000218,App内问卷,服务流程体验售后回访问卷,端午服务保障复盘,App,2026-05-25 15:14:00,166秒,PC,大连,app_user_0218,136****0218,辽B-MK218,LFAKE000000000218,是,mock-after-sales-v1,服务流程体验型,22,大连,大连甘井子服务中心,移动服务,3,8,是,拒绝联系,服务顾问态度可以，希望下次能提前说明预计等待时间。后续可继续观察服务等待。这次我在大连大连甘井子服务中心，时间是周末上午，希望结果更可追溯。我主要关注问题复核安排。样本号 MOCK-0218。,是,,,,,,,,,,,,,,,,,服务态度/响应速度/结果可信,,,,,,,,,,企微联系,3,是,不够清晰,是,3,否,是,暂无明显流程问题,,3,否,无明显浪费,否,否,,,,,,,,,,,,,,,,,,,,,,,,,,,,,,
219,app_ans_000219,短信链接,服务流程体验售后回访问卷,到店流程体验复盘,短信链接,2026-05-28 12:27:00,183秒,iOS,苏州,app_user_0219,135****0219,苏E-MK219,LFAKE000000000219,是,mock-after-sales-v1,服务流程体验型,22,苏州,苏州吴中服务中心,到店服务,3,7,不确定,拒绝联系,流程基本顺畅，但到店后等待区的进度提醒还可以更清楚。后续可继续观察App预约。这次我在苏州苏州吴中服务中心，时间是周末傍晚，希望服务口径一致。我主要关注跨渠道信息一致性。样本号 MOCK-0219。,是,,,,,,,,,,,,,,,,,服务态度/响应速度/结果可信,,,,,,,,,,服务顾问代约,3,是,不够清晰,是,3,否,是,暂无明显流程问题,,3,否,无明显浪费,否,否,,,,,,,,,,,,,,,,,,,,,,,,,,,,,,
220,app_ans_000220,企微链接,服务流程体验售后回访问卷,移动服务流程回访,企微,2026-05-31 09:40:00,200秒,PC,昆明,app_user_0220,188****0220,云A-DM0220,LFAKE000000000220,是,mock-after-sales-v1,服务流程体验型,22,昆明,昆明呈贡服务中心,移动服务,3,8,是,未询问,预约能完成，不过确认时间稍微有点长。后续可继续观察移动服务。这次我在昆明昆明呈贡服务中心，时间是节前高峰，希望减少等待。我主要关注首次响应。样本号 MOCK-0220。,是,,,,,,,,,,,,,,,,,服务态度/响应速度/结果可信,,,,,,,,,,App预约,3,是,不够清晰,是,3,否,是,暂无明显流程问题,,3,否,无明显浪费,否,否,,,,,,,,,,,,,,,,,,,,,,,,,,,,,,
221,app_ans_000221,问卷星,服务流程体验售后回访问卷,端午服务保障复盘,小程序,2026-06-03 16:53:00,217秒,iOS,大连,app_user_0221,177****0221,辽B-MK221,LFAKE000000000221,是,mock-after-sales-v1,服务流程体验型,22,大连,大连甘井子服务中心,到店服务,2,5,否,拒绝联系,服务过程中进度反馈少，我需要自己反复去问。主要集中在服务等待、App预约。这次我在大连大连甘井子服务中心，时间是雨天到店，希望后续有人回访。我主要关注交付前说明。样本号 MOCK-0221。,是,,,,,,,,,,,,,,,,,等待时间/解释不清/处理结果,,,,,,,,,,电话预约,2,否,不够清晰,否,1,否,否,服务等待、App预约,服务过程中进度反馈少，我需要自己反复去问。主要集中在服务等待、App预约。这次我在大连大连甘井子服务中心，时间是雨天到店，希望后续有人回访。我主要关注交付前说明。样本号 MOCK-0221。,2,否,到店等待,是,否,,,,,,,,,,,,,,,,,,,,,,,,,,,,,,
222,app_ans_000222,问卷星,服务流程体验售后回访问卷,到店流程体验复盘,服务顾问代录,2026-06-06 13:06:00,234秒,PC,苏州,app_user_0222,138****0222,苏E-MK222,LFAKE000000000222,是,mock-after-sales-v1,服务流程体验型,22,苏州,苏州吴中服务中心,移动服务,2,6,否,已授权联系,到店后等待时间太长，期间没人主动告诉我还要等多久。主要集中在App预约、移动服务。这次我在苏州苏州吴中服务中心，时间是下班后，希望解释更直接。我主要关注线上状态同步。样本号 MOCK-0222。,是,,,,,,,,,,,,,,,,,等待时间/解释不清/处理结果,,,,,,,,,,企微联系,2,否,不够清晰,否,1,否,否,App预约、移动服务,到店后等待时间太长，期间没人主动告诉我还要等多久。主要集中在App预约、移动服务。这次我在苏州苏州吴中服务中心，时间是下班后，希望解释更直接。我主要关注线上状态同步。样本号 MOCK-0222。,2,否,维修进度沟通,是,否,,,,,,,,,,,,,,,,,,,,,,,,,,,,,,
223,app_ans_000223,问卷星,服务流程体验售后回访问卷,移动服务流程回访,App,2026-06-09 10:19:00,251秒,iOS,昆明,app_user_0223,139****0223,云A-MK223,LFAKE000000000223,是,mock-after-sales-v1,服务流程体验型,22,昆明,昆明呈贡服务中心,到店服务,2,5,否,拒绝联系,预约时间改了两次，前后说法不一致，影响安排。主要集中在移动服务、服务等待。这次我在昆明昆明呈贡服务中心，时间是午休时段，希望线上状态更准确。我主要关注现场等待安排。样本号 MOCK-0223。,是,,,,,,,,,,,,,,,,,等待时间/解释不清/处理结果,,,,,,,,,,服务顾问代约,2,否,不够清晰,否,1,否,否,移动服务、服务等待,预约时间改了两次，前后说法不一致，影响安排。主要集中在移动服务、服务等待。这次我在昆明昆明呈贡服务中心，时间是午休时段，希望线上状态更准确。我主要关注现场等待安排。样本号 MOCK-0223。,2,否,交付说明,是,否,,,,,,,,,,,,,,,,,,,,,,,,,,,,,,
224,app_ans_000224,问卷星,服务流程体验售后回访问卷,端午服务保障复盘,短信链接,2026-06-12 17:32:00,268秒,PC,大连,app_user_0224,136****0224,辽B-DM0224,LFAKE000000000224,是,mock-after-sales-v1,服务流程体验型,22,大连,大连甘井子服务中心,移动服务,2,6,是,拒绝联系,服务过程中进度反馈少，我需要自己反复去问。主要集中在服务等待、App预约。这次我在大连大连甘井子服务中心，时间是活动结束后，希望提前同步进度。我主要关注后续闭环动作。样本号 MOCK-0224。,是,,,,,,,,,,,,,,,,,等待时间/解释不清/处理结果,,,,,,,,,,App预约,2,否,不够清晰,否,1,否,否,服务等待、App预约,服务过程中进度反馈少，我需要自己反复去问。主要集中在服务等待、App预约。这次我在大连大连甘井子服务中心，时间是活动结束后，希望提前同步进度。我主要关注后续闭环动作。样本号 MOCK-0224。,2,否,预约确认,是,否,,,,,,,,,,,,,,,,,,,,,,,,,,,,,,
225,app_ans_000225,问卷星,服务流程体验售后回访问卷,到店流程体验复盘,企微,2026-05-01 14:45:00,285秒,iOS,苏州,app_user_0225,135****0225,苏E-MK225,LFAKE000000000225,是,mock-after-sales-v1,服务流程体验型,22,苏州,苏州吴中服务中心,到店服务,2,5,否,已授权联系,到店后等待时间太长，期间没人主动告诉我还要等多久。主要集中在App预约、移动服务。这次我在苏州苏州吴中服务中心，时间是工作日上午，希望结果更可追溯。我主要关注服务顾问口径。样本号 MOCK-0225。,是,,,,,,,,,,,,,,,,,等待时间/解释不清/处理结果,,,,,,,,,,电话预约,2,否,不够清晰,否,1,否,否,App预约、移动服务,到店后等待时间太长，期间没人主动告诉我还要等多久。主要集中在App预约、移动服务。这次我在苏州苏州吴中服务中心，时间是工作日上午，希望结果更可追溯。我主要关注服务顾问口径。样本号 MOCK-0225。,2,否,到店等待,是,否,,,,,,,,,,,,,,,,,,,,,,,,,,,,,,
226,app_ans_000226,问卷星,服务流程体验售后回访问卷,移动服务流程回访,小程序,2026-05-04 11:58:00,62秒,PC,昆明,app_user_0226,188****0226,云A-MK226,LFAKE000000000226,是,mock-after-sales-v1,服务流程体验型,22,昆明,昆明呈贡服务中心,移动服务,2,6,否,拒绝联系,预约时间改了两次，前后说法不一致，影响安排。主要集中在移动服务、服务等待。这次我在昆明昆明呈贡服务中心，时间是工作日下午，希望服务口径一致。我主要关注预约变更提醒。样本号 MOCK-0226。,是,,,,,,,,,,,,,,,,,等待时间/解释不清/处理结果,,,,,,,,,,企微联系,2,否,不够清晰,否,1,否,否,移动服务、服务等待,预约时间改了两次，前后说法不一致，影响安排。主要集中在移动服务、服务等待。这次我在昆明昆明呈贡服务中心，时间是工作日下午，希望服务口径一致。我主要关注预约变更提醒。样本号 MOCK-0226。,2,否,维修进度沟通,是,否,,,,,,,,,,,,,,,,,,,,,,,,,,,,,,
227,app_ans_000227,问卷星,服务流程体验售后回访问卷,端午服务保障复盘,服务顾问代录,2026-05-07 18:11:00,79秒,iOS,大连,app_user_0227,177****0227,辽B-MK227,LFAKE000000000227,是,mock-after-sales-v1,服务流程体验型,22,大连,大连甘井子服务中心,到店服务,1,3,否,拒绝联系,服务过程中进度反馈少，我需要自己反复去问。主要集中在服务等待、App预约。这次我在大连大连甘井子服务中心，时间是周末上午，希望减少等待。我主要关注费用和权益解释。样本号 MOCK-0227。,是,,,,,,,,,,,,,,,,,等待时间/解释不清/处理结果,,,,,,,,,,服务顾问代约,1,否,不够清晰,否,1,否,否,服务等待、App预约,服务过程中进度反馈少，我需要自己反复去问。主要集中在服务等待、App预约。这次我在大连大连甘井子服务中心，时间是周末上午，希望减少等待。我主要关注费用和权益解释。样本号 MOCK-0227。,1,否,交付说明,是,否,,,,,,,,,,,,,,,,,,,,,,,,,,,,,,
228,app_ans_000228,问卷星,服务流程体验售后回访问卷,到店流程体验复盘,App,2026-05-10 15:24:00,96秒,PC,苏州,app_user_0228,138****0228,苏E-DM0228,LFAKE000000000228,是,mock-after-sales-v1,服务流程体验型,22,苏州,苏州吴中服务中心,移动服务,1,4,是,已授权联系,到店后等待时间太长，期间没人主动告诉我还要等多久。主要集中在App预约、移动服务。这次我在苏州苏州吴中服务中心，时间是周末傍晚，希望后续有人回访。我主要关注问题复核安排。样本号 MOCK-0228。,是,,,,,,,,,,,,,,,,,等待时间/解释不清/处理结果,,,,,,,,,,App预约,1,否,不够清晰,否,1,否,否,App预约、移动服务,到店后等待时间太长，期间没人主动告诉我还要等多久。主要集中在App预约、移动服务。这次我在苏州苏州吴中服务中心，时间是周末傍晚，希望后续有人回访。我主要关注问题复核安排。样本号 MOCK-0228。,1,否,预约确认,是,否,,,,,,,,,,,,,,,,,,,,,,,,,,,,,,
229,app_ans_000229,问卷星,服务流程体验售后回访问卷,移动服务流程回访,短信链接,2026-05-13 12:37:00,113秒,iOS,昆明,app_user_0229,139****0229,云A-MK229,LFAKE000000000229,是,mock-after-sales-v1,服务流程体验型,22,昆明,昆明呈贡服务中心,到店服务,1,3,否,拒绝联系,预约时间改了两次，前后说法不一致，影响安排。主要集中在移动服务、服务等待。这次我在昆明昆明呈贡服务中心，时间是节前高峰，希望解释更直接。我主要关注跨渠道信息一致性。样本号 MOCK-0229。,是,,,,,,,,,,,,,,,,,等待时间/解释不清/处理结果,,,,,,,,,,电话预约,1,否,不够清晰,否,1,否,否,移动服务、服务等待,预约时间改了两次，前后说法不一致，影响安排。主要集中在移动服务、服务等待。这次我在昆明昆明呈贡服务中心，时间是节前高峰，希望解释更直接。我主要关注跨渠道信息一致性。样本号 MOCK-0229。,1,否,到店等待,是,否,,,,,,,,,,,,,,,,,,,,,,,,,,,,,,
230,app_ans_000230,腾讯问卷,服务流程体验售后回访问卷,端午服务保障复盘,企微,2026-05-16 09:50:00,130秒,PC,大连,app_user_0230,136****0230,辽B-MK230,LFAKE000000000230,是,mock-after-sales-v1,服务流程体验型,22,大连,大连甘井子服务中心,移动服务,4,8,是,未询问,取车交付很顺畅，服务顾问把后续注意事项说清楚了。值得复用的点是服务等待。这次我在大连大连甘井子服务中心，时间是雨天到店，希望线上状态更准确。我主要关注首次响应。样本号 MOCK-0230。,是,,,,,,,,,,,,,,,,,服务态度/响应速度/结果可信,,,,,,,,,,企微联系,4,是,清晰,是,4,是,是,暂无明显流程问题,,4,是,无明显浪费,否,是,取车交付很顺畅，服务顾问把后续注意事项说清楚了。值得复用的点是服务等待。这次我在大连大连甘井子服务中心，时间是雨天到店，希望线上状态更准确。我主要关注首次响应。样本号 MOCK-0230。,,,,,,,,,,,,,,,,,,,,,,,,,,,,,
231,app_ans_000231,腾讯问卷,服务流程体验售后回访问卷,到店流程体验复盘,小程序,2026-05-19 16:03:00,147秒,iOS,苏州,app_user_0231,135****0231,苏E-MK231,LFAKE000000000231,是,mock-after-sales-v1,服务流程体验型,22,苏州,苏州吴中服务中心,到店服务,5,9,是,拒绝联系,预约后确认很快，到店有人及时接待，进度同步也比较主动。值得复用的点是App预约。这次我在苏州苏州吴中服务中心，时间是下班后，希望提前同步进度。我主要关注交付前说明。样本号 MOCK-0231。,是,,,,,,,,,,,,,,,,,服务态度/响应速度/结果可信,,,,,,,,,,服务顾问代约,5,是,清晰,是,5,是,是,暂无明显流程问题,,5,是,无明显浪费,否,是,预约后确认很快，到店有人及时接待，进度同步也比较主动。值得复用的点是App预约。这次我在苏州苏州吴中服务中心，时间是下班后，希望提前同步进度。我主要关注交付前说明。样本号 MOCK-0231。,,,,,,,,,,,,,,,,,,,,,,,,,,,,,
232,app_ans_000232,腾讯问卷,服务流程体验售后回访问卷,移动服务流程回访,服务顾问代录,2026-05-22 13:16:00,164秒,PC,昆明,app_user_0232,188****0232,云A-DM0232,LFAKE000000000232,是,mock-after-sales-v1,服务流程体验型,22,昆明,昆明呈贡服务中心,移动服务,4,8,是,拒绝联系,移动服务按约定时间到达，整个流程很顺，不用反复催。值得复用的点是移动服务。这次我在昆明昆明呈贡服务中心，时间是午休时段，希望结果更可追溯。我主要关注线上状态同步。样本号 MOCK-0232。,是,,,,,,,,,,,,,,,,,服务态度/响应速度/结果可信,,,,,,,,,,App预约,4,是,清晰,是,4,是,是,暂无明显流程问题,,4,是,无明显浪费,否,是,移动服务按约定时间到达，整个流程很顺，不用反复催。值得复用的点是移动服务。这次我在昆明昆明呈贡服务中心，时间是午休时段，希望结果更可追溯。我主要关注线上状态同步。样本号 MOCK-0232。,,,,,,,,,,,,,,,,,,,,,,,,,,,,,
233,app_ans_000233,腾讯问卷,服务流程体验售后回访问卷,端午服务保障复盘,App,2026-05-25 10:29:00,181秒,iOS,大连,app_user_0233,177****0233,辽B-MK233,LFAKE000000000233,是,mock-after-sales-v1,服务流程体验型,22,大连,大连甘井子服务中心,到店服务,4,8,是,拒绝联系,取车交付很顺畅，服务顾问把后续注意事项说清楚了。值得复用的点是服务等待。这次我在大连大连甘井子服务中心，时间是活动结束后，希望服务口径一致。我主要关注现场等待安排。样本号 MOCK-0233。,是,,,,,,,,,,,,,,,,,服务态度/响应速度/结果可信,,,,,,,,,,电话预约,4,是,清晰,是,4,是,是,暂无明显流程问题,,4,是,无明显浪费,否,是,取车交付很顺畅，服务顾问把后续注意事项说清楚了。值得复用的点是服务等待。这次我在大连大连甘井子服务中心，时间是活动结束后，希望服务口径一致。我主要关注现场等待安排。样本号 MOCK-0233。,,,,,,,,,,,,,,,,,,,,,,,,,,,,,
234,app_ans_000234,腾讯问卷,服务流程体验售后回访问卷,到店流程体验复盘,短信链接,2026-05-28 17:42:00,198秒,PC,苏州,app_user_0234,138****0234,苏E-MK234,LFAKE000000000234,是,mock-after-sales-v1,服务流程体验型,22,苏州,苏州吴中服务中心,移动服务,5,10,是,拒绝联系,预约后确认很快，到店有人及时接待，进度同步也比较主动。值得复用的点是App预约。这次我在苏州苏州吴中服务中心，时间是工作日上午，希望减少等待。我主要关注后续闭环动作。样本号 MOCK-0234。,是,,,,,,,,,,,,,,,,,服务态度/响应速度/结果可信,,,,,,,,,,企微联系,5,是,清晰,是,5,是,是,暂无明显流程问题,,5,是,无明显浪费,否,是,预约后确认很快，到店有人及时接待，进度同步也比较主动。值得复用的点是App预约。这次我在苏州苏州吴中服务中心，时间是工作日上午，希望减少等待。我主要关注后续闭环动作。样本号 MOCK-0234。,,,,,,,,,,,,,,,,,,,,,,,,,,,,,
235,app_ans_000235,腾讯问卷,服务流程体验售后回访问卷,移动服务流程回访,企微,2026-05-31 14:55:00,215秒,iOS,昆明,app_user_0235,139****0235,云A-MK235,LFAKE000000000235,是,mock-after-sales-v1,服务流程体验型,22,昆明,昆明呈贡服务中心,到店服务,4,8,是,未询问,移动服务按约定时间到达，整个流程很顺，不用反复催。值得复用的点是移动服务。这次我在昆明昆明呈贡服务中心，时间是工作日下午，希望后续有人回访。我主要关注服务顾问口径。样本号 MOCK-0235。,是,,,,,,,,,,,,,,,,,服务态度/响应速度/结果可信,,,,,,,,,,服务顾问代约,4,是,清晰,是,4,是,是,暂无明显流程问题,,4,是,无明显浪费,否,是,移动服务按约定时间到达，整个流程很顺，不用反复催。值得复用的点是移动服务。这次我在昆明昆明呈贡服务中心，时间是工作日下午，希望后续有人回访。我主要关注服务顾问口径。样本号 MOCK-0235。,,,,,,,,,,,,,,,,,,,,,,,,,,,,,
236,app_ans_000236,腾讯问卷,服务流程体验售后回访问卷,端午服务保障复盘,小程序,2026-06-03 11:08:00,232秒,PC,大连,app_user_0236,136****0236,辽B-DM0236,LFAKE000000000236,是,mock-after-sales-v1,服务流程体验型,22,大连,大连甘井子服务中心,移动服务,3,8,是,拒绝联系,服务顾问态度可以，希望下次能提前说明预计等待时间。后续可继续观察服务等待。这次我在大连大连甘井子服务中心，时间是周末上午，希望解释更直接。我主要关注预约变更提醒。样本号 MOCK-0236。,是,,,,,,,,,,,,,,,,,服务态度/响应速度/结果可信,,,,,,,,,,App预约,3,是,不够清晰,是,3,否,是,暂无明显流程问题,,3,否,无明显浪费,否,否,,,,,,,,,,,,,,,,,,,,,,,,,,,,,,
237,app_ans_000237,App内问卷,服务流程体验售后回访问卷,到店流程体验复盘,服务顾问代录,2026-06-06 18:21:00,249秒,iOS,苏州,app_user_0237,135****0237,苏E-MK237,LFAKE000000000237,是,mock-after-sales-v1,服务流程体验型,22,苏州,苏州吴中服务中心,到店服务,3,7,不确定,拒绝联系,流程基本顺畅，但到店后等待区的进度提醒还可以更清楚。后续可继续观察App预约。这次我在苏州苏州吴中服务中心，时间是周末傍晚，希望线上状态更准确。我主要关注费用和权益解释。样本号 MOCK-0237。,是,,,,,,,,,,,,,,,,,服务态度/响应速度/结果可信,,,,,,,,,,电话预约,3,是,不够清晰,是,3,否,是,暂无明显流程问题,,3,否,无明显浪费,否,否,,,,,,,,,,,,,,,,,,,,,,,,,,,,,,
238,app_ans_000238,App内问卷,服务流程体验售后回访问卷,移动服务流程回访,App,2026-06-09 15:34:00,266秒,PC,昆明,app_user_0238,188****0238,云A-MK238,LFAKE000000000238,是,mock-after-sales-v1,服务流程体验型,22,昆明,昆明呈贡服务中心,移动服务,3,8,是,拒绝联系,预约能完成，不过确认时间稍微有点长。后续可继续观察移动服务。这次我在昆明昆明呈贡服务中心，时间是节前高峰，希望提前同步进度。我主要关注问题复核安排。样本号 MOCK-0238。,是,,,,,,,,,,,,,,,,,服务态度/响应速度/结果可信,,,,,,,,,,企微联系,3,是,不够清晰,是,3,否,是,暂无明显流程问题,,3,否,无明显浪费,否,否,,,,,,,,,,,,,,,,,,,,,,,,,,,,,,
239,app_ans_000239,短信链接,服务流程体验售后回访问卷,端午服务保障复盘,短信链接,2026-06-12 12:47:00,283秒,iOS,大连,app_user_0239,177****0239,辽B-MK239,LFAKE000000000239,是,mock-after-sales-v1,服务流程体验型,22,大连,大连甘井子服务中心,到店服务,3,7,是,拒绝联系,服务顾问态度可以，希望下次能提前说明预计等待时间。后续可继续观察服务等待。这次我在大连大连甘井子服务中心，时间是雨天到店，希望结果更可追溯。我主要关注跨渠道信息一致性。样本号 MOCK-0239。,是,,,,,,,,,,,,,,,,,服务态度/响应速度/结果可信,,,,,,,,,,服务顾问代约,3,是,不够清晰,是,3,否,是,暂无明显流程问题,,3,否,无明显浪费,否,否,,,,,,,,,,,,,,,,,,,,,,,,,,,,,,
240,app_ans_000240,企微链接,服务流程体验售后回访问卷,到店流程体验复盘,企微,2026-05-01 09:00:00,60秒,PC,苏州,app_user_0240,138****0240,苏E-DM0240,LFAKE000000000240,是,mock-after-sales-v1,服务流程体验型,22,苏州,苏州吴中服务中心,移动服务,3,8,不确定,已授权联系,流程基本顺畅，但到店后等待区的进度提醒还可以更清楚。后续可继续观察App预约。这次我在苏州苏州吴中服务中心，时间是下班后，希望服务口径一致。我主要关注首次响应。样本号 MOCK-0240。,是,,,,,,,,,,,,,,,,,服务态度/响应速度/结果可信,,,,,,,,,,App预约,3,是,不够清晰,是,3,否,是,暂无明显流程问题,,3,否,无明显浪费,否,否,,,,,,,,,,,,,,,,,,,,,,,,,,,,,,
241,app_ans_000241,问卷星,服务流程体验售后回访问卷,移动服务流程回访,小程序,2026-05-04 16:13:00,77秒,iOS,昆明,app_user_0241,139****0241,云A-MK241,LFAKE000000000241,是,mock-after-sales-v1,服务流程体验型,22,昆明,昆明呈贡服务中心,到店服务,2,5,否,拒绝联系,预约时间改了两次，前后说法不一致，影响安排。主要集中在移动服务、服务等待。这次我在昆明昆明呈贡服务中心，时间是午休时段，希望减少等待。我主要关注交付前说明。样本号 MOCK-0241。,是,,,,,,,,,,,,,,,,,等待时间/解释不清/处理结果,,,,,,,,,,电话预约,2,否,不够清晰,否,1,否,否,移动服务、服务等待,预约时间改了两次，前后说法不一致，影响安排。主要集中在移动服务、服务等待。这次我在昆明昆明呈贡服务中心，时间是午休时段，希望减少等待。我主要关注交付前说明。样本号 MOCK-0241。,2,否,到店等待,是,否,,,,,,,,,,,,,,,,,,,,,,,,,,,,,,
242,app_ans_000242,问卷星,服务流程体验售后回访问卷,端午服务保障复盘,服务顾问代录,2026-05-07 13:26:00,94秒,PC,大连,app_user_0242,136****0242,辽B-MK242,LFAKE000000000242,是,mock-after-sales-v1,服务流程体验型,22,大连,大连甘井子服务中心,移动服务,2,6,否,拒绝联系,服务过程中进度反馈少，我需要自己反复去问。主要集中在服务等待、App预约。这次我在大连大连甘井子服务中心，时间是活动结束后，希望后续有人回访。我主要关注线上状态同步。样本号 MOCK-0242。,是,,,,,,,,,,,,,,,,,等待时间/解释不清/处理结果,,,,,,,,,,企微联系,2,否,不够清晰,否,1,否,否,服务等待、App预约,服务过程中进度反馈少，我需要自己反复去问。主要集中在服务等待、App预约。这次我在大连大连甘井子服务中心，时间是活动结束后，希望后续有人回访。我主要关注线上状态同步。样本号 MOCK-0242。,2,否,维修进度沟通,是,否,,,,,,,,,,,,,,,,,,,,,,,,,,,,,,
243,app_ans_000243,问卷星,服务流程体验售后回访问卷,到店流程体验复盘,App,2026-05-10 10:39:00,111秒,iOS,苏州,app_user_0243,135****0243,苏E-MK243,LFAKE000000000243,是,mock-after-sales-v1,服务流程体验型,22,苏州,苏州吴中服务中心,到店服务,2,5,否,已授权联系,到店后等待时间太长，期间没人主动告诉我还要等多久。主要集中在App预约、移动服务。这次我在苏州苏州吴中服务中心，时间是工作日上午，希望解释更直接。我主要关注现场等待安排。样本号 MOCK-0243。,是,,,,,,,,,,,,,,,,,等待时间/解释不清/处理结果,,,,,,,,,,服务顾问代约,2,否,不够清晰,否,1,否,否,App预约、移动服务,到店后等待时间太长，期间没人主动告诉我还要等多久。主要集中在App预约、移动服务。这次我在苏州苏州吴中服务中心，时间是工作日上午，希望解释更直接。我主要关注现场等待安排。样本号 MOCK-0243。,2,否,交付说明,是,否,,,,,,,,,,,,,,,,,,,,,,,,,,,,,,
244,app_ans_000244,问卷星,服务流程体验售后回访问卷,移动服务流程回访,短信链接,2026-05-13 17:52:00,128秒,PC,昆明,app_user_0244,188****0244,云A-DM0244,LFAKE000000000244,是,mock-after-sales-v1,服务流程体验型,22,昆明,昆明呈贡服务中心,移动服务,2,6,是,拒绝联系,预约时间改了两次，前后说法不一致，影响安排。主要集中在移动服务、服务等待。这次我在昆明昆明呈贡服务中心，时间是工作日下午，希望线上状态更准确。我主要关注后续闭环动作。样本号 MOCK-0244。,是,,,,,,,,,,,,,,,,,等待时间/解释不清/处理结果,,,,,,,,,,App预约,2,否,不够清晰,否,1,否,否,移动服务、服务等待,预约时间改了两次，前后说法不一致，影响安排。主要集中在移动服务、服务等待。这次我在昆明昆明呈贡服务中心，时间是工作日下午，希望线上状态更准确。我主要关注后续闭环动作。样本号 MOCK-0244。,2,否,预约确认,是,否,,,,,,,,,,,,,,,,,,,,,,,,,,,,,,
245,app_ans_000245,问卷星,服务流程体验售后回访问卷,端午服务保障复盘,企微,2026-05-16 14:05:00,145秒,iOS,大连,app_user_0245,177****0245,辽B-MK245,LFAKE000000000245,是,mock-after-sales-v1,服务流程体验型,22,大连,大连甘井子服务中心,到店服务,2,5,否,未询问,服务过程中进度反馈少，我需要自己反复去问。主要集中在服务等待、App预约。这次我在大连大连甘井子服务中心，时间是周末上午，希望提前同步进度。我主要关注服务顾问口径。样本号 MOCK-0245。,是,,,,,,,,,,,,,,,,,等待时间/解释不清/处理结果,,,,,,,,,,电话预约,2,否,不够清晰,否,1,否,否,服务等待、App预约,服务过程中进度反馈少，我需要自己反复去问。主要集中在服务等待、App预约。这次我在大连大连甘井子服务中心，时间是周末上午，希望提前同步进度。我主要关注服务顾问口径。样本号 MOCK-0245。,2,否,到店等待,是,否,,,,,,,,,,,,,,,,,,,,,,,,,,,,,,
246,app_ans_000246,问卷星,服务流程体验售后回访问卷,到店流程体验复盘,小程序,2026-05-19 11:18:00,162秒,PC,苏州,app_user_0246,138****0246,苏E-MK246,LFAKE000000000246,是,mock-after-sales-v1,服务流程体验型,22,苏州,苏州吴中服务中心,移动服务,2,6,否,已授权联系,到店后等待时间太长，期间没人主动告诉我还要等多久。主要集中在App预约、移动服务。这次我在苏州苏州吴中服务中心，时间是周末傍晚，希望结果更可追溯。我主要关注预约变更提醒。样本号 MOCK-0246。,是,,,,,,,,,,,,,,,,,等待时间/解释不清/处理结果,,,,,,,,,,企微联系,2,否,不够清晰,否,1,否,否,App预约、移动服务,到店后等待时间太长，期间没人主动告诉我还要等多久。主要集中在App预约、移动服务。这次我在苏州苏州吴中服务中心，时间是周末傍晚，希望结果更可追溯。我主要关注预约变更提醒。样本号 MOCK-0246。,2,否,维修进度沟通,是,否,,,,,,,,,,,,,,,,,,,,,,,,,,,,,,
247,app_ans_000247,问卷星,服务流程体验售后回访问卷,移动服务流程回访,服务顾问代录,2026-05-22 18:31:00,179秒,iOS,昆明,app_user_0247,139****0247,云A-MK247,LFAKE000000000247,是,mock-after-sales-v1,服务流程体验型,22,昆明,昆明呈贡服务中心,到店服务,1,3,否,拒绝联系,预约时间改了两次，前后说法不一致，影响安排。主要集中在移动服务、服务等待。这次我在昆明昆明呈贡服务中心，时间是节前高峰，希望服务口径一致。我主要关注费用和权益解释。样本号 MOCK-0247。,是,,,,,,,,,,,,,,,,,等待时间/解释不清/处理结果,,,,,,,,,,服务顾问代约,1,否,不够清晰,否,1,否,否,移动服务、服务等待,预约时间改了两次，前后说法不一致，影响安排。主要集中在移动服务、服务等待。这次我在昆明昆明呈贡服务中心，时间是节前高峰，希望服务口径一致。我主要关注费用和权益解释。样本号 MOCK-0247。,1,否,交付说明,是,否,,,,,,,,,,,,,,,,,,,,,,,,,,,,,,
248,app_ans_000248,问卷星,服务流程体验售后回访问卷,端午服务保障复盘,App,2026-05-25 15:44:00,196秒,PC,大连,app_user_0248,136****0248,辽B-DM0248,LFAKE000000000248,是,mock-after-sales-v1,服务流程体验型,22,大连,大连甘井子服务中心,移动服务,1,4,是,拒绝联系,服务过程中进度反馈少，我需要自己反复去问。主要集中在服务等待、App预约。这次我在大连大连甘井子服务中心，时间是雨天到店，希望减少等待。我主要关注问题复核安排。样本号 MOCK-0248。,是,,,,,,,,,,,,,,,,,等待时间/解释不清/处理结果,,,,,,,,,,App预约,1,否,不够清晰,否,1,否,否,服务等待、App预约,服务过程中进度反馈少，我需要自己反复去问。主要集中在服务等待、App预约。这次我在大连大连甘井子服务中心，时间是雨天到店，希望减少等待。我主要关注问题复核安排。样本号 MOCK-0248。,1,否,预约确认,是,否,,,,,,,,,,,,,,,,,,,,,,,,,,,,,,
249,app_ans_000249,问卷星,服务流程体验售后回访问卷,到店流程体验复盘,短信链接,2026-05-28 12:57:00,213秒,iOS,苏州,app_user_0249,135****0249,苏E-MK249,LFAKE000000000249,是,mock-after-sales-v1,服务流程体验型,22,苏州,苏州吴中服务中心,到店服务,1,3,否,已授权联系,到店后等待时间太长，期间没人主动告诉我还要等多久。主要集中在App预约、移动服务。这次我在苏州苏州吴中服务中心，时间是下班后，希望后续有人回访。我主要关注跨渠道信息一致性。样本号 MOCK-0249。,是,,,,,,,,,,,,,,,,,等待时间/解释不清/处理结果,,,,,,,,,,电话预约,1,否,不够清晰,否,1,否,否,App预约、移动服务,到店后等待时间太长，期间没人主动告诉我还要等多久。主要集中在App预约、移动服务。这次我在苏州苏州吴中服务中心，时间是下班后，希望后续有人回访。我主要关注跨渠道信息一致性。样本号 MOCK-0249。,1,否,到店等待,是,否,,,,,,,,,,,,,,,,,,,,,,,,,,,,,,
250,app_ans_000250,腾讯问卷,服务流程体验售后回访问卷,移动服务流程回访,企微,2026-05-31 09:10:00,230秒,PC,昆明,app_user_0250,188****0250,云A-MK250,LFAKE000000000250,是,mock-after-sales-v1,服务流程体验型,22,昆明,昆明呈贡服务中心,移动服务,4,8,是,未询问,移动服务按约定时间到达，整个流程很顺，不用反复催。值得复用的点是移动服务。这次我在昆明昆明呈贡服务中心，时间是午休时段，希望解释更直接。我主要关注首次响应。样本号 MOCK-0250。,是,,,,,,,,,,,,,,,,,服务态度/响应速度/结果可信,,,,,,,,,,企微联系,4,是,清晰,是,4,是,是,暂无明显流程问题,,4,是,无明显浪费,否,是,移动服务按约定时间到达，整个流程很顺，不用反复催。值得复用的点是移动服务。这次我在昆明昆明呈贡服务中心，时间是午休时段，希望解释更直接。我主要关注首次响应。样本号 MOCK-0250。,,,,,,,,,,,,,,,,,,,,,,,,,,,,,
251,app_ans_000251,腾讯问卷,服务流程体验售后回访问卷,端午服务保障复盘,小程序,2026-06-03 16:23:00,247秒,iOS,大连,app_user_0251,177****0251,辽B-MK251,LFAKE000000000251,是,mock-after-sales-v1,服务流程体验型,22,大连,大连甘井子服务中心,到店服务,4,8,是,拒绝联系,取车交付很顺畅，服务顾问把后续注意事项说清楚了。值得复用的点是服务等待。这次我在大连大连甘井子服务中心，时间是活动结束后，希望线上状态更准确。我主要关注交付前说明。样本号 MOCK-0251。,是,,,,,,,,,,,,,,,,,服务态度/响应速度/结果可信,,,,,,,,,,服务顾问代约,4,是,清晰,是,4,是,是,暂无明显流程问题,,4,是,无明显浪费,否,是,取车交付很顺畅，服务顾问把后续注意事项说清楚了。值得复用的点是服务等待。这次我在大连大连甘井子服务中心，时间是活动结束后，希望线上状态更准确。我主要关注交付前说明。样本号 MOCK-0251。,,,,,,,,,,,,,,,,,,,,,,,,,,,,,
252,app_ans_000252,腾讯问卷,服务流程体验售后回访问卷,到店流程体验复盘,服务顾问代录,2026-06-06 13:36:00,264秒,PC,苏州,app_user_0252,138****0252,苏E-DM0252,LFAKE000000000252,是,mock-after-sales-v1,服务流程体验型,22,苏州,苏州吴中服务中心,移动服务,5,10,是,拒绝联系,预约后确认很快，到店有人及时接待，进度同步也比较主动。值得复用的点是App预约。这次我在苏州苏州吴中服务中心，时间是工作日上午，希望提前同步进度。我主要关注线上状态同步。样本号 MOCK-0252。,是,,,,,,,,,,,,,,,,,服务态度/响应速度/结果可信,,,,,,,,,,App预约,5,是,清晰,是,5,是,是,暂无明显流程问题,,5,是,无明显浪费,否,是,预约后确认很快，到店有人及时接待，进度同步也比较主动。值得复用的点是App预约。这次我在苏州苏州吴中服务中心，时间是工作日上午，希望提前同步进度。我主要关注线上状态同步。样本号 MOCK-0252。,,,,,,,,,,,,,,,,,,,,,,,,,,,,,
253,app_ans_000253,腾讯问卷,服务流程体验售后回访问卷,移动服务流程回访,App,2026-06-09 10:49:00,281秒,iOS,昆明,app_user_0253,139****0253,云A-MK253,LFAKE000000000253,是,mock-after-sales-v1,服务流程体验型,22,昆明,昆明呈贡服务中心,到店服务,4,8,是,拒绝联系,移动服务按约定时间到达，整个流程很顺，不用反复催。值得复用的点是移动服务。这次我在昆明昆明呈贡服务中心，时间是工作日下午，希望结果更可追溯。我主要关注现场等待安排。样本号 MOCK-0253。,是,,,,,,,,,,,,,,,,,服务态度/响应速度/结果可信,,,,,,,,,,电话预约,4,是,清晰,是,4,是,是,暂无明显流程问题,,4,是,无明显浪费,否,是,移动服务按约定时间到达，整个流程很顺，不用反复催。值得复用的点是移动服务。这次我在昆明昆明呈贡服务中心，时间是工作日下午，希望结果更可追溯。我主要关注现场等待安排。样本号 MOCK-0253。,,,,,,,,,,,,,,,,,,,,,,,,,,,,,
254,app_ans_000254,腾讯问卷,服务流程体验售后回访问卷,端午服务保障复盘,短信链接,2026-06-12 17:02:00,298秒,PC,大连,app_user_0254,136****0254,辽B-MK254,LFAKE000000000254,是,mock-after-sales-v1,服务流程体验型,22,大连,大连甘井子服务中心,移动服务,4,8,是,拒绝联系,取车交付很顺畅，服务顾问把后续注意事项说清楚了。值得复用的点是服务等待。这次我在大连大连甘井子服务中心，时间是周末上午，希望服务口径一致。我主要关注后续闭环动作。样本号 MOCK-0254。,是,,,,,,,,,,,,,,,,,服务态度/响应速度/结果可信,,,,,,,,,,企微联系,4,是,清晰,是,4,是,是,暂无明显流程问题,,4,是,无明显浪费,否,是,取车交付很顺畅，服务顾问把后续注意事项说清楚了。值得复用的点是服务等待。这次我在大连大连甘井子服务中心，时间是周末上午，希望服务口径一致。我主要关注后续闭环动作。样本号 MOCK-0254。,,,,,,,,,,,,,,,,,,,,,,,,,,,,,
255,app_ans_000255,腾讯问卷,服务流程体验售后回访问卷,到店流程体验复盘,企微,2026-05-01 14:15:00,75秒,iOS,苏州,app_user_0255,135****0255,苏E-MK255,LFAKE000000000255,是,mock-after-sales-v1,服务流程体验型,22,苏州,苏州吴中服务中心,到店服务,5,9,是,已授权联系,预约后确认很快，到店有人及时接待，进度同步也比较主动。值得复用的点是App预约。这次我在苏州苏州吴中服务中心，时间是周末傍晚，希望减少等待。我主要关注服务顾问口径。样本号 MOCK-0255。,是,,,,,,,,,,,,,,,,,服务态度/响应速度/结果可信,,,,,,,,,,服务顾问代约,5,是,清晰,是,5,是,是,暂无明显流程问题,,5,是,无明显浪费,否,是,预约后确认很快，到店有人及时接待，进度同步也比较主动。值得复用的点是App预约。这次我在苏州苏州吴中服务中心，时间是周末傍晚，希望减少等待。我主要关注服务顾问口径。样本号 MOCK-0255。,,,,,,,,,,,,,,,,,,,,,,,,,,,,,
256,app_ans_000256,腾讯问卷,服务流程体验售后回访问卷,移动服务流程回访,小程序,2026-05-04 11:28:00,92秒,PC,昆明,app_user_0256,188****0256,云A-DM0256,LFAKE000000000256,是,mock-after-sales-v1,服务流程体验型,22,昆明,昆明呈贡服务中心,移动服务,3,8,是,已授权联系,预约能完成，不过确认时间稍微有点长。后续可继续观察移动服务。这次我在昆明昆明呈贡服务中心，时间是节前高峰，希望后续有人回访。我主要关注预约变更提醒。样本号 MOCK-0256。,是,,,,,,,,,,,,,,,,,服务态度/响应速度/结果可信,,,,,,,,,,App预约,3,是,不够清晰,是,3,否,是,暂无明显流程问题,,3,否,无明显浪费,否,否,,,,,,,,,,,,,,,,,,,,,,,,,,,,,,
257,app_ans_000257,App内问卷,服务流程体验售后回访问卷,端午服务保障复盘,服务顾问代录,2026-05-07 18:41:00,109秒,iOS,大连,app_user_0257,177****0257,辽B-MK257,LFAKE000000000257,是,mock-after-sales-v1,服务流程体验型,22,大连,大连甘井子服务中心,到店服务,3,7,是,拒绝联系,服务顾问态度可以，希望下次能提前说明预计等待时间。后续可继续观察服务等待。这次我在大连大连甘井子服务中心，时间是雨天到店，希望解释更直接。我主要关注费用和权益解释。样本号 MOCK-0257。,是,,,,,,,,,,,,,,,,,服务态度/响应速度/结果可信,,,,,,,,,,电话预约,3,是,不够清晰,是,3,否,是,暂无明显流程问题,,3,否,无明显浪费,否,否,,,,,,,,,,,,,,,,,,,,,,,,,,,,,,
258,app_ans_000258,App内问卷,服务流程体验售后回访问卷,到店流程体验复盘,App,2026-05-10 15:54:00,126秒,PC,苏州,app_user_0258,138****0258,苏E-MK258,LFAKE000000000258,是,mock-after-sales-v1,服务流程体验型,22,苏州,苏州吴中服务中心,移动服务,3,8,不确定,拒绝联系,流程基本顺畅，但到店后等待区的进度提醒还可以更清楚。后续可继续观察App预约。这次我在苏州苏州吴中服务中心，时间是下班后，希望线上状态更准确。我主要关注问题复核安排。样本号 MOCK-0258。,是,,,,,,,,,,,,,,,,,服务态度/响应速度/结果可信,,,,,,,,,,企微联系,3,是,不够清晰,是,3,否,是,暂无明显流程问题,,3,否,无明显浪费,否,否,,,,,,,,,,,,,,,,,,,,,,,,,,,,,,
259,app_ans_000259,短信链接,服务流程体验售后回访问卷,移动服务流程回访,短信链接,2026-05-13 12:07:00,143秒,iOS,昆明,app_user_0259,139****0259,云A-MK259,LFAKE000000000259,是,mock-after-sales-v1,服务流程体验型,22,昆明,昆明呈贡服务中心,到店服务,3,7,是,拒绝联系,预约能完成，不过确认时间稍微有点长。后续可继续观察移动服务。这次我在昆明昆明呈贡服务中心，时间是午休时段，希望提前同步进度。我主要关注跨渠道信息一致性。样本号 MOCK-0259。,是,,,,,,,,,,,,,,,,,服务态度/响应速度/结果可信,,,,,,,,,,服务顾问代约,3,是,不够清晰,是,3,否,是,暂无明显流程问题,,3,否,无明显浪费,否,否,,,,,,,,,,,,,,,,,,,,,,,,,,,,,,
260,app_ans_000260,企微链接,服务流程体验售后回访问卷,端午服务保障复盘,企微,2026-05-16 09:20:00,160秒,PC,大连,app_user_0260,136****0260,辽B-DM0260,LFAKE000000000260,是,mock-after-sales-v1,服务流程体验型,22,大连,大连甘井子服务中心,移动服务,3,8,是,未询问,服务顾问态度可以，希望下次能提前说明预计等待时间。后续可继续观察服务等待。这次我在大连大连甘井子服务中心，时间是活动结束后，希望结果更可追溯。我主要关注首次响应。样本号 MOCK-0260。,是,,,,,,,,,,,,,,,,,服务态度/响应速度/结果可信,,,,,,,,,,App预约,3,是,不够清晰,是,3,否,是,暂无明显流程问题,,3,否,无明显浪费,否,否,,,,,,,,,,,,,,,,,,,,,,,,,,,,,,
261,app_ans_000261,问卷星,服务流程体验售后回访问卷,到店流程体验复盘,小程序,2026-05-19 16:33:00,177秒,iOS,苏州,app_user_0261,135****0261,苏E-MK261,LFAKE000000000261,是,mock-after-sales-v1,服务流程体验型,22,苏州,苏州吴中服务中心,到店服务,2,5,否,已授权联系,到店后等待时间太长，期间没人主动告诉我还要等多久。主要集中在App预约、移动服务。这次我在苏州苏州吴中服务中心，时间是工作日上午，希望服务口径一致。我主要关注交付前说明。样本号 MOCK-0261。,是,,,,,,,,,,,,,,,,,等待时间/解释不清/处理结果,,,,,,,,,,电话预约,2,否,不够清晰,否,1,否,否,App预约、移动服务,到店后等待时间太长，期间没人主动告诉我还要等多久。主要集中在App预约、移动服务。这次我在苏州苏州吴中服务中心，时间是工作日上午，希望服务口径一致。我主要关注交付前说明。样本号 MOCK-0261。,2,否,到店等待,是,否,,,,,,,,,,,,,,,,,,,,,,,,,,,,,,
262,app_ans_000262,问卷星,服务流程体验售后回访问卷,移动服务流程回访,服务顾问代录,2026-05-22 13:46:00,194秒,PC,昆明,app_user_0262,188****0262,云A-MK262,LFAKE000000000262,是,mock-after-sales-v1,服务流程体验型,22,昆明,昆明呈贡服务中心,移动服务,2,6,否,拒绝联系,预约时间改了两次，前后说法不一致，影响安排。主要集中在移动服务、服务等待。这次我在昆明昆明呈贡服务中心，时间是工作日下午，希望减少等待。我主要关注线上状态同步。样本号 MOCK-0262。,是,,,,,,,,,,,,,,,,,等待时间/解释不清/处理结果,,,,,,,,,,企微联系,2,否,不够清晰,否,1,否,否,移动服务、服务等待,预约时间改了两次，前后说法不一致，影响安排。主要集中在移动服务、服务等待。这次我在昆明昆明呈贡服务中心，时间是工作日下午，希望减少等待。我主要关注线上状态同步。样本号 MOCK-0262。,2,否,维修进度沟通,是,否,,,,,,,,,,,,,,,,,,,,,,,,,,,,,,
263,app_ans_000263,问卷星,服务流程体验售后回访问卷,端午服务保障复盘,App,2026-05-25 10:59:00,211秒,iOS,大连,app_user_0263,177****0263,辽B-MK263,LFAKE000000000263,是,mock-after-sales-v1,服务流程体验型,22,大连,大连甘井子服务中心,到店服务,2,5,否,拒绝联系,服务过程中进度反馈少，我需要自己反复去问。主要集中在服务等待、App预约。这次我在大连大连甘井子服务中心，时间是周末上午，希望后续有人回访。我主要关注现场等待安排。样本号 MOCK-0263。,是,,,,,,,,,,,,,,,,,等待时间/解释不清/处理结果,,,,,,,,,,服务顾问代约,2,否,不够清晰,否,1,否,否,服务等待、App预约,服务过程中进度反馈少，我需要自己反复去问。主要集中在服务等待、App预约。这次我在大连大连甘井子服务中心，时间是周末上午，希望后续有人回访。我主要关注现场等待安排。样本号 MOCK-0263。,2,否,交付说明,是,否,,,,,,,,,,,,,,,,,,,,,,,,,,,,,,
264,app_ans_000264,问卷星,服务流程体验售后回访问卷,到店流程体验复盘,短信链接,2026-05-28 17:12:00,228秒,PC,苏州,app_user_0264,138****0264,苏E-DM0264,LFAKE000000000264,是,mock-after-sales-v1,服务流程体验型,22,苏州,苏州吴中服务中心,移动服务,2,6,是,已授权联系,到店后等待时间太长，期间没人主动告诉我还要等多久。主要集中在App预约、移动服务。这次我在苏州苏州吴中服务中心，时间是周末傍晚，希望解释更直接。我主要关注后续闭环动作。样本号 MOCK-0264。,是,,,,,,,,,,,,,,,,,等待时间/解释不清/处理结果,,,,,,,,,,App预约,2,否,不够清晰,否,1,否,否,App预约、移动服务,到店后等待时间太长，期间没人主动告诉我还要等多久。主要集中在App预约、移动服务。这次我在苏州苏州吴中服务中心，时间是周末傍晚，希望解释更直接。我主要关注后续闭环动作。样本号 MOCK-0264。,2,否,预约确认,是,否,,,,,,,,,,,,,,,,,,,,,,,,,,,,,,
265,app_ans_000265,问卷星,服务流程体验售后回访问卷,移动服务流程回访,企微,2026-05-31 14:25:00,245秒,iOS,昆明,app_user_0265,139****0265,云A-MK265,LFAKE000000000265,是,mock-after-sales-v1,服务流程体验型,22,昆明,昆明呈贡服务中心,到店服务,2,5,否,未询问,预约时间改了两次，前后说法不一致，影响安排。主要集中在移动服务、服务等待。这次我在昆明昆明呈贡服务中心，时间是节前高峰，希望线上状态更准确。我主要关注服务顾问口径。样本号 MOCK-0265。,是,,,,,,,,,,,,,,,,,等待时间/解释不清/处理结果,,,,,,,,,,电话预约,2,否,不够清晰,否,1,否,否,移动服务、服务等待,预约时间改了两次，前后说法不一致，影响安排。主要集中在移动服务、服务等待。这次我在昆明昆明呈贡服务中心，时间是节前高峰，希望线上状态更准确。我主要关注服务顾问口径。样本号 MOCK-0265。,2,否,到店等待,是,否,,,,,,,,,,,,,,,,,,,,,,,,,,,,,,
266,app_ans_000266,问卷星,服务流程体验售后回访问卷,端午服务保障复盘,小程序,2026-06-03 11:38:00,262秒,PC,大连,app_user_0266,136****0266,辽B-MK266,LFAKE000000000266,是,mock-after-sales-v1,服务流程体验型,22,大连,大连甘井子服务中心,移动服务,2,6,否,拒绝联系,服务过程中进度反馈少，我需要自己反复去问。主要集中在服务等待、App预约。这次我在大连大连甘井子服务中心，时间是雨天到店，希望提前同步进度。我主要关注预约变更提醒。样本号 MOCK-0266。,是,,,,,,,,,,,,,,,,,等待时间/解释不清/处理结果,,,,,,,,,,企微联系,2,否,不够清晰,否,1,否,否,服务等待、App预约,服务过程中进度反馈少，我需要自己反复去问。主要集中在服务等待、App预约。这次我在大连大连甘井子服务中心，时间是雨天到店，希望提前同步进度。我主要关注预约变更提醒。样本号 MOCK-0266。,2,否,维修进度沟通,是,否,,,,,,,,,,,,,,,,,,,,,,,,,,,,,,
267,app_ans_000267,问卷星,服务流程体验售后回访问卷,到店流程体验复盘,服务顾问代录,2026-06-06 18:51:00,279秒,iOS,苏州,app_user_0267,135****0267,苏E-MK267,LFAKE000000000267,是,mock-after-sales-v1,服务流程体验型,22,苏州,苏州吴中服务中心,到店服务,1,3,否,已授权联系,到店后等待时间太长，期间没人主动告诉我还要等多久。主要集中在App预约、移动服务。这次我在苏州苏州吴中服务中心，时间是下班后，希望结果更可追溯。我主要关注费用和权益解释。样本号 MOCK-0267。,是,,,,,,,,,,,,,,,,,等待时间/解释不清/处理结果,,,,,,,,,,服务顾问代约,1,否,不够清晰,否,1,否,否,App预约、移动服务,到店后等待时间太长，期间没人主动告诉我还要等多久。主要集中在App预约、移动服务。这次我在苏州苏州吴中服务中心，时间是下班后，希望结果更可追溯。我主要关注费用和权益解释。样本号 MOCK-0267。,1,否,交付说明,是,否,,,,,,,,,,,,,,,,,,,,,,,,,,,,,,
268,app_ans_000268,问卷星,服务流程体验售后回访问卷,移动服务流程回访,App,2026-06-09 15:04:00,296秒,PC,昆明,app_user_0268,188****0268,云A-DM0268,LFAKE000000000268,是,mock-after-sales-v1,服务流程体验型,22,昆明,昆明呈贡服务中心,移动服务,1,4,是,拒绝联系,预约时间改了两次，前后说法不一致，影响安排。主要集中在移动服务、服务等待。这次我在昆明昆明呈贡服务中心，时间是午休时段，希望服务口径一致。我主要关注问题复核安排。样本号 MOCK-0268。,是,,,,,,,,,,,,,,,,,等待时间/解释不清/处理结果,,,,,,,,,,App预约,1,否,不够清晰,否,1,否,否,移动服务、服务等待,预约时间改了两次，前后说法不一致，影响安排。主要集中在移动服务、服务等待。这次我在昆明昆明呈贡服务中心，时间是午休时段，希望服务口径一致。我主要关注问题复核安排。样本号 MOCK-0268。,1,否,预约确认,是,否,,,,,,,,,,,,,,,,,,,,,,,,,,,,,,
269,app_ans_000269,问卷星,服务流程体验售后回访问卷,端午服务保障复盘,短信链接,2026-06-12 12:17:00,73秒,iOS,大连,app_user_0269,177****0269,辽B-MK269,LFAKE000000000269,是,mock-after-sales-v1,服务流程体验型,22,大连,大连甘井子服务中心,到店服务,1,3,否,拒绝联系,服务过程中进度反馈少，我需要自己反复去问。主要集中在服务等待、App预约。这次我在大连大连甘井子服务中心，时间是活动结束后，希望减少等待。我主要关注跨渠道信息一致性。样本号 MOCK-0269。,是,,,,,,,,,,,,,,,,,等待时间/解释不清/处理结果,,,,,,,,,,电话预约,1,否,不够清晰,否,1,否,否,服务等待、App预约,服务过程中进度反馈少，我需要自己反复去问。主要集中在服务等待、App预约。这次我在大连大连甘井子服务中心，时间是活动结束后，希望减少等待。我主要关注跨渠道信息一致性。样本号 MOCK-0269。,1,否,到店等待,是,否,,,,,,,,,,,,,,,,,,,,,,,,,,,,,,
270,app_ans_000270,腾讯问卷,服务流程体验售后回访问卷,到店流程体验复盘,企微,2026-05-01 09:30:00,90秒,PC,苏州,app_user_0270,138****0270,苏E-MK270,LFAKE000000000270,是,mock-after-sales-v1,服务流程体验型,22,苏州,苏州吴中服务中心,移动服务,5,10,是,已授权联系,预约后确认很快，到店有人及时接待，进度同步也比较主动。值得复用的点是App预约。这次我在苏州苏州吴中服务中心，时间是工作日上午，希望后续有人回访。我主要关注首次响应。样本号 MOCK-0270。,是,,,,,,,,,,,,,,,,,服务态度/响应速度/结果可信,,,,,,,,,,企微联系,5,是,清晰,是,5,是,是,暂无明显流程问题,,5,是,无明显浪费,否,是,预约后确认很快，到店有人及时接待，进度同步也比较主动。值得复用的点是App预约。这次我在苏州苏州吴中服务中心，时间是工作日上午，希望后续有人回访。我主要关注首次响应。样本号 MOCK-0270。,,,,,,,,,,,,,,,,,,,,,,,,,,,,,
271,app_ans_000271,腾讯问卷,服务流程体验售后回访问卷,移动服务流程回访,小程序,2026-05-04 16:43:00,107秒,iOS,昆明,app_user_0271,139****0271,云A-MK271,LFAKE000000000271,是,mock-after-sales-v1,服务流程体验型,22,昆明,昆明呈贡服务中心,到店服务,4,8,是,拒绝联系,移动服务按约定时间到达，整个流程很顺，不用反复催。值得复用的点是移动服务。这次我在昆明昆明呈贡服务中心，时间是工作日下午，希望解释更直接。我主要关注交付前说明。样本号 MOCK-0271。,是,,,,,,,,,,,,,,,,,服务态度/响应速度/结果可信,,,,,,,,,,服务顾问代约,4,是,清晰,是,4,是,是,暂无明显流程问题,,4,是,无明显浪费,否,是,移动服务按约定时间到达，整个流程很顺，不用反复催。值得复用的点是移动服务。这次我在昆明昆明呈贡服务中心，时间是工作日下午，希望解释更直接。我主要关注交付前说明。样本号 MOCK-0271。,,,,,,,,,,,,,,,,,,,,,,,,,,,,,
272,app_ans_000272,腾讯问卷,服务流程体验售后回访问卷,端午服务保障复盘,服务顾问代录,2026-05-07 13:56:00,124秒,PC,大连,app_user_0272,136****0272,辽B-DM0272,LFAKE000000000272,是,mock-after-sales-v1,服务流程体验型,22,大连,大连甘井子服务中心,移动服务,4,8,是,拒绝联系,取车交付很顺畅，服务顾问把后续注意事项说清楚了。值得复用的点是服务等待。这次我在大连大连甘井子服务中心，时间是周末上午，希望线上状态更准确。我主要关注线上状态同步。样本号 MOCK-0272。,是,,,,,,,,,,,,,,,,,服务态度/响应速度/结果可信,,,,,,,,,,App预约,4,是,清晰,是,4,是,是,暂无明显流程问题,,4,是,无明显浪费,否,是,取车交付很顺畅，服务顾问把后续注意事项说清楚了。值得复用的点是服务等待。这次我在大连大连甘井子服务中心，时间是周末上午，希望线上状态更准确。我主要关注线上状态同步。样本号 MOCK-0272。,,,,,,,,,,,,,,,,,,,,,,,,,,,,,
273,app_ans_000273,腾讯问卷,服务流程体验售后回访问卷,到店流程体验复盘,App,2026-05-10 10:09:00,141秒,iOS,苏州,app_user_0273,135****0273,苏E-MK273,LFAKE000000000273,是,mock-after-sales-v1,服务流程体验型,22,苏州,苏州吴中服务中心,到店服务,5,9,是,拒绝联系,预约后确认很快，到店有人及时接待，进度同步也比较主动。值得复用的点是App预约。这次我在苏州苏州吴中服务中心，时间是周末傍晚，希望提前同步进度。我主要关注现场等待安排。样本号 MOCK-0273。,是,,,,,,,,,,,,,,,,,服务态度/响应速度/结果可信,,,,,,,,,,电话预约,5,是,清晰,是,5,是,是,暂无明显流程问题,,5,是,无明显浪费,否,是,预约后确认很快，到店有人及时接待，进度同步也比较主动。值得复用的点是App预约。这次我在苏州苏州吴中服务中心，时间是周末傍晚，希望提前同步进度。我主要关注现场等待安排。样本号 MOCK-0273。,,,,,,,,,,,,,,,,,,,,,,,,,,,,,
274,app_ans_000274,腾讯问卷,服务流程体验售后回访问卷,移动服务流程回访,短信链接,2026-05-13 17:22:00,158秒,PC,昆明,app_user_0274,188****0274,云A-MK274,LFAKE000000000274,是,mock-after-sales-v1,服务流程体验型,22,昆明,昆明呈贡服务中心,移动服务,4,8,是,拒绝联系,移动服务按约定时间到达，整个流程很顺，不用反复催。值得复用的点是移动服务。这次我在昆明昆明呈贡服务中心，时间是节前高峰，希望结果更可追溯。我主要关注后续闭环动作。样本号 MOCK-0274。,是,,,,,,,,,,,,,,,,,服务态度/响应速度/结果可信,,,,,,,,,,企微联系,4,是,清晰,是,4,是,是,暂无明显流程问题,,4,是,无明显浪费,否,是,移动服务按约定时间到达，整个流程很顺，不用反复催。值得复用的点是移动服务。这次我在昆明昆明呈贡服务中心，时间是节前高峰，希望结果更可追溯。我主要关注后续闭环动作。样本号 MOCK-0274。,,,,,,,,,,,,,,,,,,,,,,,,,,,,,
275,app_ans_000275,腾讯问卷,服务流程体验售后回访问卷,端午服务保障复盘,企微,2026-05-16 14:35:00,175秒,iOS,大连,app_user_0275,177****0275,辽B-MK275,LFAKE000000000275,是,mock-after-sales-v1,服务流程体验型,22,大连,大连甘井子服务中心,到店服务,4,8,是,未询问,取车交付很顺畅，服务顾问把后续注意事项说清楚了。值得复用的点是服务等待。这次我在大连大连甘井子服务中心，时间是雨天到店，希望服务口径一致。我主要关注服务顾问口径。样本号 MOCK-0275。,是,,,,,,,,,,,,,,,,,服务态度/响应速度/结果可信,,,,,,,,,,服务顾问代约,4,是,清晰,是,4,是,是,暂无明显流程问题,,4,是,无明显浪费,否,是,取车交付很顺畅，服务顾问把后续注意事项说清楚了。值得复用的点是服务等待。这次我在大连大连甘井子服务中心，时间是雨天到店，希望服务口径一致。我主要关注服务顾问口径。样本号 MOCK-0275。,,,,,,,,,,,,,,,,,,,,,,,,,,,,,
276,app_ans_000276,腾讯问卷,服务流程体验售后回访问卷,到店流程体验复盘,小程序,2026-05-19 11:48:00,192秒,PC,苏州,app_user_0276,138****0276,苏E-DM0276,LFAKE000000000276,是,mock-after-sales-v1,服务流程体验型,22,苏州,苏州吴中服务中心,移动服务,3,8,不确定,拒绝联系,流程基本顺畅，但到店后等待区的进度提醒还可以更清楚。后续可继续观察App预约。这次我在苏州苏州吴中服务中心，时间是下班后，希望减少等待。我主要关注预约变更提醒。样本号 MOCK-0276。,是,,,,,,,,,,,,,,,,,服务态度/响应速度/结果可信,,,,,,,,,,App预约,3,是,不够清晰,是,3,否,是,暂无明显流程问题,,3,否,无明显浪费,否,否,,,,,,,,,,,,,,,,,,,,,,,,,,,,,,
277,app_ans_000277,App内问卷,服务流程体验售后回访问卷,移动服务流程回访,服务顾问代录,2026-05-22 18:01:00,209秒,iOS,昆明,app_user_0277,139****0277,云A-MK277,LFAKE000000000277,是,mock-after-sales-v1,服务流程体验型,22,昆明,昆明呈贡服务中心,到店服务,3,7,是,拒绝联系,预约能完成，不过确认时间稍微有点长。后续可继续观察移动服务。这次我在昆明昆明呈贡服务中心，时间是午休时段，希望后续有人回访。我主要关注费用和权益解释。样本号 MOCK-0277。,是,,,,,,,,,,,,,,,,,服务态度/响应速度/结果可信,,,,,,,,,,电话预约,3,是,不够清晰,是,3,否,是,暂无明显流程问题,,3,否,无明显浪费,否,否,,,,,,,,,,,,,,,,,,,,,,,,,,,,,,
278,app_ans_000278,App内问卷,服务流程体验售后回访问卷,端午服务保障复盘,App,2026-05-25 15:14:00,226秒,PC,大连,app_user_0278,136****0278,辽B-MK278,LFAKE000000000278,是,mock-after-sales-v1,服务流程体验型,22,大连,大连甘井子服务中心,移动服务,3,8,是,拒绝联系,服务顾问态度可以，希望下次能提前说明预计等待时间。后续可继续观察服务等待。这次我在大连大连甘井子服务中心，时间是活动结束后，希望解释更直接。我主要关注问题复核安排。样本号 MOCK-0278。,是,,,,,,,,,,,,,,,,,服务态度/响应速度/结果可信,,,,,,,,,,企微联系,3,是,不够清晰,是,3,否,是,暂无明显流程问题,,3,否,无明显浪费,否,否,,,,,,,,,,,,,,,,,,,,,,,,,,,,,,
279,app_ans_000279,短信链接,服务流程体验售后回访问卷,到店流程体验复盘,短信链接,2026-05-28 12:27:00,243秒,iOS,苏州,app_user_0279,135****0279,苏E-MK279,LFAKE000000000279,是,mock-after-sales-v1,服务流程体验型,22,苏州,苏州吴中服务中心,到店服务,3,7,不确定,拒绝联系,流程基本顺畅，但到店后等待区的进度提醒还可以更清楚。后续可继续观察App预约。这次我在苏州苏州吴中服务中心，时间是工作日上午，希望线上状态更准确。我主要关注跨渠道信息一致性。样本号 MOCK-0279。,是,,,,,,,,,,,,,,,,,服务态度/响应速度/结果可信,,,,,,,,,,服务顾问代约,3,是,不够清晰,是,3,否,是,暂无明显流程问题,,3,否,无明显浪费,否,否,,,,,,,,,,,,,,,,,,,,,,,,,,,,,,
280,app_ans_000280,企微链接,服务流程体验售后回访问卷,移动服务流程回访,企微,2026-05-31 09:40:00,260秒,PC,昆明,app_user_0280,188****0280,云A-DM0280,LFAKE000000000280,是,mock-after-sales-v1,服务流程体验型,22,昆明,昆明呈贡服务中心,移动服务,3,8,是,已授权联系,预约能完成，不过确认时间稍微有点长。后续可继续观察移动服务。这次我在昆明昆明呈贡服务中心，时间是工作日下午，希望提前同步进度。我主要关注首次响应。样本号 MOCK-0280。,是,,,,,,,,,,,,,,,,,服务态度/响应速度/结果可信,,,,,,,,,,App预约,3,是,不够清晰,是,3,否,是,暂无明显流程问题,,3,否,无明显浪费,否,否,,,,,,,,,,,,,,,,,,,,,,,,,,,,,,
281,app_ans_000281,问卷星,服务流程体验售后回访问卷,端午服务保障复盘,小程序,2026-06-03 16:53:00,277秒,iOS,大连,app_user_0281,177****0281,辽B-MK281,LFAKE000000000281,是,mock-after-sales-v1,服务流程体验型,22,大连,大连甘井子服务中心,到店服务,2,5,否,拒绝联系,服务过程中进度反馈少，我需要自己反复去问。主要集中在服务等待、App预约。这次我在大连大连甘井子服务中心，时间是周末上午，希望结果更可追溯。我主要关注交付前说明。样本号 MOCK-0281。,是,,,,,,,,,,,,,,,,,等待时间/解释不清/处理结果,,,,,,,,,,电话预约,2,否,不够清晰,否,1,否,否,服务等待、App预约,服务过程中进度反馈少，我需要自己反复去问。主要集中在服务等待、App预约。这次我在大连大连甘井子服务中心，时间是周末上午，希望结果更可追溯。我主要关注交付前说明。样本号 MOCK-0281。,2,否,到店等待,是,否,,,,,,,,,,,,,,,,,,,,,,,,,,,,,,
282,app_ans_000282,问卷星,服务流程体验售后回访问卷,到店流程体验复盘,服务顾问代录,2026-06-06 13:06:00,294秒,PC,苏州,app_user_0282,138****0282,苏E-MK282,LFAKE000000000282,是,mock-after-sales-v1,服务流程体验型,22,苏州,苏州吴中服务中心,移动服务,2,6,否,已授权联系,到店后等待时间太长，期间没人主动告诉我还要等多久。主要集中在App预约、移动服务。这次我在苏州苏州吴中服务中心，时间是周末傍晚，希望服务口径一致。我主要关注线上状态同步。样本号 MOCK-0282。,是,,,,,,,,,,,,,,,,,等待时间/解释不清/处理结果,,,,,,,,,,企微联系,2,否,不够清晰,否,1,否,否,App预约、移动服务,到店后等待时间太长，期间没人主动告诉我还要等多久。主要集中在App预约、移动服务。这次我在苏州苏州吴中服务中心，时间是周末傍晚，希望服务口径一致。我主要关注线上状态同步。样本号 MOCK-0282。,2,否,维修进度沟通,是,否,,,,,,,,,,,,,,,,,,,,,,,,,,,,,,
283,app_ans_000283,问卷星,服务流程体验售后回访问卷,移动服务流程回访,App,2026-06-09 10:19:00,71秒,iOS,昆明,app_user_0283,139****0283,云A-MK283,LFAKE000000000283,是,mock-after-sales-v1,服务流程体验型,22,昆明,昆明呈贡服务中心,到店服务,2,5,否,拒绝联系,预约时间改了两次，前后说法不一致，影响安排。主要集中在移动服务、服务等待。这次我在昆明昆明呈贡服务中心，时间是节前高峰，希望减少等待。我主要关注现场等待安排。样本号 MOCK-0283。,是,,,,,,,,,,,,,,,,,等待时间/解释不清/处理结果,,,,,,,,,,服务顾问代约,2,否,不够清晰,否,1,否,否,移动服务、服务等待,预约时间改了两次，前后说法不一致，影响安排。主要集中在移动服务、服务等待。这次我在昆明昆明呈贡服务中心，时间是节前高峰，希望减少等待。我主要关注现场等待安排。样本号 MOCK-0283。,2,否,交付说明,是,否,,,,,,,,,,,,,,,,,,,,,,,,,,,,,,
284,app_ans_000284,问卷星,服务流程体验售后回访问卷,端午服务保障复盘,短信链接,2026-06-12 17:32:00,88秒,PC,大连,app_user_0284,136****0284,辽B-DM0284,LFAKE000000000284,是,mock-after-sales-v1,服务流程体验型,22,大连,大连甘井子服务中心,移动服务,2,6,是,拒绝联系,服务过程中进度反馈少，我需要自己反复去问。主要集中在服务等待、App预约。这次我在大连大连甘井子服务中心，时间是雨天到店，希望后续有人回访。我主要关注后续闭环动作。样本号 MOCK-0284。,是,,,,,,,,,,,,,,,,,等待时间/解释不清/处理结果,,,,,,,,,,App预约,2,否,不够清晰,否,1,否,否,服务等待、App预约,服务过程中进度反馈少，我需要自己反复去问。主要集中在服务等待、App预约。这次我在大连大连甘井子服务中心，时间是雨天到店，希望后续有人回访。我主要关注后续闭环动作。样本号 MOCK-0284。,2,否,预约确认,是,否,,,,,,,,,,,,,,,,,,,,,,,,,,,,,,
285,app_ans_000285,问卷星,服务流程体验售后回访问卷,到店流程体验复盘,企微,2026-05-01 14:45:00,105秒,iOS,苏州,app_user_0285,135****0285,苏E-MK285,LFAKE000000000285,是,mock-after-sales-v1,服务流程体验型,22,苏州,苏州吴中服务中心,到店服务,2,5,否,已授权联系,到店后等待时间太长，期间没人主动告诉我还要等多久。主要集中在App预约、移动服务。这次我在苏州苏州吴中服务中心，时间是下班后，希望解释更直接。我主要关注服务顾问口径。样本号 MOCK-0285。,是,,,,,,,,,,,,,,,,,等待时间/解释不清/处理结果,,,,,,,,,,电话预约,2,否,不够清晰,否,1,否,否,App预约、移动服务,到店后等待时间太长，期间没人主动告诉我还要等多久。主要集中在App预约、移动服务。这次我在苏州苏州吴中服务中心，时间是下班后，希望解释更直接。我主要关注服务顾问口径。样本号 MOCK-0285。,2,否,到店等待,是,否,,,,,,,,,,,,,,,,,,,,,,,,,,,,,,
286,app_ans_000286,问卷星,服务流程体验售后回访问卷,移动服务流程回访,小程序,2026-05-04 11:58:00,122秒,PC,昆明,app_user_0286,188****0286,云A-MK286,LFAKE000000000286,是,mock-after-sales-v1,服务流程体验型,22,昆明,昆明呈贡服务中心,移动服务,2,6,否,拒绝联系,预约时间改了两次，前后说法不一致，影响安排。主要集中在移动服务、服务等待。这次我在昆明昆明呈贡服务中心，时间是午休时段，希望线上状态更准确。我主要关注预约变更提醒。样本号 MOCK-0286。,是,,,,,,,,,,,,,,,,,等待时间/解释不清/处理结果,,,,,,,,,,企微联系,2,否,不够清晰,否,1,否,否,移动服务、服务等待,预约时间改了两次，前后说法不一致，影响安排。主要集中在移动服务、服务等待。这次我在昆明昆明呈贡服务中心，时间是午休时段，希望线上状态更准确。我主要关注预约变更提醒。样本号 MOCK-0286。,2,否,维修进度沟通,是,否,,,,,,,,,,,,,,,,,,,,,,,,,,,,,,
287,app_ans_000287,问卷星,服务流程体验售后回访问卷,端午服务保障复盘,服务顾问代录,2026-05-07 18:11:00,139秒,iOS,大连,app_user_0287,177****0287,辽B-MK287,LFAKE000000000287,是,mock-after-sales-v1,服务流程体验型,22,大连,大连甘井子服务中心,到店服务,1,3,否,拒绝联系,服务过程中进度反馈少，我需要自己反复去问。主要集中在服务等待、App预约。这次我在大连大连甘井子服务中心，时间是活动结束后，希望提前同步进度。我主要关注费用和权益解释。样本号 MOCK-0287。,是,,,,,,,,,,,,,,,,,等待时间/解释不清/处理结果,,,,,,,,,,服务顾问代约,1,否,不够清晰,否,1,否,否,服务等待、App预约,服务过程中进度反馈少，我需要自己反复去问。主要集中在服务等待、App预约。这次我在大连大连甘井子服务中心，时间是活动结束后，希望提前同步进度。我主要关注费用和权益解释。样本号 MOCK-0287。,1,否,交付说明,是,否,,,,,,,,,,,,,,,,,,,,,,,,,,,,,,
288,app_ans_000288,问卷星,服务流程体验售后回访问卷,到店流程体验复盘,App,2026-05-10 15:24:00,156秒,PC,苏州,app_user_0288,138****0288,苏E-DM0288,LFAKE000000000288,是,mock-after-sales-v1,服务流程体验型,22,苏州,苏州吴中服务中心,移动服务,1,4,是,已授权联系,到店后等待时间太长，期间没人主动告诉我还要等多久。主要集中在App预约、移动服务。这次我在苏州苏州吴中服务中心，时间是工作日上午，希望结果更可追溯。我主要关注问题复核安排。样本号 MOCK-0288。,是,,,,,,,,,,,,,,,,,等待时间/解释不清/处理结果,,,,,,,,,,App预约,1,否,不够清晰,否,1,否,否,App预约、移动服务,到店后等待时间太长，期间没人主动告诉我还要等多久。主要集中在App预约、移动服务。这次我在苏州苏州吴中服务中心，时间是工作日上午，希望结果更可追溯。我主要关注问题复核安排。样本号 MOCK-0288。,1,否,预约确认,是,否,,,,,,,,,,,,,,,,,,,,,,,,,,,,,,
289,app_ans_000289,问卷星,服务流程体验售后回访问卷,移动服务流程回访,短信链接,2026-05-13 12:37:00,173秒,iOS,昆明,app_user_0289,139****0289,云A-MK289,LFAKE000000000289,是,mock-after-sales-v1,服务流程体验型,22,昆明,昆明呈贡服务中心,到店服务,1,3,否,拒绝联系,预约时间改了两次，前后说法不一致，影响安排。主要集中在移动服务、服务等待。这次我在昆明昆明呈贡服务中心，时间是工作日下午，希望服务口径一致。我主要关注跨渠道信息一致性。样本号 MOCK-0289。,是,,,,,,,,,,,,,,,,,等待时间/解释不清/处理结果,,,,,,,,,,电话预约,1,否,不够清晰,否,1,否,否,移动服务、服务等待,预约时间改了两次，前后说法不一致，影响安排。主要集中在移动服务、服务等待。这次我在昆明昆明呈贡服务中心，时间是工作日下午，希望服务口径一致。我主要关注跨渠道信息一致性。样本号 MOCK-0289。,1,否,到店等待,是,否,,,,,,,,,,,,,,,,,,,,,,,,,,,,,,
290,app_ans_000290,腾讯问卷,服务流程体验售后回访问卷,端午服务保障复盘,企微,2026-05-16 09:50:00,190秒,PC,大连,app_user_0290,136****0290,辽B-MK290,LFAKE000000000290,是,mock-after-sales-v1,服务流程体验型,22,大连,大连甘井子服务中心,移动服务,4,8,是,未询问,取车交付很顺畅，服务顾问把后续注意事项说清楚了。值得复用的点是服务等待。这次我在大连大连甘井子服务中心，时间是周末上午，希望减少等待。我主要关注首次响应。样本号 MOCK-0290。,是,,,,,,,,,,,,,,,,,服务态度/响应速度/结果可信,,,,,,,,,,企微联系,4,是,清晰,是,4,是,是,暂无明显流程问题,,4,是,无明显浪费,否,是,取车交付很顺畅，服务顾问把后续注意事项说清楚了。值得复用的点是服务等待。这次我在大连大连甘井子服务中心，时间是周末上午，希望减少等待。我主要关注首次响应。样本号 MOCK-0290。,,,,,,,,,,,,,,,,,,,,,,,,,,,,,
291,app_ans_000291,腾讯问卷,服务流程体验售后回访问卷,到店流程体验复盘,小程序,2026-05-19 16:03:00,207秒,iOS,苏州,app_user_0291,135****0291,苏E-MK291,LFAKE000000000291,是,mock-after-sales-v1,服务流程体验型,22,苏州,苏州吴中服务中心,到店服务,5,9,是,拒绝联系,预约后确认很快，到店有人及时接待，进度同步也比较主动。值得复用的点是App预约。这次我在苏州苏州吴中服务中心，时间是周末傍晚，希望后续有人回访。我主要关注交付前说明。样本号 MOCK-0291。,是,,,,,,,,,,,,,,,,,服务态度/响应速度/结果可信,,,,,,,,,,服务顾问代约,5,是,清晰,是,5,是,是,暂无明显流程问题,,5,是,无明显浪费,否,是,预约后确认很快，到店有人及时接待，进度同步也比较主动。值得复用的点是App预约。这次我在苏州苏州吴中服务中心，时间是周末傍晚，希望后续有人回访。我主要关注交付前说明。样本号 MOCK-0291。,,,,,,,,,,,,,,,,,,,,,,,,,,,,,
292,app_ans_000292,腾讯问卷,服务流程体验售后回访问卷,移动服务流程回访,服务顾问代录,2026-05-22 13:16:00,224秒,PC,昆明,app_user_0292,188****0292,云A-DM0292,LFAKE000000000292,是,mock-after-sales-v1,服务流程体验型,22,昆明,昆明呈贡服务中心,移动服务,4,8,是,拒绝联系,移动服务按约定时间到达，整个流程很顺，不用反复催。值得复用的点是移动服务。这次我在昆明昆明呈贡服务中心，时间是节前高峰，希望解释更直接。我主要关注线上状态同步。样本号 MOCK-0292。,是,,,,,,,,,,,,,,,,,服务态度/响应速度/结果可信,,,,,,,,,,App预约,4,是,清晰,是,4,是,是,暂无明显流程问题,,4,是,无明显浪费,否,是,移动服务按约定时间到达，整个流程很顺，不用反复催。值得复用的点是移动服务。这次我在昆明昆明呈贡服务中心，时间是节前高峰，希望解释更直接。我主要关注线上状态同步。样本号 MOCK-0292。,,,,,,,,,,,,,,,,,,,,,,,,,,,,,
293,app_ans_000293,腾讯问卷,服务流程体验售后回访问卷,端午服务保障复盘,App,2026-05-25 10:29:00,241秒,iOS,大连,app_user_0293,177****0293,辽B-MK293,LFAKE000000000293,是,mock-after-sales-v1,服务流程体验型,22,大连,大连甘井子服务中心,到店服务,4,8,是,拒绝联系,取车交付很顺畅，服务顾问把后续注意事项说清楚了。值得复用的点是服务等待。这次我在大连大连甘井子服务中心，时间是雨天到店，希望线上状态更准确。我主要关注现场等待安排。样本号 MOCK-0293。,是,,,,,,,,,,,,,,,,,服务态度/响应速度/结果可信,,,,,,,,,,电话预约,4,是,清晰,是,4,是,是,暂无明显流程问题,,4,是,无明显浪费,否,是,取车交付很顺畅，服务顾问把后续注意事项说清楚了。值得复用的点是服务等待。这次我在大连大连甘井子服务中心，时间是雨天到店，希望线上状态更准确。我主要关注现场等待安排。样本号 MOCK-0293。,,,,,,,,,,,,,,,,,,,,,,,,,,,,,
294,app_ans_000294,腾讯问卷,服务流程体验售后回访问卷,到店流程体验复盘,短信链接,2026-05-28 17:42:00,258秒,PC,苏州,app_user_0294,138****0294,苏E-MK294,LFAKE000000000294,是,mock-after-sales-v1,服务流程体验型,22,苏州,苏州吴中服务中心,移动服务,5,10,是,拒绝联系,预约后确认很快，到店有人及时接待，进度同步也比较主动。值得复用的点是App预约。这次我在苏州苏州吴中服务中心，时间是下班后，希望提前同步进度。我主要关注后续闭环动作。样本号 MOCK-0294。,是,,,,,,,,,,,,,,,,,服务态度/响应速度/结果可信,,,,,,,,,,企微联系,5,是,清晰,是,5,是,是,暂无明显流程问题,,5,是,无明显浪费,否,是,预约后确认很快，到店有人及时接待，进度同步也比较主动。值得复用的点是App预约。这次我在苏州苏州吴中服务中心，时间是下班后，希望提前同步进度。我主要关注后续闭环动作。样本号 MOCK-0294。,,,,,,,,,,,,,,,,,,,,,,,,,,,,,
295,app_ans_000295,腾讯问卷,服务流程体验售后回访问卷,移动服务流程回访,企微,2026-05-31 14:55:00,275秒,iOS,昆明,app_user_0295,139****0295,云A-MK295,LFAKE000000000295,是,mock-after-sales-v1,服务流程体验型,22,昆明,昆明呈贡服务中心,到店服务,4,8,是,未询问,移动服务按约定时间到达，整个流程很顺，不用反复催。值得复用的点是移动服务。这次我在昆明昆明呈贡服务中心，时间是午休时段，希望结果更可追溯。我主要关注服务顾问口径。样本号 MOCK-0295。,是,,,,,,,,,,,,,,,,,服务态度/响应速度/结果可信,,,,,,,,,,服务顾问代约,4,是,清晰,是,4,是,是,暂无明显流程问题,,4,是,无明显浪费,否,是,移动服务按约定时间到达，整个流程很顺，不用反复催。值得复用的点是移动服务。这次我在昆明昆明呈贡服务中心，时间是午休时段，希望结果更可追溯。我主要关注服务顾问口径。样本号 MOCK-0295。,,,,,,,,,,,,,,,,,,,,,,,,,,,,,
296,app_ans_000296,腾讯问卷,服务流程体验售后回访问卷,端午服务保障复盘,小程序,2026-06-03 11:08:00,292秒,PC,大连,app_user_0296,136****0296,辽B-DM0296,LFAKE000000000296,是,mock-after-sales-v1,服务流程体验型,22,大连,大连甘井子服务中心,移动服务,3,8,是,已授权联系,服务顾问态度可以，希望下次能提前说明预计等待时间。后续可继续观察服务等待。这次我在大连大连甘井子服务中心，时间是活动结束后，希望服务口径一致。我主要关注预约变更提醒。样本号 MOCK-0296。,是,,,,,,,,,,,,,,,,,服务态度/响应速度/结果可信,,,,,,,,,,App预约,3,是,不够清晰,是,3,否,是,暂无明显流程问题,,3,否,无明显浪费,否,否,,,,,,,,,,,,,,,,,,,,,,,,,,,,,,
297,app_ans_000297,App内问卷,服务流程体验售后回访问卷,到店流程体验复盘,服务顾问代录,2026-06-06 18:21:00,69秒,iOS,苏州,app_user_0297,135****0297,苏E-MK297,LFAKE000000000297,是,mock-after-sales-v1,服务流程体验型,22,苏州,苏州吴中服务中心,到店服务,3,7,不确定,拒绝联系,流程基本顺畅，但到店后等待区的进度提醒还可以更清楚。后续可继续观察App预约。这次我在苏州苏州吴中服务中心，时间是工作日上午，希望减少等待。我主要关注费用和权益解释。样本号 MOCK-0297。,是,,,,,,,,,,,,,,,,,服务态度/响应速度/结果可信,,,,,,,,,,电话预约,3,是,不够清晰,是,3,否,是,暂无明显流程问题,,3,否,无明显浪费,否,否,,,,,,,,,,,,,,,,,,,,,,,,,,,,,,
298,app_ans_000298,App内问卷,服务流程体验售后回访问卷,移动服务流程回访,App,2026-06-09 15:34:00,86秒,PC,昆明,app_user_0298,188****0298,云A-MK298,LFAKE000000000298,是,mock-after-sales-v1,服务流程体验型,22,昆明,昆明呈贡服务中心,移动服务,3,8,是,拒绝联系,预约能完成，不过确认时间稍微有点长。后续可继续观察移动服务。这次我在昆明昆明呈贡服务中心，时间是工作日下午，希望后续有人回访。我主要关注问题复核安排。样本号 MOCK-0298。,是,,,,,,,,,,,,,,,,,服务态度/响应速度/结果可信,,,,,,,,,,企微联系,3,是,不够清晰,是,3,否,是,暂无明显流程问题,,3,否,无明显浪费,否,否,,,,,,,,,,,,,,,,,,,,,,,,,,,,,,
299,app_ans_000299,短信链接,服务流程体验售后回访问卷,端午服务保障复盘,短信链接,2026-06-12 12:47:00,103秒,iOS,大连,app_user_0299,177****0299,辽B-MK299,LFAKE000000000299,是,mock-after-sales-v1,服务流程体验型,22,大连,大连甘井子服务中心,到店服务,3,7,是,拒绝联系,服务顾问态度可以，希望下次能提前说明预计等待时间。后续可继续观察服务等待。这次我在大连大连甘井子服务中心，时间是周末上午，希望解释更直接。我主要关注跨渠道信息一致性。样本号 MOCK-0299。,是,,,,,,,,,,,,,,,,,服务态度/响应速度/结果可信,,,,,,,,,,服务顾问代约,3,是,不够清晰,是,3,否,是,暂无明显流程问题,,3,否,无明显浪费,否,否,,,,,,,,,,,,,,,,,,,,,,,,,,,,,,
300,app_ans_000300,企微链接,服务流程体验售后回访问卷,到店流程体验复盘,企微,2026-05-01 09:00:00,120秒,PC,苏州,app_user_0300,138****0300,苏E-DM0300,LFAKE000000000300,是,mock-after-sales-v1,服务流程体验型,22,苏州,苏州吴中服务中心,移动服务,3,8,不确定,未询问,流程基本顺畅，但到店后等待区的进度提醒还可以更清楚。后续可继续观察App预约。这次我在苏州苏州吴中服务中心，时间是周末傍晚，希望线上状态更准确。我主要关注首次响应。样本号 MOCK-0300。,是,,,,,,,,,,,,,,,,,服务态度/响应速度/结果可信,,,,,,,,,,App预约,3,是,不够清晰,是,3,否,是,暂无明显流程问题,,3,否,无明显浪费,否,否,,,,,,,,,,,,,,,,,,,,,,,,,,,,,,
301,app_ans_000301,问卷星,补能App智能化体验问卷,夏季补能体验回访,服务顾问代录,2026-05-04 16:13:00,137秒,iOS,郑州,app_user_0301,139****0301,豫A-MK301,LFAKE000000000301,是,mock-after-sales-v1,补能/App/智能化体验型,20,郑州,郑州高新服务中心,App/OTA,2,5,否,拒绝联系,充电排队信息不准确，到现场才知道要等很久。主要集中在费用理解、补能效率。这次我在郑州郑州高新服务中心，时间是节前高峰，希望提前同步进度。我主要关注交付前说明。样本号 MOCK-0301。,是,,,,,,,,,,,,,,,,,等待时间/解释不清/处理结果,,,,,,,,,,,,,,,,,,,,,,,,,,补能体验,,,,,,否,,2,费用理解、补能效率,充电排队信息不准确，到现场才知道要等很久。主要集中在费用理解、补能效率。这次我在郑州郑州高新服务中心，时间是节前高峰，希望提前同步进度。我主要关注交付前说明。样本号 MOCK-0301。,否,消息提醒,是,,,,,,,,,,,,,,,
302,app_ans_000302,问卷星,补能App智能化体验问卷,App预约体验复盘,App,2026-05-07 13:26:00,154秒,PC,东莞,app_user_0302,136****0302,粤S-MK302,LFAKE000000000302,是,mock-after-sales-v1,补能/App/智能化体验型,20,东莞,东莞南城服务中心,补能体验,2,6,否,拒绝联系,OTA失败原因不清楚，客服也没有给到明确处理方式。主要集中在服务等待、App预约。这次我在东莞东莞南城服务中心，时间是雨天到店，希望结果更可追溯。我主要关注线上状态同步。样本号 MOCK-0302。,是,,,,,,,,,,,,,,,,,等待时间/解释不清/处理结果,,,,,,,,,,,,,,,,,,,,,,,,,,智能功能,2,1,,,,否,,,,,否,OTA说明,是,,,,,,,,,,,,,,,
303,app_ans_000303,问卷星,补能App智能化体验问卷,OTA功能理解回访,短信链接,2026-05-10 10:39:00,171秒,iOS,济南,app_user_0303,135****0303,鲁A-MK303,LFAKE000000000303,是,mock-after-sales-v1,补能/App/智能化体验型,20,济南,济南高新服务中心,App/OTA,2,5,否,已授权联系,App预约失败后没有明确提示，只能反复提交。主要集中在App使用、OTA理解。这次我在济南济南高新服务中心，时间是下班后，希望服务口径一致。我主要关注现场等待安排。样本号 MOCK-0303。,是,,,,,,,,,,,,,,,,,等待时间/解释不清/处理结果,,,,,,,,,,,,,,,,,,,,,,,,,,远程诊断,2,1,App使用、OTA理解,App预约失败后没有明确提示，只能反复提交。主要集中在App使用、OTA理解。这次我在济南济南高新服务中心，时间是下班后，希望服务口径一致。我主要关注现场等待安排。样本号 MOCK-0303。,2,是,App预约失败后没有明确提示，只能反复提交。主要集中在App使用、OTA理解。这次我在济南济南高新服务中心，时间是下班后，希望服务口径一致。我主要关注现场等待安排。样本号 MOCK-0303。,,,,否,补能排队,是,,,,,,,,,,,,,,,
304,app_ans_000304,问卷星,补能App智能化体验问卷,夏季补能体验回访,企微,2026-05-13 17:52:00,188秒,PC,郑州,app_user_0304,188****0304,豫A-DM0304,LFAKE000000000304,是,mock-after-sales-v1,补能/App/智能化体验型,20,郑州,郑州高新服务中心,补能体验,2,6,是,拒绝联系,充电排队信息不准确，到现场才知道要等很久。主要集中在费用理解、补能效率。这次我在郑州郑州高新服务中心，时间是午休时段，希望减少等待。我主要关注后续闭环动作。样本号 MOCK-0304。,是,,,,,,,,,,,,,,,,,等待时间/解释不清/处理结果,,,,,,,,,,,,,,,,,,,,,,,,,,补能体验,,,,,,否,,2,费用理解、补能效率,充电排队信息不准确，到现场才知道要等很久。主要集中在费用理解、补能效率。这次我在郑州郑州高新服务中心，时间是午休时段，希望减少等待。我主要关注后续闭环动作。样本号 MOCK-0304。,是,远程诊断,是,,,,,,,,,,,,,,,
305,app_ans_000305,问卷星,补能App智能化体验问卷,App预约体验复盘,小程序,2026-05-16 14:05:00,205秒,iOS,东莞,app_user_0305,177****0305,粤S-MK305,LFAKE000000000305,是,mock-after-sales-v1,补能/App/智能化体验型,20,东莞,东莞南城服务中心,App/OTA,2,5,否,未询问,OTA失败原因不清楚，客服也没有给到明确处理方式。主要集中在服务等待、App预约。这次我在东莞东莞南城服务中心，时间是活动结束后，希望后续有人回访。我主要关注服务顾问口径。样本号 MOCK-0305。,是,,,,,,,,,,,,,,,,,等待时间/解释不清/处理结果,,,,,,,,,,,,,,,,,,,,,,,,,,OTA升级,2,1,,,,否,,,,,否,App预约,是,,,,,,,,,,,,,,,
306,app_ans_000306,问卷星,补能App智能化体验问卷,OTA功能理解回访,服务顾问代录,2026-05-19 11:18:00,222秒,PC,济南,app_user_0306,138****0306,鲁A-MK306,LFAKE000000000306,是,mock-after-sales-v1,补能/App/智能化体验型,20,济南,济南高新服务中心,补能体验,2,6,否,已授权联系,App预约失败后没有明确提示，只能反复提交。主要集中在App使用、OTA理解。这次我在济南济南高新服务中心，时间是工作日上午，希望解释更直接。我主要关注预约变更提醒。样本号 MOCK-0306。,是,,,,,,,,,,,,,,,,,等待时间/解释不清/处理结果,,,,,,,,,,,,,,,,,,,,,,,,,,智能功能,2,1,App使用、OTA理解,App预约失败后没有明确提示，只能反复提交。主要集中在App使用、OTA理解。这次我在济南济南高新服务中心，时间是工作日上午，希望解释更直接。我主要关注预约变更提醒。样本号 MOCK-0306。,2,是,App预约失败后没有明确提示，只能反复提交。主要集中在App使用、OTA理解。这次我在济南济南高新服务中心，时间是工作日上午，希望解释更直接。我主要关注预约变更提醒。样本号 MOCK-0306。,,,,否,消息提醒,是,,,,,,,,,,,,,,,
307,app_ans_000307,问卷星,补能App智能化体验问卷,夏季补能体验回访,App,2026-05-22 18:31:00,239秒,iOS,郑州,app_user_0307,139****0307,豫A-MK307,LFAKE000000000307,是,mock-after-sales-v1,补能/App/智能化体验型,20,郑州,郑州高新服务中心,App/OTA,1,3,否,拒绝联系,充电排队信息不准确，到现场才知道要等很久。主要集中在费用理解、补能效率。这次我在郑州郑州高新服务中心，时间是工作日下午，希望线上状态更准确。我主要关注费用和权益解释。样本号 MOCK-0307。,是,,,,,,,,,,,,,,,,,等待时间/解释不清/处理结果,,,,,,,,,,,,,,,,,,,,,,,,,,补能体验,,,,,,否,,1,费用理解、补能效率,充电排队信息不准确，到现场才知道要等很久。主要集中在费用理解、补能效率。这次我在郑州郑州高新服务中心，时间是工作日下午，希望线上状态更准确。我主要关注费用和权益解释。样本号 MOCK-0307。,否,OTA说明,是,,,,,,,,,,,,,,,
308,app_ans_000308,问卷星,补能App智能化体验问卷,App预约体验复盘,短信链接,2026-05-25 15:44:00,256秒,PC,东莞,app_user_0308,136****0308,粤S-DM0308,LFAKE000000000308,是,mock-after-sales-v1,补能/App/智能化体验型,20,东莞,东莞南城服务中心,补能体验,1,4,是,拒绝联系,OTA失败原因不清楚，客服也没有给到明确处理方式。主要集中在服务等待、App预约。这次我在东莞东莞南城服务中心，时间是周末上午，希望提前同步进度。我主要关注问题复核安排。样本号 MOCK-0308。,是,,,,,,,,,,,,,,,,,等待时间/解释不清/处理结果,,,,,,,,,,,,,,,,,,,,,,,,,,App预约,1,1,,,,否,,,,,是,补能排队,是,,,,,,,,,,,,,,,
309,app_ans_000309,问卷星,补能App智能化体验问卷,OTA功能理解回访,企微,2026-05-28 12:57:00,273秒,iOS,济南,app_user_0309,135****0309,鲁A-MK309,LFAKE000000000309,是,mock-after-sales-v1,补能/App/智能化体验型,20,济南,济南高新服务中心,App/OTA,1,3,否,已授权联系,App预约失败后没有明确提示，只能反复提交。主要集中在App使用、OTA理解。这次我在济南济南高新服务中心，时间是周末傍晚，希望结果更可追溯。我主要关注跨渠道信息一致性。样本号 MOCK-0309。,是,,,,,,,,,,,,,,,,,等待时间/解释不清/处理结果,,,,,,,,,,,,,,,,,,,,,,,,,,OTA升级,1,1,App使用、OTA理解,App预约失败后没有明确提示，只能反复提交。主要集中在App使用、OTA理解。这次我在济南济南高新服务中心，时间是周末傍晚，希望结果更可追溯。我主要关注跨渠道信息一致性。样本号 MOCK-0309。,1,是,App预约失败后没有明确提示，只能反复提交。主要集中在App使用、OTA理解。这次我在济南济南高新服务中心，时间是周末傍晚，希望结果更可追溯。我主要关注跨渠道信息一致性。样本号 MOCK-0309。,,,,否,远程诊断,是,,,,,,,,,,,,,,,
310,app_ans_000310,腾讯问卷,补能App智能化体验问卷,夏季补能体验回访,小程序,2026-05-31 09:10:00,290秒,PC,郑州,app_user_0310,188****0310,豫A-MK310,LFAKE000000000310,是,mock-after-sales-v1,补能/App/智能化体验型,20,郑州,郑州高新服务中心,补能体验,4,8,是,未询问,补能站点指引比较清楚，现场人员能主动协调排队。值得复用的点是费用理解。这次我在郑州郑州高新服务中心，时间是节前高峰，希望服务口径一致。我主要关注首次响应。样本号 MOCK-0310。,是,,,,,,,,,,,,,,,,,服务态度/响应速度/结果可信,,,,,,,,,,,,,,,,,,,,,,,,,,补能体验,,,,,,否,,4,,,是,App预约,否,,,,,,,,,,,,,,,
311,app_ans_000311,腾讯问卷,补能App智能化体验问卷,App预约体验复盘,服务顾问代录,2026-06-03 16:23:00,67秒,iOS,东莞,app_user_0311,177****0311,粤S-MK311,LFAKE000000000311,是,mock-after-sales-v1,补能/App/智能化体验型,20,东莞,东莞南城服务中心,App/OTA,4,8,是,拒绝联系,OTA提示内容比较明确，升级后功能使用正常。值得复用的点是服务等待。这次我在东莞东莞南城服务中心，时间是雨天到店，希望减少等待。我主要关注交付前说明。样本号 MOCK-0311。,是,,,,,,,,,,,,,,,,,服务态度/响应速度/结果可信,,,,,,,,,,,,,,,,,,,,,,,,,,远程诊断,4,4,,,,否,,,,,是,消息提醒,否,,,,,,,,,,,,,,,
312,app_ans_000312,腾讯问卷,补能App智能化体验问卷,OTA功能理解回访,App,2026-06-06 13:36:00,84秒,PC,济南,app_user_0312,138****0312,鲁A-DM0312,LFAKE000000000312,是,mock-after-sales-v1,补能/App/智能化体验型,20,济南,济南高新服务中心,补能体验,5,10,是,拒绝联系,App预约入口清楚，状态更新及时，服务中心也很快确认。值得复用的点是App使用。这次我在济南济南高新服务中心，时间是下班后，希望后续有人回访。我主要关注线上状态同步。样本号 MOCK-0312。,是,,,,,,,,,,,,,,,,,服务态度/响应速度/结果可信,,,,,,,,,,,,,,,,,,,,,,,,,,App预约,5,5,,,5,否,,,,,是,OTA说明,否,,,,,,,,,,,,,,,
313,app_ans_000313,腾讯问卷,补能App智能化体验问卷,夏季补能体验回访,短信链接,2026-06-09 10:49:00,101秒,iOS,郑州,app_user_0313,139****0313,豫A-MK313,LFAKE000000000313,是,mock-after-sales-v1,补能/App/智能化体验型,20,郑州,郑州高新服务中心,App/OTA,4,8,是,拒绝联系,补能站点指引比较清楚，现场人员能主动协调排队。值得复用的点是费用理解。这次我在郑州郑州高新服务中心，时间是午休时段，希望解释更直接。我主要关注现场等待安排。样本号 MOCK-0313。,是,,,,,,,,,,,,,,,,,服务态度/响应速度/结果可信,,,,,,,,,,,,,,,,,,,,,,,,,,补能体验,,,,,,否,,4,,,是,补能排队,否,,,,,,,,,,,,,,,
314,app_ans_000314,腾讯问卷,补能App智能化体验问卷,App预约体验复盘,企微,2026-06-12 17:02:00,118秒,PC,东莞,app_user_0314,136****0314,粤S-MK314,LFAKE000000000314,是,mock-after-sales-v1,补能/App/智能化体验型,20,东莞,东莞南城服务中心,补能体验,4,8,是,拒绝联系,OTA提示内容比较明确，升级后功能使用正常。值得复用的点是服务等待。这次我在东莞东莞南城服务中心，时间是活动结束后，希望线上状态更准确。我主要关注后续闭环动作。样本号 MOCK-0314。,是,,,,,,,,,,,,,,,,,服务态度/响应速度/结果可信,,,,,,,,,,,,,,,,,,,,,,,,,,智能功能,4,4,,,,否,,,,,是,远程诊断,否,,,,,,,,,,,,,,,
315,app_ans_000315,腾讯问卷,补能App智能化体验问卷,OTA功能理解回访,小程序,2026-05-01 14:15:00,135秒,iOS,济南,app_user_0315,135****0315,鲁A-MK315,LFAKE000000000315,是,mock-after-sales-v1,补能/App/智能化体验型,20,济南,济南高新服务中心,App/OTA,5,9,是,已授权联系,App预约入口清楚，状态更新及时，服务中心也很快确认。值得复用的点是App使用。这次我在济南济南高新服务中心，时间是工作日上午，希望提前同步进度。我主要关注服务顾问口径。样本号 MOCK-0315。,是,,,,,,,,,,,,,,,,,服务态度/响应速度/结果可信,,,,,,,,,,,,,,,,,,,,,,,,,,远程诊断,5,5,,,5,否,,,,,是,App预约,否,,,,,,,,,,,,,,,
316,app_ans_000316,腾讯问卷,补能App智能化体验问卷,夏季补能体验回访,服务顾问代录,2026-05-04 11:28:00,152秒,PC,郑州,app_user_0316,188****0316,豫A-DM0316,LFAKE000000000316,是,mock-after-sales-v1,补能/App/智能化体验型,20,郑州,郑州高新服务中心,补能体验,3,8,是,拒绝联系,补能基本顺利，高峰期排队时间稍长。后续可继续观察费用理解。这次我在郑州郑州高新服务中心，时间是工作日下午，希望结果更可追溯。我主要关注预约变更提醒。样本号 MOCK-0316。,是,,,,,,,,,,,,,,,,,服务态度/响应速度/结果可信,,,,,,,,,,,,,,,,,,,,,,,,,,补能体验,,,,,,否,,3,,补能基本顺利，高峰期排队时间稍长。后续可继续观察费用理解。这次我在郑州郑州高新服务中心，时间是工作日下午，希望结果更可追溯。我主要关注预约变更提醒。样本号 MOCK-0316。,是,消息提醒,否,,,,,,,,,,,,,,,
317,app_ans_000317,App内问卷,补能App智能化体验问卷,App预约体验复盘,App,2026-05-07 18:41:00,169秒,iOS,东莞,app_user_0317,177****0317,粤S-MK317,LFAKE000000000317,是,mock-after-sales-v1,补能/App/智能化体验型,20,东莞,东莞南城服务中心,App/OTA,3,7,是,拒绝联系,OTA升级完成了，希望失败提示和处理方式更清楚。后续可继续观察服务等待。这次我在东莞东莞南城服务中心，时间是周末上午，希望服务口径一致。我主要关注费用和权益解释。样本号 MOCK-0317。,是,,,,,,,,,,,,,,,,,服务态度/响应速度/结果可信,,,,,,,,,,,,,,,,,,,,,,,,,,OTA升级,3,3,,,,否,,,,,是,OTA说明,否,,,,,,,,,,,,,,,
318,app_ans_000318,App内问卷,补能App智能化体验问卷,OTA功能理解回访,短信链接,2026-05-10 15:54:00,186秒,PC,济南,app_user_0318,138****0318,鲁A-MK318,LFAKE000000000318,是,mock-after-sales-v1,补能/App/智能化体验型,20,济南,济南高新服务中心,补能体验,3,8,不确定,拒绝联系,App能完成预约，但状态文案不够直观，需要自己理解。后续可继续观察App使用。这次我在济南济南高新服务中心，时间是周末傍晚，希望减少等待。我主要关注问题复核安排。样本号 MOCK-0318。,是,,,,,,,,,,,,,,,,,服务态度/响应速度/结果可信,,,,,,,,,,,,,,,,,,,,,,,,,,智能功能,3,3,,App能完成预约，但状态文案不够直观，需要自己理解。后续可继续观察App使用。这次我在济南济南高新服务中心，时间是周末傍晚，希望减少等待。我主要关注问题复核安排。样本号 MOCK-0318。,3,否,,,,,不确定,补能排队,否,,,,,,,,,,,,,,,
319,app_ans_000319,短信链接,补能App智能化体验问卷,夏季补能体验回访,企微,2026-05-13 12:07:00,203秒,iOS,郑州,app_user_0319,139****0319,豫A-MK319,LFAKE000000000319,是,mock-after-sales-v1,补能/App/智能化体验型,20,郑州,郑州高新服务中心,App/OTA,3,7,是,拒绝联系,补能基本顺利，高峰期排队时间稍长。后续可继续观察费用理解。这次我在郑州郑州高新服务中心，时间是节前高峰，希望后续有人回访。我主要关注跨渠道信息一致性。样本号 MOCK-0319。,是,,,,,,,,,,,,,,,,,服务态度/响应速度/结果可信,,,,,,,,,,,,,,,,,,,,,,,,,,补能体验,,,,,,否,,3,,补能基本顺利，高峰期排队时间稍长。后续可继续观察费用理解。这次我在郑州郑州高新服务中心，时间是节前高峰，希望后续有人回访。我主要关注跨渠道信息一致性。样本号 MOCK-0319。,是,远程诊断,否,,,,,,,,,,,,,,,
320,app_ans_000320,企微链接,补能App智能化体验问卷,App预约体验复盘,小程序,2026-05-16 09:20:00,220秒,PC,东莞,app_user_0320,136****0320,粤S-DM0320,LFAKE000000000320,是,mock-after-sales-v1,补能/App/智能化体验型,20,东莞,东莞南城服务中心,补能体验,3,8,是,已授权联系,OTA升级完成了，希望失败提示和处理方式更清楚。后续可继续观察服务等待。这次我在东莞东莞南城服务中心，时间是雨天到店，希望解释更直接。我主要关注首次响应。样本号 MOCK-0320。,是,,,,,,,,,,,,,,,,,服务态度/响应速度/结果可信,,,,,,,,,,,,,,,,,,,,,,,,,,App预约,3,3,,,,否,,,,,是,App预约,否,,,,,,,,,,,,,,,
321,app_ans_000321,问卷星,补能App智能化体验问卷,OTA功能理解回访,服务顾问代录,2026-05-19 16:33:00,237秒,iOS,济南,app_user_0321,135****0321,鲁A-MK321,LFAKE000000000321,是,mock-after-sales-v1,补能/App/智能化体验型,20,济南,济南高新服务中心,App/OTA,2,5,否,已授权联系,App预约失败后没有明确提示，只能反复提交。主要集中在App使用、OTA理解。这次我在济南济南高新服务中心，时间是下班后，希望线上状态更准确。我主要关注交付前说明。样本号 MOCK-0321。,是,,,,,,,,,,,,,,,,,等待时间/解释不清/处理结果,,,,,,,,,,,,,,,,,,,,,,,,,,OTA升级,2,1,App使用、OTA理解,App预约失败后没有明确提示，只能反复提交。主要集中在App使用、OTA理解。这次我在济南济南高新服务中心，时间是下班后，希望线上状态更准确。我主要关注交付前说明。样本号 MOCK-0321。,2,是,App预约失败后没有明确提示，只能反复提交。主要集中在App使用、OTA理解。这次我在济南济南高新服务中心，时间是下班后，希望线上状态更准确。我主要关注交付前说明。样本号 MOCK-0321。,,,,否,消息提醒,是,,,,,,,,,,,,,,,
322,app_ans_000322,问卷星,补能App智能化体验问卷,夏季补能体验回访,App,2026-05-22 13:46:00,254秒,PC,郑州,app_user_0322,188****0322,豫A-MK322,LFAKE000000000322,是,mock-after-sales-v1,补能/App/智能化体验型,20,郑州,郑州高新服务中心,补能体验,2,6,否,拒绝联系,充电排队信息不准确，到现场才知道要等很久。主要集中在费用理解、补能效率。这次我在郑州郑州高新服务中心，时间是午休时段，希望提前同步进度。我主要关注线上状态同步。样本号 MOCK-0322。,是,,,,,,,,,,,,,,,,,等待时间/解释不清/处理结果,,,,,,,,,,,,,,,,,,,,,,,,,,补能体验,,,,,,否,,2,费用理解、补能效率,充电排队信息不准确，到现场才知道要等很久。主要集中在费用理解、补能效率。这次我在郑州郑州高新服务中心，时间是午休时段，希望提前同步进度。我主要关注线上状态同步。样本号 MOCK-0322。,否,OTA说明,是,,,,,,,,,,,,,,,
323,app_ans_000323,问卷星,补能App智能化体验问卷,App预约体验复盘,短信链接,2026-05-25 10:59:00,271秒,iOS,东莞,app_user_0323,177****0323,粤S-MK323,LFAKE000000000323,是,mock-after-sales-v1,补能/App/智能化体验型,20,东莞,东莞南城服务中心,App/OTA,2,5,否,拒绝联系,OTA失败原因不清楚，客服也没有给到明确处理方式。主要集中在服务等待、App预约。这次我在东莞东莞南城服务中心，时间是活动结束后，希望结果更可追溯。我主要关注现场等待安排。样本号 MOCK-0323。,是,,,,,,,,,,,,,,,,,等待时间/解释不清/处理结果,,,,,,,,,,,,,,,,,,,,,,,,,,远程诊断,2,1,,,,否,,,,,否,补能排队,是,,,,,,,,,,,,,,,
324,app_ans_000324,问卷星,补能App智能化体验问卷,OTA功能理解回访,企微,2026-05-28 17:12:00,288秒,PC,济南,app_user_0324,138****0324,鲁A-DM0324,LFAKE000000000324,是,mock-after-sales-v1,补能/App/智能化体验型,20,济南,济南高新服务中心,补能体验,2,6,是,已授权联系,App预约失败后没有明确提示，只能反复提交。主要集中在App使用、OTA理解。这次我在济南济南高新服务中心，时间是工作日上午，希望服务口径一致。我主要关注后续闭环动作。样本号 MOCK-0324。,是,,,,,,,,,,,,,,,,,等待时间/解释不清/处理结果,,,,,,,,,,,,,,,,,,,,,,,,,,App预约,2,1,App使用、OTA理解,App预约失败后没有明确提示，只能反复提交。主要集中在App使用、OTA理解。这次我在济南济南高新服务中心，时间是工作日上午，希望服务口径一致。我主要关注后续闭环动作。样本号 MOCK-0324。,2,是,App预约失败后没有明确提示，只能反复提交。主要集中在App使用、OTA理解。这次我在济南济南高新服务中心，时间是工作日上午，希望服务口径一致。我主要关注后续闭环动作。样本号 MOCK-0324。,,,,是,远程诊断,是,,,,,,,,,,,,,,,
325,app_ans_000325,问卷星,补能App智能化体验问卷,夏季补能体验回访,小程序,2026-05-31 14:25:00,65秒,iOS,郑州,app_user_0325,139****0325,豫A-MK325,LFAKE000000000325,是,mock-after-sales-v1,补能/App/智能化体验型,20,郑州,郑州高新服务中心,App/OTA,2,5,否,未询问,充电排队信息不准确，到现场才知道要等很久。主要集中在费用理解、补能效率。这次我在郑州郑州高新服务中心，时间是工作日下午，希望减少等待。我主要关注服务顾问口径。样本号 MOCK-0325。,是,,,,,,,,,,,,,,,,,等待时间/解释不清/处理结果,,,,,,,,,,,,,,,,,,,,,,,,,,补能体验,,,,,,否,,2,费用理解、补能效率,充电排队信息不准确，到现场才知道要等很久。主要集中在费用理解、补能效率。这次我在郑州郑州高新服务中心，时间是工作日下午，希望减少等待。我主要关注服务顾问口径。样本号 MOCK-0325。,否,App预约,是,,,,,,,,,,,,,,,
326,app_ans_000326,问卷星,补能App智能化体验问卷,App预约体验复盘,服务顾问代录,2026-06-03 11:38:00,82秒,PC,东莞,app_user_0326,136****0326,粤S-MK326,LFAKE000000000326,是,mock-after-sales-v1,补能/App/智能化体验型,20,东莞,东莞南城服务中心,补能体验,2,6,否,拒绝联系,OTA失败原因不清楚，客服也没有给到明确处理方式。主要集中在服务等待、App预约。这次我在东莞东莞南城服务中心，时间是周末上午，希望后续有人回访。我主要关注预约变更提醒。样本号 MOCK-0326。,是,,,,,,,,,,,,,,,,,等待时间/解释不清/处理结果,,,,,,,,,,,,,,,,,,,,,,,,,,智能功能,2,1,,,,否,,,,,否,消息提醒,是,,,,,,,,,,,,,,,
327,app_ans_000327,问卷星,补能App智能化体验问卷,OTA功能理解回访,App,2026-06-06 18:51:00,99秒,iOS,济南,app_user_0327,135****0327,鲁A-MK327,LFAKE000000000327,是,mock-after-sales-v1,补能/App/智能化体验型,20,济南,济南高新服务中心,App/OTA,1,3,否,已授权联系,App预约失败后没有明确提示，只能反复提交。主要集中在App使用、OTA理解。这次我在济南济南高新服务中心，时间是周末傍晚，希望解释更直接。我主要关注费用和权益解释。样本号 MOCK-0327。,是,,,,,,,,,,,,,,,,,等待时间/解释不清/处理结果,,,,,,,,,,,,,,,,,,,,,,,,,,远程诊断,1,1,App使用、OTA理解,App预约失败后没有明确提示，只能反复提交。主要集中在App使用、OTA理解。这次我在济南济南高新服务中心，时间是周末傍晚，希望解释更直接。我主要关注费用和权益解释。样本号 MOCK-0327。,1,是,App预约失败后没有明确提示，只能反复提交。主要集中在App使用、OTA理解。这次我在济南济南高新服务中心，时间是周末傍晚，希望解释更直接。我主要关注费用和权益解释。样本号 MOCK-0327。,,,,否,OTA说明,是,,,,,,,,,,,,,,,
328,app_ans_000328,问卷星,补能App智能化体验问卷,夏季补能体验回访,短信链接,2026-06-09 15:04:00,116秒,PC,郑州,app_user_0328,188****0328,豫A-DM0328,LFAKE000000000328,是,mock-after-sales-v1,补能/App/智能化体验型,20,郑州,郑州高新服务中心,补能体验,1,4,是,拒绝联系,充电排队信息不准确，到现场才知道要等很久。主要集中在费用理解、补能效率。这次我在郑州郑州高新服务中心，时间是节前高峰，希望线上状态更准确。我主要关注问题复核安排。样本号 MOCK-0328。,是,,,,,,,,,,,,,,,,,等待时间/解释不清/处理结果,,,,,,,,,,,,,,,,,,,,,,,,,,补能体验,,,,,,否,,1,费用理解、补能效率,充电排队信息不准确，到现场才知道要等很久。主要集中在费用理解、补能效率。这次我在郑州郑州高新服务中心，时间是节前高峰，希望线上状态更准确。我主要关注问题复核安排。样本号 MOCK-0328。,是,补能排队,是,,,,,,,,,,,,,,,
329,app_ans_000329,问卷星,补能App智能化体验问卷,App预约体验复盘,企微,2026-06-12 12:17:00,133秒,iOS,东莞,app_user_0329,177****0329,粤S-MK329,LFAKE000000000329,是,mock-after-sales-v1,补能/App/智能化体验型,20,东莞,东莞南城服务中心,App/OTA,1,3,否,拒绝联系,OTA失败原因不清楚，客服也没有给到明确处理方式。主要集中在服务等待、App预约。这次我在东莞东莞南城服务中心，时间是雨天到店，希望提前同步进度。我主要关注跨渠道信息一致性。样本号 MOCK-0329。,是,,,,,,,,,,,,,,,,,等待时间/解释不清/处理结果,,,,,,,,,,,,,,,,,,,,,,,,,,OTA升级,1,1,,,,否,,,,,否,远程诊断,是,,,,,,,,,,,,,,,
330,app_ans_000330,腾讯问卷,补能App智能化体验问卷,OTA功能理解回访,小程序,2026-05-01 09:30:00,150秒,PC,济南,app_user_0330,138****0330,鲁A-MK330,LFAKE000000000330,是,mock-after-sales-v1,补能/App/智能化体验型,20,济南,济南高新服务中心,补能体验,5,10,是,已授权联系,App预约入口清楚，状态更新及时，服务中心也很快确认。值得复用的点是App使用。这次我在济南济南高新服务中心，时间是下班后，希望结果更可追溯。我主要关注首次响应。样本号 MOCK-0330。,是,,,,,,,,,,,,,,,,,服务态度/响应速度/结果可信,,,,,,,,,,,,,,,,,,,,,,,,,,智能功能,5,5,,,5,否,,,,,是,App预约,否,,,,,,,,,,,,,,,
331,app_ans_000331,腾讯问卷,补能App智能化体验问卷,夏季补能体验回访,服务顾问代录,2026-05-04 16:43:00,167秒,iOS,郑州,app_user_0331,139****0331,豫A-MK331,LFAKE000000000331,是,mock-after-sales-v1,补能/App/智能化体验型,20,郑州,郑州高新服务中心,App/OTA,4,8,是,拒绝联系,补能站点指引比较清楚，现场人员能主动协调排队。值得复用的点是费用理解。这次我在郑州郑州高新服务中心，时间是午休时段，希望服务口径一致。我主要关注交付前说明。样本号 MOCK-0331。,是,,,,,,,,,,,,,,,,,服务态度/响应速度/结果可信,,,,,,,,,,,,,,,,,,,,,,,,,,补能体验,,,,,,否,,4,,,是,消息提醒,否,,,,,,,,,,,,,,,
332,app_ans_000332,腾讯问卷,补能App智能化体验问卷,App预约体验复盘,App,2026-05-07 13:56:00,184秒,PC,东莞,app_user_0332,136****0332,粤S-DM0332,LFAKE000000000332,是,mock-after-sales-v1,补能/App/智能化体验型,20,东莞,东莞南城服务中心,补能体验,4,8,是,拒绝联系,OTA提示内容比较明确，升级后功能使用正常。值得复用的点是服务等待。这次我在东莞东莞南城服务中心，时间是活动结束后，希望减少等待。我主要关注线上状态同步。样本号 MOCK-0332。,是,,,,,,,,,,,,,,,,,服务态度/响应速度/结果可信,,,,,,,,,,,,,,,,,,,,,,,,,,App预约,4,4,,,,否,,,,,是,OTA说明,否,,,,,,,,,,,,,,,
333,app_ans_000333,腾讯问卷,补能App智能化体验问卷,OTA功能理解回访,短信链接,2026-05-10 10:09:00,201秒,iOS,济南,app_user_0333,135****0333,鲁A-MK333,LFAKE000000000333,是,mock-after-sales-v1,补能/App/智能化体验型,20,济南,济南高新服务中心,App/OTA,5,9,是,拒绝联系,App预约入口清楚，状态更新及时，服务中心也很快确认。值得复用的点是App使用。这次我在济南济南高新服务中心，时间是工作日上午，希望后续有人回访。我主要关注现场等待安排。样本号 MOCK-0333。,是,,,,,,,,,,,,,,,,,服务态度/响应速度/结果可信,,,,,,,,,,,,,,,,,,,,,,,,,,OTA升级,5,5,,,5,否,,,,,是,补能排队,否,,,,,,,,,,,,,,,
334,app_ans_000334,腾讯问卷,补能App智能化体验问卷,夏季补能体验回访,企微,2026-05-13 17:22:00,218秒,PC,郑州,app_user_0334,188****0334,豫A-MK334,LFAKE000000000334,是,mock-after-sales-v1,补能/App/智能化体验型,20,郑州,郑州高新服务中心,补能体验,4,8,是,拒绝联系,补能站点指引比较清楚，现场人员能主动协调排队。值得复用的点是费用理解。这次我在郑州郑州高新服务中心，时间是工作日下午，希望解释更直接。我主要关注后续闭环动作。样本号 MOCK-0334。,是,,,,,,,,,,,,,,,,,服务态度/响应速度/结果可信,,,,,,,,,,,,,,,,,,,,,,,,,,补能体验,,,,,,否,,4,,,是,远程诊断,否,,,,,,,,,,,,,,,
335,app_ans_000335,腾讯问卷,补能App智能化体验问卷,App预约体验复盘,小程序,2026-05-16 14:35:00,235秒,iOS,东莞,app_user_0335,177****0335,粤S-MK335,LFAKE000000000335,是,mock-after-sales-v1,补能/App/智能化体验型,20,东莞,东莞南城服务中心,App/OTA,4,8,是,未询问,OTA提示内容比较明确，升级后功能使用正常。值得复用的点是服务等待。这次我在东莞东莞南城服务中心，时间是周末上午，希望线上状态更准确。我主要关注服务顾问口径。样本号 MOCK-0335。,是,,,,,,,,,,,,,,,,,服务态度/响应速度/结果可信,,,,,,,,,,,,,,,,,,,,,,,,,,远程诊断,4,4,,,,否,,,,,是,App预约,否,,,,,,,,,,,,,,,
336,app_ans_000336,腾讯问卷,补能App智能化体验问卷,OTA功能理解回访,服务顾问代录,2026-05-19 11:48:00,252秒,PC,济南,app_user_0336,138****0336,鲁A-DM0336,LFAKE000000000336,是,mock-after-sales-v1,补能/App/智能化体验型,20,济南,济南高新服务中心,补能体验,3,8,不确定,已授权联系,App能完成预约，但状态文案不够直观，需要自己理解。后续可继续观察App使用。这次我在济南济南高新服务中心，时间是周末傍晚，希望提前同步进度。我主要关注预约变更提醒。样本号 MOCK-0336。,是,,,,,,,,,,,,,,,,,服务态度/响应速度/结果可信,,,,,,,,,,,,,,,,,,,,,,,,,,App预约,3,3,,App能完成预约，但状态文案不够直观，需要自己理解。后续可继续观察App使用。这次我在济南济南高新服务中心，时间是周末傍晚，希望提前同步进度。我主要关注预约变更提醒。样本号 MOCK-0336。,3,否,,,,,不确定,消息提醒,否,,,,,,,,,,,,,,,
337,app_ans_000337,App内问卷,补能App智能化体验问卷,夏季补能体验回访,App,2026-05-22 18:01:00,269秒,iOS,郑州,app_user_0337,139****0337,豫A-MK337,LFAKE000000000337,是,mock-after-sales-v1,补能/App/智能化体验型,20,郑州,郑州高新服务中心,App/OTA,3,7,是,拒绝联系,补能基本顺利，高峰期排队时间稍长。后续可继续观察费用理解。这次我在郑州郑州高新服务中心，时间是节前高峰，希望结果更可追溯。我主要关注费用和权益解释。样本号 MOCK-0337。,是,,,,,,,,,,,,,,,,,服务态度/响应速度/结果可信,,,,,,,,,,,,,,,,,,,,,,,,,,补能体验,,,,,,否,,3,,补能基本顺利，高峰期排队时间稍长。后续可继续观察费用理解。这次我在郑州郑州高新服务中心，时间是节前高峰，希望结果更可追溯。我主要关注费用和权益解释。样本号 MOCK-0337。,是,OTA说明,否,,,,,,,,,,,,,,,
338,app_ans_000338,App内问卷,补能App智能化体验问卷,App预约体验复盘,短信链接,2026-05-25 15:14:00,286秒,PC,东莞,app_user_0338,136****0338,粤S-MK338,LFAKE000000000338,是,mock-after-sales-v1,补能/App/智能化体验型,20,东莞,东莞南城服务中心,补能体验,3,8,是,拒绝联系,OTA升级完成了，希望失败提示和处理方式更清楚。后续可继续观察服务等待。这次我在东莞东莞南城服务中心，时间是雨天到店，希望服务口径一致。我主要关注问题复核安排。样本号 MOCK-0338。,是,,,,,,,,,,,,,,,,,服务态度/响应速度/结果可信,,,,,,,,,,,,,,,,,,,,,,,,,,智能功能,3,3,,,,否,,,,,是,补能排队,否,,,,,,,,,,,,,,,
339,app_ans_000339,短信链接,补能App智能化体验问卷,OTA功能理解回访,企微,2026-05-28 12:27:00,63秒,iOS,济南,app_user_0339,135****0339,鲁A-MK339,LFAKE000000000339,是,mock-after-sales-v1,补能/App/智能化体验型,20,济南,济南高新服务中心,App/OTA,3,7,不确定,拒绝联系,App能完成预约，但状态文案不够直观，需要自己理解。后续可继续观察App使用。这次我在济南济南高新服务中心，时间是下班后，希望减少等待。我主要关注跨渠道信息一致性。样本号 MOCK-0339。,是,,,,,,,,,,,,,,,,,服务态度/响应速度/结果可信,,,,,,,,,,,,,,,,,,,,,,,,,,远程诊断,3,3,,App能完成预约，但状态文案不够直观，需要自己理解。后续可继续观察App使用。这次我在济南济南高新服务中心，时间是下班后，希望减少等待。我主要关注跨渠道信息一致性。样本号 MOCK-0339。,3,否,,,,,不确定,远程诊断,否,,,,,,,,,,,,,,,
340,app_ans_000340,企微链接,补能App智能化体验问卷,夏季补能体验回访,小程序,2026-05-31 09:40:00,80秒,PC,郑州,app_user_0340,188****0340,豫A-DM0340,LFAKE000000000340,是,mock-after-sales-v1,补能/App/智能化体验型,20,郑州,郑州高新服务中心,补能体验,3,8,是,未询问,补能基本顺利，高峰期排队时间稍长。后续可继续观察费用理解。这次我在郑州郑州高新服务中心，时间是午休时段，希望后续有人回访。我主要关注首次响应。样本号 MOCK-0340。,是,,,,,,,,,,,,,,,,,服务态度/响应速度/结果可信,,,,,,,,,,,,,,,,,,,,,,,,,,补能体验,,,,,,否,,3,,补能基本顺利，高峰期排队时间稍长。后续可继续观察费用理解。这次我在郑州郑州高新服务中心，时间是午休时段，希望后续有人回访。我主要关注首次响应。样本号 MOCK-0340。,是,App预约,否,,,,,,,,,,,,,,,
341,app_ans_000341,问卷星,补能App智能化体验问卷,App预约体验复盘,服务顾问代录,2026-06-03 16:53:00,97秒,iOS,东莞,app_user_0341,177****0341,粤S-MK341,LFAKE000000000341,是,mock-after-sales-v1,补能/App/智能化体验型,20,东莞,东莞南城服务中心,App/OTA,2,5,否,拒绝联系,OTA失败原因不清楚，客服也没有给到明确处理方式。主要集中在服务等待、App预约。这次我在东莞东莞南城服务中心，时间是活动结束后，希望解释更直接。我主要关注交付前说明。样本号 MOCK-0341。,是,,,,,,,,,,,,,,,,,等待时间/解释不清/处理结果,,,,,,,,,,,,,,,,,,,,,,,,,,OTA升级,2,1,,,,否,,,,,否,消息提醒,是,,,,,,,,,,,,,,,
342,app_ans_000342,问卷星,补能App智能化体验问卷,OTA功能理解回访,App,2026-06-06 13:06:00,114秒,PC,济南,app_user_0342,138****0342,鲁A-MK342,LFAKE000000000342,是,mock-after-sales-v1,补能/App/智能化体验型,20,济南,济南高新服务中心,补能体验,2,6,否,已授权联系,App预约失败后没有明确提示，只能反复提交。主要集中在App使用、OTA理解。这次我在济南济南高新服务中心，时间是工作日上午，希望线上状态更准确。我主要关注线上状态同步。样本号 MOCK-0342。,是,,,,,,,,,,,,,,,,,等待时间/解释不清/处理结果,,,,,,,,,,,,,,,,,,,,,,,,,,智能功能,2,1,App使用、OTA理解,App预约失败后没有明确提示，只能反复提交。主要集中在App使用、OTA理解。这次我在济南济南高新服务中心，时间是工作日上午，希望线上状态更准确。我主要关注线上状态同步。样本号 MOCK-0342。,2,是,App预约失败后没有明确提示，只能反复提交。主要集中在App使用、OTA理解。这次我在济南济南高新服务中心，时间是工作日上午，希望线上状态更准确。我主要关注线上状态同步。样本号 MOCK-0342。,,,,否,OTA说明,是,,,,,,,,,,,,,,,
343,app_ans_000343,问卷星,补能App智能化体验问卷,夏季补能体验回访,短信链接,2026-06-09 10:19:00,131秒,iOS,郑州,app_user_0343,139****0343,豫A-MK343,LFAKE000000000343,是,mock-after-sales-v1,补能/App/智能化体验型,20,郑州,郑州高新服务中心,App/OTA,2,5,否,拒绝联系,充电排队信息不准确，到现场才知道要等很久。主要集中在费用理解、补能效率。这次我在郑州郑州高新服务中心，时间是工作日下午，希望提前同步进度。我主要关注现场等待安排。样本号 MOCK-0343。,是,,,,,,,,,,,,,,,,,等待时间/解释不清/处理结果,,,,,,,,,,,,,,,,,,,,,,,,,,补能体验,,,,,,否,,2,费用理解、补能效率,充电排队信息不准确，到现场才知道要等很久。主要集中在费用理解、补能效率。这次我在郑州郑州高新服务中心，时间是工作日下午，希望提前同步进度。我主要关注现场等待安排。样本号 MOCK-0343。,否,补能排队,是,,,,,,,,,,,,,,,
344,app_ans_000344,问卷星,补能App智能化体验问卷,App预约体验复盘,企微,2026-06-12 17:32:00,148秒,PC,东莞,app_user_0344,136****0344,粤S-DM0344,LFAKE000000000344,是,mock-after-sales-v1,补能/App/智能化体验型,20,东莞,东莞南城服务中心,补能体验,2,6,是,拒绝联系,OTA失败原因不清楚，客服也没有给到明确处理方式。主要集中在服务等待、App预约。这次我在东莞东莞南城服务中心，时间是周末上午，希望结果更可追溯。我主要关注后续闭环动作。样本号 MOCK-0344。,是,,,,,,,,,,,,,,,,,等待时间/解释不清/处理结果,,,,,,,,,,,,,,,,,,,,,,,,,,App预约,2,1,,,,否,,,,,是,远程诊断,是,,,,,,,,,,,,,,,
345,app_ans_000345,问卷星,补能App智能化体验问卷,OTA功能理解回访,小程序,2026-05-01 14:45:00,165秒,iOS,济南,app_user_0345,135****0345,鲁A-MK345,LFAKE000000000345,是,mock-after-sales-v1,补能/App/智能化体验型,20,济南,济南高新服务中心,App/OTA,2,5,否,已授权联系,App预约失败后没有明确提示，只能反复提交。主要集中在App使用、OTA理解。这次我在济南济南高新服务中心，时间是周末傍晚，希望服务口径一致。我主要关注服务顾问口径。样本号 MOCK-0345。,是,,,,,,,,,,,,,,,,,等待时间/解释不清/处理结果,,,,,,,,,,,,,,,,,,,,,,,,,,OTA升级,2,1,App使用、OTA理解,App预约失败后没有明确提示，只能反复提交。主要集中在App使用、OTA理解。这次我在济南济南高新服务中心，时间是周末傍晚，希望服务口径一致。我主要关注服务顾问口径。样本号 MOCK-0345。,2,是,App预约失败后没有明确提示，只能反复提交。主要集中在App使用、OTA理解。这次我在济南济南高新服务中心，时间是周末傍晚，希望服务口径一致。我主要关注服务顾问口径。样本号 MOCK-0345。,,,,否,App预约,是,,,,,,,,,,,,,,,
346,app_ans_000346,问卷星,补能App智能化体验问卷,夏季补能体验回访,服务顾问代录,2026-05-04 11:58:00,182秒,PC,郑州,app_user_0346,188****0346,豫A-MK346,LFAKE000000000346,是,mock-after-sales-v1,补能/App/智能化体验型,20,郑州,郑州高新服务中心,补能体验,2,6,否,拒绝联系,充电排队信息不准确，到现场才知道要等很久。主要集中在费用理解、补能效率。这次我在郑州郑州高新服务中心，时间是节前高峰，希望减少等待。我主要关注预约变更提醒。样本号 MOCK-0346。,是,,,,,,,,,,,,,,,,,等待时间/解释不清/处理结果,,,,,,,,,,,,,,,,,,,,,,,,,,补能体验,,,,,,否,,2,费用理解、补能效率,充电排队信息不准确，到现场才知道要等很久。主要集中在费用理解、补能效率。这次我在郑州郑州高新服务中心，时间是节前高峰，希望减少等待。我主要关注预约变更提醒。样本号 MOCK-0346。,否,消息提醒,是,,,,,,,,,,,,,,,
347,app_ans_000347,问卷星,补能App智能化体验问卷,App预约体验复盘,App,2026-05-07 18:11:00,199秒,iOS,东莞,app_user_0347,177****0347,粤S-MK347,LFAKE000000000347,是,mock-after-sales-v1,补能/App/智能化体验型,20,东莞,东莞南城服务中心,App/OTA,1,3,否,拒绝联系,OTA失败原因不清楚，客服也没有给到明确处理方式。主要集中在服务等待、App预约。这次我在东莞东莞南城服务中心，时间是雨天到店，希望后续有人回访。我主要关注费用和权益解释。样本号 MOCK-0347。,是,,,,,,,,,,,,,,,,,等待时间/解释不清/处理结果,,,,,,,,,,,,,,,,,,,,,,,,,,远程诊断,1,1,,,,否,,,,,否,OTA说明,是,,,,,,,,,,,,,,,
348,app_ans_000348,问卷星,补能App智能化体验问卷,OTA功能理解回访,短信链接,2026-05-10 15:24:00,216秒,PC,济南,app_user_0348,138****0348,鲁A-DM0348,LFAKE000000000348,是,mock-after-sales-v1,补能/App/智能化体验型,20,济南,济南高新服务中心,补能体验,1,4,是,已授权联系,App预约失败后没有明确提示，只能反复提交。主要集中在App使用、OTA理解。这次我在济南济南高新服务中心，时间是下班后，希望解释更直接。我主要关注问题复核安排。样本号 MOCK-0348。,是,,,,,,,,,,,,,,,,,等待时间/解释不清/处理结果,,,,,,,,,,,,,,,,,,,,,,,,,,App预约,1,1,App使用、OTA理解,App预约失败后没有明确提示，只能反复提交。主要集中在App使用、OTA理解。这次我在济南济南高新服务中心，时间是下班后，希望解释更直接。我主要关注问题复核安排。样本号 MOCK-0348。,1,是,App预约失败后没有明确提示，只能反复提交。主要集中在App使用、OTA理解。这次我在济南济南高新服务中心，时间是下班后，希望解释更直接。我主要关注问题复核安排。样本号 MOCK-0348。,,,,是,补能排队,是,,,,,,,,,,,,,,,
349,app_ans_000349,问卷星,补能App智能化体验问卷,夏季补能体验回访,企微,2026-05-13 12:37:00,233秒,iOS,郑州,app_user_0349,139****0349,豫A-MK349,LFAKE000000000349,是,mock-after-sales-v1,补能/App/智能化体验型,20,郑州,郑州高新服务中心,App/OTA,1,3,否,拒绝联系,充电排队信息不准确，到现场才知道要等很久。主要集中在费用理解、补能效率。这次我在郑州郑州高新服务中心，时间是午休时段，希望线上状态更准确。我主要关注跨渠道信息一致性。样本号 MOCK-0349。,是,,,,,,,,,,,,,,,,,等待时间/解释不清/处理结果,,,,,,,,,,,,,,,,,,,,,,,,,,补能体验,,,,,,否,,1,费用理解、补能效率,充电排队信息不准确，到现场才知道要等很久。主要集中在费用理解、补能效率。这次我在郑州郑州高新服务中心，时间是午休时段，希望线上状态更准确。我主要关注跨渠道信息一致性。样本号 MOCK-0349。,否,远程诊断,是,,,,,,,,,,,,,,,
350,app_ans_000350,腾讯问卷,补能App智能化体验问卷,App预约体验复盘,小程序,2026-05-16 09:50:00,250秒,PC,东莞,app_user_0350,136****0350,粤S-MK350,LFAKE000000000350,是,mock-after-sales-v1,补能/App/智能化体验型,20,东莞,东莞南城服务中心,补能体验,4,8,是,未询问,OTA提示内容比较明确，升级后功能使用正常。值得复用的点是服务等待。这次我在东莞东莞南城服务中心，时间是活动结束后，希望提前同步进度。我主要关注首次响应。样本号 MOCK-0350。,是,,,,,,,,,,,,,,,,,服务态度/响应速度/结果可信,,,,,,,,,,,,,,,,,,,,,,,,,,智能功能,4,4,,,,否,,,,,是,App预约,否,,,,,,,,,,,,,,,
351,app_ans_000351,腾讯问卷,补能App智能化体验问卷,OTA功能理解回访,服务顾问代录,2026-05-19 16:03:00,267秒,iOS,济南,app_user_0351,135****0351,鲁A-MK351,LFAKE000000000351,是,mock-after-sales-v1,补能/App/智能化体验型,20,济南,济南高新服务中心,App/OTA,5,9,是,拒绝联系,App预约入口清楚，状态更新及时，服务中心也很快确认。值得复用的点是App使用。这次我在济南济南高新服务中心，时间是工作日上午，希望结果更可追溯。我主要关注交付前说明。样本号 MOCK-0351。,是,,,,,,,,,,,,,,,,,服务态度/响应速度/结果可信,,,,,,,,,,,,,,,,,,,,,,,,,,远程诊断,5,5,,,5,否,,,,,是,消息提醒,否,,,,,,,,,,,,,,,
352,app_ans_000352,腾讯问卷,补能App智能化体验问卷,夏季补能体验回访,App,2026-05-22 13:16:00,284秒,PC,郑州,app_user_0352,188****0352,豫A-DM0352,LFAKE000000000352,是,mock-after-sales-v1,补能/App/智能化体验型,20,郑州,郑州高新服务中心,补能体验,4,8,是,拒绝联系,补能站点指引比较清楚，现场人员能主动协调排队。值得复用的点是费用理解。这次我在郑州郑州高新服务中心，时间是工作日下午，希望服务口径一致。我主要关注线上状态同步。样本号 MOCK-0352。,是,,,,,,,,,,,,,,,,,服务态度/响应速度/结果可信,,,,,,,,,,,,,,,,,,,,,,,,,,补能体验,,,,,,否,,4,,,是,OTA说明,否,,,,,,,,,,,,,,,
353,app_ans_000353,腾讯问卷,补能App智能化体验问卷,App预约体验复盘,短信链接,2026-05-25 10:29:00,61秒,iOS,东莞,app_user_0353,177****0353,粤S-MK353,LFAKE000000000353,是,mock-after-sales-v1,补能/App/智能化体验型,20,东莞,东莞南城服务中心,App/OTA,4,8,是,拒绝联系,OTA提示内容比较明确，升级后功能使用正常。值得复用的点是服务等待。这次我在东莞东莞南城服务中心，时间是周末上午，希望减少等待。我主要关注现场等待安排。样本号 MOCK-0353。,是,,,,,,,,,,,,,,,,,服务态度/响应速度/结果可信,,,,,,,,,,,,,,,,,,,,,,,,,,OTA升级,4,4,,,,否,,,,,是,补能排队,否,,,,,,,,,,,,,,,
354,app_ans_000354,腾讯问卷,补能App智能化体验问卷,OTA功能理解回访,企微,2026-05-28 17:42:00,78秒,PC,济南,app_user_0354,138****0354,鲁A-MK354,LFAKE000000000354,是,mock-after-sales-v1,补能/App/智能化体验型,20,济南,济南高新服务中心,补能体验,5,10,是,拒绝联系,App预约入口清楚，状态更新及时，服务中心也很快确认。值得复用的点是App使用。这次我在济南济南高新服务中心，时间是周末傍晚，希望后续有人回访。我主要关注后续闭环动作。样本号 MOCK-0354。,是,,,,,,,,,,,,,,,,,服务态度/响应速度/结果可信,,,,,,,,,,,,,,,,,,,,,,,,,,智能功能,5,5,,,5,否,,,,,是,远程诊断,否,,,,,,,,,,,,,,,
355,app_ans_000355,腾讯问卷,补能App智能化体验问卷,夏季补能体验回访,小程序,2026-05-31 14:55:00,95秒,iOS,郑州,app_user_0355,139****0355,豫A-MK355,LFAKE000000000355,是,mock-after-sales-v1,补能/App/智能化体验型,20,郑州,郑州高新服务中心,App/OTA,4,8,是,未询问,补能站点指引比较清楚，现场人员能主动协调排队。值得复用的点是费用理解。这次我在郑州郑州高新服务中心，时间是节前高峰，希望解释更直接。我主要关注服务顾问口径。样本号 MOCK-0355。,是,,,,,,,,,,,,,,,,,服务态度/响应速度/结果可信,,,,,,,,,,,,,,,,,,,,,,,,,,补能体验,,,,,,否,,4,,,是,App预约,否,,,,,,,,,,,,,,,
356,app_ans_000356,腾讯问卷,补能App智能化体验问卷,App预约体验复盘,服务顾问代录,2026-06-03 11:08:00,112秒,PC,东莞,app_user_0356,136****0356,粤S-DM0356,LFAKE000000000356,是,mock-after-sales-v1,补能/App/智能化体验型,20,东莞,东莞南城服务中心,补能体验,3,8,是,拒绝联系,OTA升级完成了，希望失败提示和处理方式更清楚。后续可继续观察服务等待。这次我在东莞东莞南城服务中心，时间是雨天到店，希望线上状态更准确。我主要关注预约变更提醒。样本号 MOCK-0356。,是,,,,,,,,,,,,,,,,,服务态度/响应速度/结果可信,,,,,,,,,,,,,,,,,,,,,,,,,,App预约,3,3,,,,否,,,,,是,消息提醒,否,,,,,,,,,,,,,,,
357,app_ans_000357,App内问卷,补能App智能化体验问卷,OTA功能理解回访,App,2026-06-06 18:21:00,129秒,iOS,济南,app_user_0357,135****0357,鲁A-MK357,LFAKE000000000357,是,mock-after-sales-v1,补能/App/智能化体验型,20,济南,济南高新服务中心,App/OTA,3,7,不确定,拒绝联系,App能完成预约，但状态文案不够直观，需要自己理解。后续可继续观察App使用。这次我在济南济南高新服务中心，时间是下班后，希望提前同步进度。我主要关注费用和权益解释。样本号 MOCK-0357。,是,,,,,,,,,,,,,,,,,服务态度/响应速度/结果可信,,,,,,,,,,,,,,,,,,,,,,,,,,OTA升级,3,3,,App能完成预约，但状态文案不够直观，需要自己理解。后续可继续观察App使用。这次我在济南济南高新服务中心，时间是下班后，希望提前同步进度。我主要关注费用和权益解释。样本号 MOCK-0357。,3,否,,,,,不确定,OTA说明,否,,,,,,,,,,,,,,,
358,app_ans_000358,App内问卷,补能App智能化体验问卷,夏季补能体验回访,短信链接,2026-06-09 15:34:00,146秒,PC,郑州,app_user_0358,188****0358,豫A-MK358,LFAKE000000000358,是,mock-after-sales-v1,补能/App/智能化体验型,20,郑州,郑州高新服务中心,补能体验,3,8,是,拒绝联系,补能基本顺利，高峰期排队时间稍长。后续可继续观察费用理解。这次我在郑州郑州高新服务中心，时间是午休时段，希望结果更可追溯。我主要关注问题复核安排。样本号 MOCK-0358。,是,,,,,,,,,,,,,,,,,服务态度/响应速度/结果可信,,,,,,,,,,,,,,,,,,,,,,,,,,补能体验,,,,,,否,,3,,补能基本顺利，高峰期排队时间稍长。后续可继续观察费用理解。这次我在郑州郑州高新服务中心，时间是午休时段，希望结果更可追溯。我主要关注问题复核安排。样本号 MOCK-0358。,是,补能排队,否,,,,,,,,,,,,,,,
359,app_ans_000359,短信链接,补能App智能化体验问卷,App预约体验复盘,企微,2026-06-12 12:47:00,163秒,iOS,东莞,app_user_0359,177****0359,粤S-MK359,LFAKE000000000359,是,mock-after-sales-v1,补能/App/智能化体验型,20,东莞,东莞南城服务中心,App/OTA,3,7,是,拒绝联系,OTA升级完成了，希望失败提示和处理方式更清楚。后续可继续观察服务等待。这次我在东莞东莞南城服务中心，时间是活动结束后，希望服务口径一致。我主要关注跨渠道信息一致性。样本号 MOCK-0359。,是,,,,,,,,,,,,,,,,,服务态度/响应速度/结果可信,,,,,,,,,,,,,,,,,,,,,,,,,,远程诊断,3,3,,,,否,,,,,是,远程诊断,否,,,,,,,,,,,,,,,
360,app_ans_000360,企微链接,补能App智能化体验问卷,OTA功能理解回访,小程序,2026-05-01 09:00:00,180秒,PC,济南,app_user_0360,138****0360,鲁A-DM0360,LFAKE000000000360,是,mock-after-sales-v1,补能/App/智能化体验型,20,济南,济南高新服务中心,补能体验,3,8,不确定,已授权联系,App能完成预约，但状态文案不够直观，需要自己理解。后续可继续观察App使用。这次我在济南济南高新服务中心，时间是工作日上午，希望减少等待。我主要关注首次响应。样本号 MOCK-0360。,是,,,,,,,,,,,,,,,,,服务态度/响应速度/结果可信,,,,,,,,,,,,,,,,,,,,,,,,,,App预约,3,3,,App能完成预约，但状态文案不够直观，需要自己理解。后续可继续观察App使用。这次我在济南济南高新服务中心，时间是工作日上午，希望减少等待。我主要关注首次响应。样本号 MOCK-0360。,3,否,,,,,不确定,App预约,否,,,,,,,,,,,,,,,
361,app_ans_000361,问卷星,补能App智能化体验问卷,夏季补能体验回访,服务顾问代录,2026-05-04 16:13:00,197秒,iOS,郑州,app_user_0361,139****0361,豫A-MK361,LFAKE000000000361,是,mock-after-sales-v1,补能/App/智能化体验型,20,郑州,郑州高新服务中心,App/OTA,2,5,否,拒绝联系,充电排队信息不准确，到现场才知道要等很久。主要集中在费用理解、补能效率。这次我在郑州郑州高新服务中心，时间是工作日下午，希望后续有人回访。我主要关注交付前说明。样本号 MOCK-0361。,是,,,,,,,,,,,,,,,,,等待时间/解释不清/处理结果,,,,,,,,,,,,,,,,,,,,,,,,,,补能体验,,,,,,否,,2,费用理解、补能效率,充电排队信息不准确，到现场才知道要等很久。主要集中在费用理解、补能效率。这次我在郑州郑州高新服务中心，时间是工作日下午，希望后续有人回访。我主要关注交付前说明。样本号 MOCK-0361。,否,消息提醒,是,,,,,,,,,,,,,,,
362,app_ans_000362,问卷星,补能App智能化体验问卷,App预约体验复盘,App,2026-05-07 13:26:00,214秒,PC,东莞,app_user_0362,136****0362,粤S-MK362,LFAKE000000000362,是,mock-after-sales-v1,补能/App/智能化体验型,20,东莞,东莞南城服务中心,补能体验,2,6,否,拒绝联系,OTA失败原因不清楚，客服也没有给到明确处理方式。主要集中在服务等待、App预约。这次我在东莞东莞南城服务中心，时间是周末上午，希望解释更直接。我主要关注线上状态同步。样本号 MOCK-0362。,是,,,,,,,,,,,,,,,,,等待时间/解释不清/处理结果,,,,,,,,,,,,,,,,,,,,,,,,,,智能功能,2,1,,,,否,,,,,否,OTA说明,是,,,,,,,,,,,,,,,
363,app_ans_000363,问卷星,补能App智能化体验问卷,OTA功能理解回访,短信链接,2026-05-10 10:39:00,231秒,iOS,济南,app_user_0363,135****0363,鲁A-MK363,LFAKE000000000363,是,mock-after-sales-v1,补能/App/智能化体验型,20,济南,济南高新服务中心,App/OTA,2,5,否,已授权联系,App预约失败后没有明确提示，只能反复提交。主要集中在App使用、OTA理解。这次我在济南济南高新服务中心，时间是周末傍晚，希望线上状态更准确。我主要关注现场等待安排。样本号 MOCK-0363。,是,,,,,,,,,,,,,,,,,等待时间/解释不清/处理结果,,,,,,,,,,,,,,,,,,,,,,,,,,远程诊断,2,1,App使用、OTA理解,App预约失败后没有明确提示，只能反复提交。主要集中在App使用、OTA理解。这次我在济南济南高新服务中心，时间是周末傍晚，希望线上状态更准确。我主要关注现场等待安排。样本号 MOCK-0363。,2,是,App预约失败后没有明确提示，只能反复提交。主要集中在App使用、OTA理解。这次我在济南济南高新服务中心，时间是周末傍晚，希望线上状态更准确。我主要关注现场等待安排。样本号 MOCK-0363。,,,,否,补能排队,是,,,,,,,,,,,,,,,
364,app_ans_000364,问卷星,补能App智能化体验问卷,夏季补能体验回访,企微,2026-05-13 17:52:00,248秒,PC,郑州,app_user_0364,188****0364,豫A-DM0364,LFAKE000000000364,是,mock-after-sales-v1,补能/App/智能化体验型,20,郑州,郑州高新服务中心,补能体验,2,6,是,拒绝联系,充电排队信息不准确，到现场才知道要等很久。主要集中在费用理解、补能效率。这次我在郑州郑州高新服务中心，时间是节前高峰，希望提前同步进度。我主要关注后续闭环动作。样本号 MOCK-0364。,是,,,,,,,,,,,,,,,,,等待时间/解释不清/处理结果,,,,,,,,,,,,,,,,,,,,,,,,,,补能体验,,,,,,否,,2,费用理解、补能效率,充电排队信息不准确，到现场才知道要等很久。主要集中在费用理解、补能效率。这次我在郑州郑州高新服务中心，时间是节前高峰，希望提前同步进度。我主要关注后续闭环动作。样本号 MOCK-0364。,是,远程诊断,是,,,,,,,,,,,,,,,
365,app_ans_000365,问卷星,补能App智能化体验问卷,App预约体验复盘,小程序,2026-05-16 14:05:00,265秒,iOS,东莞,app_user_0365,177****0365,粤S-MK365,LFAKE000000000365,是,mock-after-sales-v1,补能/App/智能化体验型,20,东莞,东莞南城服务中心,App/OTA,2,5,否,未询问,OTA失败原因不清楚，客服也没有给到明确处理方式。主要集中在服务等待、App预约。这次我在东莞东莞南城服务中心，时间是雨天到店，希望结果更可追溯。我主要关注服务顾问口径。样本号 MOCK-0365。,是,,,,,,,,,,,,,,,,,等待时间/解释不清/处理结果,,,,,,,,,,,,,,,,,,,,,,,,,,OTA升级,2,1,,,,否,,,,,否,App预约,是,,,,,,,,,,,,,,,
366,app_ans_000366,问卷星,补能App智能化体验问卷,OTA功能理解回访,服务顾问代录,2026-05-19 11:18:00,282秒,PC,济南,app_user_0366,138****0366,鲁A-MK366,LFAKE000000000366,是,mock-after-sales-v1,补能/App/智能化体验型,20,济南,济南高新服务中心,补能体验,2,6,否,已授权联系,App预约失败后没有明确提示，只能反复提交。主要集中在App使用、OTA理解。这次我在济南济南高新服务中心，时间是下班后，希望服务口径一致。我主要关注预约变更提醒。样本号 MOCK-0366。,是,,,,,,,,,,,,,,,,,等待时间/解释不清/处理结果,,,,,,,,,,,,,,,,,,,,,,,,,,智能功能,2,1,App使用、OTA理解,App预约失败后没有明确提示，只能反复提交。主要集中在App使用、OTA理解。这次我在济南济南高新服务中心，时间是下班后，希望服务口径一致。我主要关注预约变更提醒。样本号 MOCK-0366。,2,是,App预约失败后没有明确提示，只能反复提交。主要集中在App使用、OTA理解。这次我在济南济南高新服务中心，时间是下班后，希望服务口径一致。我主要关注预约变更提醒。样本号 MOCK-0366。,,,,否,消息提醒,是,,,,,,,,,,,,,,,
367,app_ans_000367,问卷星,补能App智能化体验问卷,夏季补能体验回访,App,2026-05-22 18:31:00,299秒,iOS,郑州,app_user_0367,139****0367,豫A-MK367,LFAKE000000000367,是,mock-after-sales-v1,补能/App/智能化体验型,20,郑州,郑州高新服务中心,App/OTA,1,3,否,拒绝联系,充电排队信息不准确，到现场才知道要等很久。主要集中在费用理解、补能效率。这次我在郑州郑州高新服务中心，时间是午休时段，希望减少等待。我主要关注费用和权益解释。样本号 MOCK-0367。,是,,,,,,,,,,,,,,,,,等待时间/解释不清/处理结果,,,,,,,,,,,,,,,,,,,,,,,,,,补能体验,,,,,,否,,1,费用理解、补能效率,充电排队信息不准确，到现场才知道要等很久。主要集中在费用理解、补能效率。这次我在郑州郑州高新服务中心，时间是午休时段，希望减少等待。我主要关注费用和权益解释。样本号 MOCK-0367。,否,OTA说明,是,,,,,,,,,,,,,,,
368,app_ans_000368,问卷星,补能App智能化体验问卷,App预约体验复盘,短信链接,2026-05-25 15:44:00,76秒,PC,东莞,app_user_0368,136****0368,粤S-DM0368,LFAKE000000000368,是,mock-after-sales-v1,补能/App/智能化体验型,20,东莞,东莞南城服务中心,补能体验,1,4,是,拒绝联系,OTA失败原因不清楚，客服也没有给到明确处理方式。主要集中在服务等待、App预约。这次我在东莞东莞南城服务中心，时间是活动结束后，希望后续有人回访。我主要关注问题复核安排。样本号 MOCK-0368。,是,,,,,,,,,,,,,,,,,等待时间/解释不清/处理结果,,,,,,,,,,,,,,,,,,,,,,,,,,App预约,1,1,,,,否,,,,,是,补能排队,是,,,,,,,,,,,,,,,
369,app_ans_000369,问卷星,补能App智能化体验问卷,OTA功能理解回访,企微,2026-05-28 12:57:00,93秒,iOS,济南,app_user_0369,135****0369,鲁A-MK369,LFAKE000000000369,是,mock-after-sales-v1,补能/App/智能化体验型,20,济南,济南高新服务中心,App/OTA,1,3,否,已授权联系,App预约失败后没有明确提示，只能反复提交。主要集中在App使用、OTA理解。这次我在济南济南高新服务中心，时间是工作日上午，希望解释更直接。我主要关注跨渠道信息一致性。样本号 MOCK-0369。,是,,,,,,,,,,,,,,,,,等待时间/解释不清/处理结果,,,,,,,,,,,,,,,,,,,,,,,,,,OTA升级,1,1,App使用、OTA理解,App预约失败后没有明确提示，只能反复提交。主要集中在App使用、OTA理解。这次我在济南济南高新服务中心，时间是工作日上午，希望解释更直接。我主要关注跨渠道信息一致性。样本号 MOCK-0369。,1,是,App预约失败后没有明确提示，只能反复提交。主要集中在App使用、OTA理解。这次我在济南济南高新服务中心，时间是工作日上午，希望解释更直接。我主要关注跨渠道信息一致性。样本号 MOCK-0369。,,,,否,远程诊断,是,,,,,,,,,,,,,,,
370,app_ans_000370,腾讯问卷,补能App智能化体验问卷,夏季补能体验回访,小程序,2026-05-31 09:10:00,110秒,PC,郑州,app_user_0370,188****0370,豫A-MK370,LFAKE000000000370,是,mock-after-sales-v1,补能/App/智能化体验型,20,郑州,郑州高新服务中心,补能体验,4,8,是,未询问,补能站点指引比较清楚，现场人员能主动协调排队。值得复用的点是费用理解。这次我在郑州郑州高新服务中心，时间是工作日下午，希望线上状态更准确。我主要关注首次响应。样本号 MOCK-0370。,是,,,,,,,,,,,,,,,,,服务态度/响应速度/结果可信,,,,,,,,,,,,,,,,,,,,,,,,,,补能体验,,,,,,否,,4,,,是,App预约,否,,,,,,,,,,,,,,,
371,app_ans_000371,腾讯问卷,补能App智能化体验问卷,App预约体验复盘,服务顾问代录,2026-06-03 16:23:00,127秒,iOS,东莞,app_user_0371,177****0371,粤S-MK371,LFAKE000000000371,是,mock-after-sales-v1,补能/App/智能化体验型,20,东莞,东莞南城服务中心,App/OTA,4,8,是,拒绝联系,OTA提示内容比较明确，升级后功能使用正常。值得复用的点是服务等待。这次我在东莞东莞南城服务中心，时间是周末上午，希望提前同步进度。我主要关注交付前说明。样本号 MOCK-0371。,是,,,,,,,,,,,,,,,,,服务态度/响应速度/结果可信,,,,,,,,,,,,,,,,,,,,,,,,,,远程诊断,4,4,,,,否,,,,,是,消息提醒,否,,,,,,,,,,,,,,,
372,app_ans_000372,腾讯问卷,补能App智能化体验问卷,OTA功能理解回访,App,2026-06-06 13:36:00,144秒,PC,济南,app_user_0372,138****0372,鲁A-DM0372,LFAKE000000000372,是,mock-after-sales-v1,补能/App/智能化体验型,20,济南,济南高新服务中心,补能体验,5,10,是,拒绝联系,App预约入口清楚，状态更新及时，服务中心也很快确认。值得复用的点是App使用。这次我在济南济南高新服务中心，时间是周末傍晚，希望结果更可追溯。我主要关注线上状态同步。样本号 MOCK-0372。,是,,,,,,,,,,,,,,,,,服务态度/响应速度/结果可信,,,,,,,,,,,,,,,,,,,,,,,,,,App预约,5,5,,,5,否,,,,,是,OTA说明,否,,,,,,,,,,,,,,,
373,app_ans_000373,腾讯问卷,补能App智能化体验问卷,夏季补能体验回访,短信链接,2026-06-09 10:49:00,161秒,iOS,郑州,app_user_0373,139****0373,豫A-MK373,LFAKE000000000373,是,mock-after-sales-v1,补能/App/智能化体验型,20,郑州,郑州高新服务中心,App/OTA,4,8,是,拒绝联系,补能站点指引比较清楚，现场人员能主动协调排队。值得复用的点是费用理解。这次我在郑州郑州高新服务中心，时间是节前高峰，希望服务口径一致。我主要关注现场等待安排。样本号 MOCK-0373。,是,,,,,,,,,,,,,,,,,服务态度/响应速度/结果可信,,,,,,,,,,,,,,,,,,,,,,,,,,补能体验,,,,,,否,,4,,,是,补能排队,否,,,,,,,,,,,,,,,
374,app_ans_000374,腾讯问卷,补能App智能化体验问卷,App预约体验复盘,企微,2026-06-12 17:02:00,178秒,PC,东莞,app_user_0374,136****0374,粤S-MK374,LFAKE000000000374,是,mock-after-sales-v1,补能/App/智能化体验型,20,东莞,东莞南城服务中心,补能体验,4,8,是,拒绝联系,OTA提示内容比较明确，升级后功能使用正常。值得复用的点是服务等待。这次我在东莞东莞南城服务中心，时间是雨天到店，希望减少等待。我主要关注后续闭环动作。样本号 MOCK-0374。,是,,,,,,,,,,,,,,,,,服务态度/响应速度/结果可信,,,,,,,,,,,,,,,,,,,,,,,,,,智能功能,4,4,,,,否,,,,,是,远程诊断,否,,,,,,,,,,,,,,,
375,app_ans_000375,腾讯问卷,补能App智能化体验问卷,OTA功能理解回访,小程序,2026-05-01 14:15:00,195秒,iOS,济南,app_user_0375,135****0375,鲁A-MK375,LFAKE000000000375,是,mock-after-sales-v1,补能/App/智能化体验型,20,济南,济南高新服务中心,App/OTA,5,9,是,已授权联系,App预约入口清楚，状态更新及时，服务中心也很快确认。值得复用的点是App使用。这次我在济南济南高新服务中心，时间是下班后，希望后续有人回访。我主要关注服务顾问口径。样本号 MOCK-0375。,是,,,,,,,,,,,,,,,,,服务态度/响应速度/结果可信,,,,,,,,,,,,,,,,,,,,,,,,,,远程诊断,5,5,,,5,否,,,,,是,App预约,否,,,,,,,,,,,,,,,
376,app_ans_000376,腾讯问卷,补能App智能化体验问卷,夏季补能体验回访,服务顾问代录,2026-05-04 11:28:00,212秒,PC,郑州,app_user_0376,188****0376,豫A-DM0376,LFAKE000000000376,是,mock-after-sales-v1,补能/App/智能化体验型,20,郑州,郑州高新服务中心,补能体验,3,8,是,已授权联系,补能基本顺利，高峰期排队时间稍长。后续可继续观察费用理解。这次我在郑州郑州高新服务中心，时间是午休时段，希望解释更直接。我主要关注预约变更提醒。样本号 MOCK-0376。,是,,,,,,,,,,,,,,,,,服务态度/响应速度/结果可信,,,,,,,,,,,,,,,,,,,,,,,,,,补能体验,,,,,,否,,3,,补能基本顺利，高峰期排队时间稍长。后续可继续观察费用理解。这次我在郑州郑州高新服务中心，时间是午休时段，希望解释更直接。我主要关注预约变更提醒。样本号 MOCK-0376。,是,消息提醒,否,,,,,,,,,,,,,,,
377,app_ans_000377,App内问卷,补能App智能化体验问卷,App预约体验复盘,App,2026-05-07 18:41:00,229秒,iOS,东莞,app_user_0377,177****0377,粤S-MK377,LFAKE000000000377,是,mock-after-sales-v1,补能/App/智能化体验型,20,东莞,东莞南城服务中心,App/OTA,3,7,是,拒绝联系,OTA升级完成了，希望失败提示和处理方式更清楚。后续可继续观察服务等待。这次我在东莞东莞南城服务中心，时间是活动结束后，希望线上状态更准确。我主要关注费用和权益解释。样本号 MOCK-0377。,是,,,,,,,,,,,,,,,,,服务态度/响应速度/结果可信,,,,,,,,,,,,,,,,,,,,,,,,,,OTA升级,3,3,,,,否,,,,,是,OTA说明,否,,,,,,,,,,,,,,,
378,app_ans_000378,App内问卷,补能App智能化体验问卷,OTA功能理解回访,短信链接,2026-05-10 15:54:00,246秒,PC,济南,app_user_0378,138****0378,鲁A-MK378,LFAKE000000000378,是,mock-after-sales-v1,补能/App/智能化体验型,20,济南,济南高新服务中心,补能体验,3,8,不确定,拒绝联系,App能完成预约，但状态文案不够直观，需要自己理解。后续可继续观察App使用。这次我在济南济南高新服务中心，时间是工作日上午，希望提前同步进度。我主要关注问题复核安排。样本号 MOCK-0378。,是,,,,,,,,,,,,,,,,,服务态度/响应速度/结果可信,,,,,,,,,,,,,,,,,,,,,,,,,,智能功能,3,3,,App能完成预约，但状态文案不够直观，需要自己理解。后续可继续观察App使用。这次我在济南济南高新服务中心，时间是工作日上午，希望提前同步进度。我主要关注问题复核安排。样本号 MOCK-0378。,3,否,,,,,不确定,补能排队,否,,,,,,,,,,,,,,,
379,app_ans_000379,短信链接,补能App智能化体验问卷,夏季补能体验回访,企微,2026-05-13 12:07:00,263秒,iOS,郑州,app_user_0379,139****0379,豫A-MK379,LFAKE000000000379,是,mock-after-sales-v1,补能/App/智能化体验型,20,郑州,郑州高新服务中心,App/OTA,3,7,是,拒绝联系,补能基本顺利，高峰期排队时间稍长。后续可继续观察费用理解。这次我在郑州郑州高新服务中心，时间是工作日下午，希望结果更可追溯。我主要关注跨渠道信息一致性。样本号 MOCK-0379。,是,,,,,,,,,,,,,,,,,服务态度/响应速度/结果可信,,,,,,,,,,,,,,,,,,,,,,,,,,补能体验,,,,,,否,,3,,补能基本顺利，高峰期排队时间稍长。后续可继续观察费用理解。这次我在郑州郑州高新服务中心，时间是工作日下午，希望结果更可追溯。我主要关注跨渠道信息一致性。样本号 MOCK-0379。,是,远程诊断,否,,,,,,,,,,,,,,,
380,app_ans_000380,企微链接,补能App智能化体验问卷,App预约体验复盘,小程序,2026-05-16 09:20:00,280秒,PC,东莞,app_user_0380,136****0380,粤S-DM0380,LFAKE000000000380,是,mock-after-sales-v1,补能/App/智能化体验型,20,东莞,东莞南城服务中心,补能体验,3,8,是,未询问,OTA升级完成了，希望失败提示和处理方式更清楚。后续可继续观察服务等待。这次我在东莞东莞南城服务中心，时间是周末上午，希望服务口径一致。我主要关注首次响应。样本号 MOCK-0380。,是,,,,,,,,,,,,,,,,,服务态度/响应速度/结果可信,,,,,,,,,,,,,,,,,,,,,,,,,,App预约,3,3,,,,否,,,,,是,App预约,否,,,,,,,,,,,,,,,
381,app_ans_000381,问卷星,补能App智能化体验问卷,OTA功能理解回访,服务顾问代录,2026-05-19 16:33:00,297秒,iOS,济南,app_user_0381,135****0381,鲁A-MK381,LFAKE000000000381,是,mock-after-sales-v1,补能/App/智能化体验型,20,济南,济南高新服务中心,App/OTA,2,5,否,已授权联系,App预约失败后没有明确提示，只能反复提交。主要集中在App使用、OTA理解。这次我在济南济南高新服务中心，时间是周末傍晚，希望减少等待。我主要关注交付前说明。样本号 MOCK-0381。,是,,,,,,,,,,,,,,,,,等待时间/解释不清/处理结果,,,,,,,,,,,,,,,,,,,,,,,,,,OTA升级,2,1,App使用、OTA理解,App预约失败后没有明确提示，只能反复提交。主要集中在App使用、OTA理解。这次我在济南济南高新服务中心，时间是周末傍晚，希望减少等待。我主要关注交付前说明。样本号 MOCK-0381。,2,是,App预约失败后没有明确提示，只能反复提交。主要集中在App使用、OTA理解。这次我在济南济南高新服务中心，时间是周末傍晚，希望减少等待。我主要关注交付前说明。样本号 MOCK-0381。,,,,否,消息提醒,是,,,,,,,,,,,,,,,
382,app_ans_000382,问卷星,补能App智能化体验问卷,夏季补能体验回访,App,2026-05-22 13:46:00,74秒,PC,郑州,app_user_0382,188****0382,豫A-MK382,LFAKE000000000382,是,mock-after-sales-v1,补能/App/智能化体验型,20,郑州,郑州高新服务中心,补能体验,2,6,否,拒绝联系,充电排队信息不准确，到现场才知道要等很久。主要集中在费用理解、补能效率。这次我在郑州郑州高新服务中心，时间是节前高峰，希望后续有人回访。我主要关注线上状态同步。样本号 MOCK-0382。,是,,,,,,,,,,,,,,,,,等待时间/解释不清/处理结果,,,,,,,,,,,,,,,,,,,,,,,,,,补能体验,,,,,,否,,2,费用理解、补能效率,充电排队信息不准确，到现场才知道要等很久。主要集中在费用理解、补能效率。这次我在郑州郑州高新服务中心，时间是节前高峰，希望后续有人回访。我主要关注线上状态同步。样本号 MOCK-0382。,否,OTA说明,是,,,,,,,,,,,,,,,
383,app_ans_000383,问卷星,补能App智能化体验问卷,App预约体验复盘,短信链接,2026-05-25 10:59:00,91秒,iOS,东莞,app_user_0383,177****0383,粤S-MK383,LFAKE000000000383,是,mock-after-sales-v1,补能/App/智能化体验型,20,东莞,东莞南城服务中心,App/OTA,2,5,否,拒绝联系,OTA失败原因不清楚，客服也没有给到明确处理方式。主要集中在服务等待、App预约。这次我在东莞东莞南城服务中心，时间是雨天到店，希望解释更直接。我主要关注现场等待安排。样本号 MOCK-0383。,是,,,,,,,,,,,,,,,,,等待时间/解释不清/处理结果,,,,,,,,,,,,,,,,,,,,,,,,,,远程诊断,2,1,,,,否,,,,,否,补能排队,是,,,,,,,,,,,,,,,
384,app_ans_000384,问卷星,补能App智能化体验问卷,OTA功能理解回访,企微,2026-05-28 17:12:00,108秒,PC,济南,app_user_0384,138****0384,鲁A-DM0384,LFAKE000000000384,是,mock-after-sales-v1,补能/App/智能化体验型,20,济南,济南高新服务中心,补能体验,2,6,是,已授权联系,App预约失败后没有明确提示，只能反复提交。主要集中在App使用、OTA理解。这次我在济南济南高新服务中心，时间是下班后，希望线上状态更准确。我主要关注后续闭环动作。样本号 MOCK-0384。,是,,,,,,,,,,,,,,,,,等待时间/解释不清/处理结果,,,,,,,,,,,,,,,,,,,,,,,,,,App预约,2,1,App使用、OTA理解,App预约失败后没有明确提示，只能反复提交。主要集中在App使用、OTA理解。这次我在济南济南高新服务中心，时间是下班后，希望线上状态更准确。我主要关注后续闭环动作。样本号 MOCK-0384。,2,是,App预约失败后没有明确提示，只能反复提交。主要集中在App使用、OTA理解。这次我在济南济南高新服务中心，时间是下班后，希望线上状态更准确。我主要关注后续闭环动作。样本号 MOCK-0384。,,,,是,远程诊断,是,,,,,,,,,,,,,,,
385,app_ans_000385,问卷星,补能App智能化体验问卷,夏季补能体验回访,小程序,2026-05-31 14:25:00,125秒,iOS,郑州,app_user_0385,139****0385,豫A-MK385,LFAKE000000000385,是,mock-after-sales-v1,补能/App/智能化体验型,20,郑州,郑州高新服务中心,App/OTA,2,5,否,未询问,充电排队信息不准确，到现场才知道要等很久。主要集中在费用理解、补能效率。这次我在郑州郑州高新服务中心，时间是午休时段，希望提前同步进度。我主要关注服务顾问口径。样本号 MOCK-0385。,是,,,,,,,,,,,,,,,,,等待时间/解释不清/处理结果,,,,,,,,,,,,,,,,,,,,,,,,,,补能体验,,,,,,否,,2,费用理解、补能效率,充电排队信息不准确，到现场才知道要等很久。主要集中在费用理解、补能效率。这次我在郑州郑州高新服务中心，时间是午休时段，希望提前同步进度。我主要关注服务顾问口径。样本号 MOCK-0385。,否,App预约,是,,,,,,,,,,,,,,,
386,app_ans_000386,问卷星,补能App智能化体验问卷,App预约体验复盘,服务顾问代录,2026-06-03 11:38:00,142秒,PC,东莞,app_user_0386,136****0386,粤S-MK386,LFAKE000000000386,是,mock-after-sales-v1,补能/App/智能化体验型,20,东莞,东莞南城服务中心,补能体验,2,6,否,拒绝联系,OTA失败原因不清楚，客服也没有给到明确处理方式。主要集中在服务等待、App预约。这次我在东莞东莞南城服务中心，时间是活动结束后，希望结果更可追溯。我主要关注预约变更提醒。样本号 MOCK-0386。,是,,,,,,,,,,,,,,,,,等待时间/解释不清/处理结果,,,,,,,,,,,,,,,,,,,,,,,,,,智能功能,2,1,,,,否,,,,,否,消息提醒,是,,,,,,,,,,,,,,,
387,app_ans_000387,问卷星,补能App智能化体验问卷,OTA功能理解回访,App,2026-06-06 18:51:00,159秒,iOS,济南,app_user_0387,135****0387,鲁A-MK387,LFAKE000000000387,是,mock-after-sales-v1,补能/App/智能化体验型,20,济南,济南高新服务中心,App/OTA,1,3,否,已授权联系,App预约失败后没有明确提示，只能反复提交。主要集中在App使用、OTA理解。这次我在济南济南高新服务中心，时间是工作日上午，希望服务口径一致。我主要关注费用和权益解释。样本号 MOCK-0387。,是,,,,,,,,,,,,,,,,,等待时间/解释不清/处理结果,,,,,,,,,,,,,,,,,,,,,,,,,,远程诊断,1,1,App使用、OTA理解,App预约失败后没有明确提示，只能反复提交。主要集中在App使用、OTA理解。这次我在济南济南高新服务中心，时间是工作日上午，希望服务口径一致。我主要关注费用和权益解释。样本号 MOCK-0387。,1,是,App预约失败后没有明确提示，只能反复提交。主要集中在App使用、OTA理解。这次我在济南济南高新服务中心，时间是工作日上午，希望服务口径一致。我主要关注费用和权益解释。样本号 MOCK-0387。,,,,否,OTA说明,是,,,,,,,,,,,,,,,
388,app_ans_000388,问卷星,补能App智能化体验问卷,夏季补能体验回访,短信链接,2026-06-09 15:04:00,176秒,PC,郑州,app_user_0388,188****0388,豫A-DM0388,LFAKE000000000388,是,mock-after-sales-v1,补能/App/智能化体验型,20,郑州,郑州高新服务中心,补能体验,1,4,是,拒绝联系,充电排队信息不准确，到现场才知道要等很久。主要集中在费用理解、补能效率。这次我在郑州郑州高新服务中心，时间是工作日下午，希望减少等待。我主要关注问题复核安排。样本号 MOCK-0388。,是,,,,,,,,,,,,,,,,,等待时间/解释不清/处理结果,,,,,,,,,,,,,,,,,,,,,,,,,,补能体验,,,,,,否,,1,费用理解、补能效率,充电排队信息不准确，到现场才知道要等很久。主要集中在费用理解、补能效率。这次我在郑州郑州高新服务中心，时间是工作日下午，希望减少等待。我主要关注问题复核安排。样本号 MOCK-0388。,是,补能排队,是,,,,,,,,,,,,,,,
389,app_ans_000389,问卷星,补能App智能化体验问卷,App预约体验复盘,企微,2026-06-12 12:17:00,193秒,iOS,东莞,app_user_0389,177****0389,粤S-MK389,LFAKE000000000389,是,mock-after-sales-v1,补能/App/智能化体验型,20,东莞,东莞南城服务中心,App/OTA,1,3,否,拒绝联系,OTA失败原因不清楚，客服也没有给到明确处理方式。主要集中在服务等待、App预约。这次我在东莞东莞南城服务中心，时间是周末上午，希望后续有人回访。我主要关注跨渠道信息一致性。样本号 MOCK-0389。,是,,,,,,,,,,,,,,,,,等待时间/解释不清/处理结果,,,,,,,,,,,,,,,,,,,,,,,,,,OTA升级,1,1,,,,否,,,,,否,远程诊断,是,,,,,,,,,,,,,,,
390,app_ans_000390,腾讯问卷,补能App智能化体验问卷,OTA功能理解回访,小程序,2026-05-01 09:30:00,210秒,PC,济南,app_user_0390,138****0390,鲁A-MK390,LFAKE000000000390,是,mock-after-sales-v1,补能/App/智能化体验型,20,济南,济南高新服务中心,补能体验,5,10,是,已授权联系,App预约入口清楚，状态更新及时，服务中心也很快确认。值得复用的点是App使用。这次我在济南济南高新服务中心，时间是周末傍晚，希望解释更直接。我主要关注首次响应。样本号 MOCK-0390。,是,,,,,,,,,,,,,,,,,服务态度/响应速度/结果可信,,,,,,,,,,,,,,,,,,,,,,,,,,智能功能,5,5,,,5,否,,,,,是,App预约,否,,,,,,,,,,,,,,,
391,app_ans_000391,腾讯问卷,补能App智能化体验问卷,夏季补能体验回访,服务顾问代录,2026-05-04 16:43:00,227秒,iOS,郑州,app_user_0391,139****0391,豫A-MK391,LFAKE000000000391,是,mock-after-sales-v1,补能/App/智能化体验型,20,郑州,郑州高新服务中心,App/OTA,4,8,是,拒绝联系,补能站点指引比较清楚，现场人员能主动协调排队。值得复用的点是费用理解。这次我在郑州郑州高新服务中心，时间是节前高峰，希望线上状态更准确。我主要关注交付前说明。样本号 MOCK-0391。,是,,,,,,,,,,,,,,,,,服务态度/响应速度/结果可信,,,,,,,,,,,,,,,,,,,,,,,,,,补能体验,,,,,,否,,4,,,是,消息提醒,否,,,,,,,,,,,,,,,
392,app_ans_000392,腾讯问卷,补能App智能化体验问卷,App预约体验复盘,App,2026-05-07 13:56:00,244秒,PC,东莞,app_user_0392,136****0392,粤S-DM0392,LFAKE000000000392,是,mock-after-sales-v1,补能/App/智能化体验型,20,东莞,东莞南城服务中心,补能体验,4,8,是,拒绝联系,OTA提示内容比较明确，升级后功能使用正常。值得复用的点是服务等待。这次我在东莞东莞南城服务中心，时间是雨天到店，希望提前同步进度。我主要关注线上状态同步。样本号 MOCK-0392。,是,,,,,,,,,,,,,,,,,服务态度/响应速度/结果可信,,,,,,,,,,,,,,,,,,,,,,,,,,App预约,4,4,,,,否,,,,,是,OTA说明,否,,,,,,,,,,,,,,,
393,app_ans_000393,腾讯问卷,补能App智能化体验问卷,OTA功能理解回访,短信链接,2026-05-10 10:09:00,261秒,iOS,济南,app_user_0393,135****0393,鲁A-MK393,LFAKE000000000393,是,mock-after-sales-v1,补能/App/智能化体验型,20,济南,济南高新服务中心,App/OTA,5,9,是,拒绝联系,App预约入口清楚，状态更新及时，服务中心也很快确认。值得复用的点是App使用。这次我在济南济南高新服务中心，时间是下班后，希望结果更可追溯。我主要关注现场等待安排。样本号 MOCK-0393。,是,,,,,,,,,,,,,,,,,服务态度/响应速度/结果可信,,,,,,,,,,,,,,,,,,,,,,,,,,OTA升级,5,5,,,5,否,,,,,是,补能排队,否,,,,,,,,,,,,,,,
394,app_ans_000394,腾讯问卷,补能App智能化体验问卷,夏季补能体验回访,企微,2026-05-13 17:22:00,278秒,PC,郑州,app_user_0394,188****0394,豫A-MK394,LFAKE000000000394,是,mock-after-sales-v1,补能/App/智能化体验型,20,郑州,郑州高新服务中心,补能体验,4,8,是,拒绝联系,补能站点指引比较清楚，现场人员能主动协调排队。值得复用的点是费用理解。这次我在郑州郑州高新服务中心，时间是午休时段，希望服务口径一致。我主要关注后续闭环动作。样本号 MOCK-0394。,是,,,,,,,,,,,,,,,,,服务态度/响应速度/结果可信,,,,,,,,,,,,,,,,,,,,,,,,,,补能体验,,,,,,否,,4,,,是,远程诊断,否,,,,,,,,,,,,,,,
395,app_ans_000395,腾讯问卷,补能App智能化体验问卷,App预约体验复盘,小程序,2026-05-16 14:35:00,295秒,iOS,东莞,app_user_0395,177****0395,粤S-MK395,LFAKE000000000395,是,mock-after-sales-v1,补能/App/智能化体验型,20,东莞,东莞南城服务中心,App/OTA,4,8,是,未询问,OTA提示内容比较明确，升级后功能使用正常。值得复用的点是服务等待。这次我在东莞东莞南城服务中心，时间是活动结束后，希望减少等待。我主要关注服务顾问口径。样本号 MOCK-0395。,是,,,,,,,,,,,,,,,,,服务态度/响应速度/结果可信,,,,,,,,,,,,,,,,,,,,,,,,,,远程诊断,4,4,,,,否,,,,,是,App预约,否,,,,,,,,,,,,,,,
396,app_ans_000396,腾讯问卷,补能App智能化体验问卷,OTA功能理解回访,服务顾问代录,2026-05-19 11:48:00,72秒,PC,济南,app_user_0396,138****0396,鲁A-DM0396,LFAKE000000000396,是,mock-after-sales-v1,补能/App/智能化体验型,20,济南,济南高新服务中心,补能体验,3,8,不确定,拒绝联系,App能完成预约，但状态文案不够直观，需要自己理解。后续可继续观察App使用。这次我在济南济南高新服务中心，时间是工作日上午，希望后续有人回访。我主要关注预约变更提醒。样本号 MOCK-0396。,是,,,,,,,,,,,,,,,,,服务态度/响应速度/结果可信,,,,,,,,,,,,,,,,,,,,,,,,,,App预约,3,3,,App能完成预约，但状态文案不够直观，需要自己理解。后续可继续观察App使用。这次我在济南济南高新服务中心，时间是工作日上午，希望后续有人回访。我主要关注预约变更提醒。样本号 MOCK-0396。,3,否,,,,,不确定,消息提醒,否,,,,,,,,,,,,,,,
397,app_ans_000397,App内问卷,补能App智能化体验问卷,夏季补能体验回访,App,2026-05-22 18:01:00,89秒,iOS,郑州,app_user_0397,139****0397,豫A-MK397,LFAKE000000000397,是,mock-after-sales-v1,补能/App/智能化体验型,20,郑州,郑州高新服务中心,App/OTA,3,7,是,拒绝联系,补能基本顺利，高峰期排队时间稍长。后续可继续观察费用理解。这次我在郑州郑州高新服务中心，时间是工作日下午，希望解释更直接。我主要关注费用和权益解释。样本号 MOCK-0397。,是,,,,,,,,,,,,,,,,,服务态度/响应速度/结果可信,,,,,,,,,,,,,,,,,,,,,,,,,,补能体验,,,,,,否,,3,,补能基本顺利，高峰期排队时间稍长。后续可继续观察费用理解。这次我在郑州郑州高新服务中心，时间是工作日下午，希望解释更直接。我主要关注费用和权益解释。样本号 MOCK-0397。,是,OTA说明,否,,,,,,,,,,,,,,,
398,app_ans_000398,App内问卷,补能App智能化体验问卷,App预约体验复盘,短信链接,2026-05-25 15:14:00,106秒,PC,东莞,app_user_0398,136****0398,粤S-MK398,LFAKE000000000398,是,mock-after-sales-v1,补能/App/智能化体验型,20,东莞,东莞南城服务中心,补能体验,3,8,是,拒绝联系,OTA升级完成了，希望失败提示和处理方式更清楚。后续可继续观察服务等待。这次我在东莞东莞南城服务中心，时间是周末上午，希望线上状态更准确。我主要关注问题复核安排。样本号 MOCK-0398。,是,,,,,,,,,,,,,,,,,服务态度/响应速度/结果可信,,,,,,,,,,,,,,,,,,,,,,,,,,智能功能,3,3,,,,否,,,,,是,补能排队,否,,,,,,,,,,,,,,,
399,app_ans_000399,短信链接,补能App智能化体验问卷,OTA功能理解回访,企微,2026-05-28 12:27:00,123秒,iOS,济南,app_user_0399,135****0399,鲁A-MK399,LFAKE000000000399,是,mock-after-sales-v1,补能/App/智能化体验型,20,济南,济南高新服务中心,App/OTA,3,7,不确定,拒绝联系,App能完成预约，但状态文案不够直观，需要自己理解。后续可继续观察App使用。这次我在济南济南高新服务中心，时间是周末傍晚，希望提前同步进度。我主要关注跨渠道信息一致性。样本号 MOCK-0399。,是,,,,,,,,,,,,,,,,,服务态度/响应速度/结果可信,,,,,,,,,,,,,,,,,,,,,,,,,,远程诊断,3,3,,App能完成预约，但状态文案不够直观，需要自己理解。后续可继续观察App使用。这次我在济南济南高新服务中心，时间是周末傍晚，希望提前同步进度。我主要关注跨渠道信息一致性。样本号 MOCK-0399。,3,否,,,,,不确定,远程诊断,否,,,,,,,,,,,,,,,
400,app_ans_000400,企微链接,补能App智能化体验问卷,夏季补能体验回访,小程序,2026-05-31 09:40:00,140秒,PC,郑州,app_user_0400,188****0400,豫A-DM0400,LFAKE000000000400,是,mock-after-sales-v1,补能/App/智能化体验型,20,郑州,郑州高新服务中心,补能体验,3,8,是,已授权联系,补能基本顺利，高峰期排队时间稍长。后续可继续观察费用理解。这次我在郑州郑州高新服务中心，时间是节前高峰，希望结果更可追溯。我主要关注首次响应。样本号 MOCK-0400。,是,,,,,,,,,,,,,,,,,服务态度/响应速度/结果可信,,,,,,,,,,,,,,,,,,,,,,,,,,补能体验,,,,,,否,,3,,补能基本顺利，高峰期排队时间稍长。后续可继续观察费用理解。这次我在郑州郑州高新服务中心，时间是节前高峰，希望结果更可追溯。我主要关注首次响应。样本号 MOCK-0400。,是,App预约,否,,,,,,,,,,,,,,,
401,wecom_ans_000401,问卷星,活动用户运营与口碑风险问卷,端午车主活动反馈,App,2026-06-03 16:53:00,157秒,iOS,南京,wecom_user_0401,177****0401,苏A-MK401,LFAKE000000000401,是,mock-after-sales-v1,活动/用户运营与口碑风险型,21,南京,南京建邺服务中心,活动/社群,2,5,否,拒绝联系,社群回复慢，活动变更没有提前通知，容易产生误解。主要集中在社群反馈、活动体验。这次我在南京南京建邺服务中心，时间是雨天到店，希望服务口径一致。我主要关注交付前说明。样本号 MOCK-0401。,是,,,,,,,,,,,,,,,,,等待时间/解释不清/处理结果,,,,,,,,,,,,,,,,,,,,,,,,,,,,,,,,,,,,,,,,社群通知,App,2,1,2,2,否,社群回复慢，活动变更没有提前通知，容易产生误解。主要集中在社群反馈、活动体验。这次我在南京南京建邺服务中心，时间是雨天到店，希望服务口径一致。我主要关注交付前说明。样本号 MOCK-0401。,否,否,,否,社群回复慢，活动变更没有提前通知，容易产生误解。主要集中在社群反馈、活动体验。这次我在南京南京建邺服务中心，时间是雨天到店，希望服务口径一致。我主要关注交付前说明。样本号 MOCK-0401。,社群反馈、活动体验,否
402,wecom_ans_000402,问卷星,活动用户运营与口碑风险问卷,车主社群权益回访,短信链接,2026-06-06 13:06:00,174秒,PC,重庆,wecom_user_0402,138****0402,渝A-MK402,LFAKE000000000402,是,mock-after-sales-v1,活动/用户运营与口碑风险型,21,重庆,重庆南岸服务中心,活动/社群,2,6,否,已授权联系,活动权益说明不清楚，到现场才知道有限制条件。主要集中在活动体验、权益感知。这次我在重庆重庆南岸服务中心，时间是下班后，希望减少等待。我主要关注线上状态同步。样本号 MOCK-0402。,是,,,,,,,,,,,,,,,,,等待时间/解释不清/处理结果,,,,,,,,,,,,,,,,,,,,,,,,,,,,,,,,,,,,,,,,权益回访,服务中心海报,2,1,2,2,否,活动权益说明不清楚，到现场才知道有限制条件。主要集中在活动体验、权益感知。这次我在重庆重庆南岸服务中心，时间是下班后，希望减少等待。我主要关注线上状态同步。样本号 MOCK-0402。,否,否,,是,活动权益说明不清楚，到现场才知道有限制条件。主要集中在活动体验、权益感知。这次我在重庆重庆南岸服务中心，时间是下班后，希望减少等待。我主要关注线上状态同步。样本号 MOCK-0402。,活动体验、权益感知,否
403,wecom_ans_000403,问卷星,活动用户运营与口碑风险问卷,用户运营口碑素材复盘,企微,2026-06-09 10:19:00,191秒,iOS,沈阳,wecom_user_0403,139****0403,辽A-MK403,LFAKE000000000403,是,mock-after-sales-v1,活动/用户运营与口碑风险型,21,沈阳,沈阳铁西服务中心,活动/社群,2,5,否,拒绝联系,报名成功后通知太晚，差点错过集合时间。主要集中在权益感知、社群反馈。这次我在沈阳沈阳铁西服务中心，时间是午休时段，希望后续有人回访。我主要关注现场等待安排。样本号 MOCK-0403。,是,,,,,,,,,,,,,,,,,等待时间/解释不清/处理结果,,,,,,,,,,,,,,,,,,,,,,,,,,,,,,,,,,,,,,,,车主课堂,短信链接,2,1,2,2,否,报名成功后通知太晚，差点错过集合时间。主要集中在权益感知、社群反馈。这次我在沈阳沈阳铁西服务中心，时间是午休时段，希望后续有人回访。我主要关注现场等待安排。样本号 MOCK-0403。,否,否,,否,报名成功后通知太晚，差点错过集合时间。主要集中在权益感知、社群反馈。这次我在沈阳沈阳铁西服务中心，时间是午休时段，希望后续有人回访。我主要关注现场等待安排。样本号 MOCK-0403。,权益感知、社群反馈,否
404,wecom_ans_000404,问卷星,活动用户运营与口碑风险问卷,端午车主活动反馈,小程序,2026-06-12 17:32:00,208秒,PC,南京,wecom_user_0404,136****0404,苏A-DM0404,LFAKE000000000404,是,mock-after-sales-v1,活动/用户运营与口碑风险型,21,南京,南京建邺服务中心,活动/社群,2,6,是,拒绝联系,社群回复慢，活动变更没有提前通知，容易产生误解。主要集中在社群反馈、活动体验。这次我在南京南京建邺服务中心，时间是活动结束后，希望解释更直接。我主要关注后续闭环动作。样本号 MOCK-0404。,是,,,,,,,,,,,,,,,,,等待时间/解释不清/处理结果,,,,,,,,,,,,,,,,,,,,,,,,,,,,,,,,,,,,,,,,车主活动,社群,2,1,2,2,否,社群回复慢，活动变更没有提前通知，容易产生误解。主要集中在社群反馈、活动体验。这次我在南京南京建邺服务中心，时间是活动结束后，希望解释更直接。我主要关注后续闭环动作。样本号 MOCK-0404。,否,否,,是,社群回复慢，活动变更没有提前通知，容易产生误解。主要集中在社群反馈、活动体验。这次我在南京南京建邺服务中心，时间是活动结束后，希望解释更直接。我主要关注后续闭环动作。样本号 MOCK-0404。,社群反馈、活动体验,否
405,wecom_ans_000405,问卷星,活动用户运营与口碑风险问卷,车主社群权益回访,服务顾问代录,2026-05-01 14:45:00,225秒,iOS,重庆,wecom_user_0405,135****0405,渝A-MK405,LFAKE000000000405,是,mock-after-sales-v1,活动/用户运营与口碑风险型,21,重庆,重庆南岸服务中心,活动/社群,2,5,否,已授权联系,活动权益说明不清楚，到现场才知道有限制条件。主要集中在活动体验、权益感知。这次我在重庆重庆南岸服务中心，时间是工作日上午，希望线上状态更准确。我主要关注服务顾问口径。样本号 MOCK-0405。,是,,,,,,,,,,,,,,,,,等待时间/解释不清/处理结果,,,,,,,,,,,,,,,,,,,,,,,,,,,,,,,,,,,,,,,,社群通知,企微,2,1,2,2,否,活动权益说明不清楚，到现场才知道有限制条件。主要集中在活动体验、权益感知。这次我在重庆重庆南岸服务中心，时间是工作日上午，希望线上状态更准确。我主要关注服务顾问口径。样本号 MOCK-0405。,否,否,,否,活动权益说明不清楚，到现场才知道有限制条件。主要集中在活动体验、权益感知。这次我在重庆重庆南岸服务中心，时间是工作日上午，希望线上状态更准确。我主要关注服务顾问口径。样本号 MOCK-0405。,活动体验、权益感知,否
406,wecom_ans_000406,问卷星,活动用户运营与口碑风险问卷,用户运营口碑素材复盘,App,2026-05-04 11:58:00,242秒,PC,沈阳,wecom_user_0406,188****0406,辽A-MK406,LFAKE000000000406,是,mock-after-sales-v1,活动/用户运营与口碑风险型,21,沈阳,沈阳铁西服务中心,活动/社群,2,6,否,拒绝联系,报名成功后通知太晚，差点错过集合时间。主要集中在权益感知、社群反馈。这次我在沈阳沈阳铁西服务中心，时间是工作日下午，希望提前同步进度。我主要关注预约变更提醒。样本号 MOCK-0406。,是,,,,,,,,,,,,,,,,,等待时间/解释不清/处理结果,,,,,,,,,,,,,,,,,,,,,,,,,,,,,,,,,,,,,,,,权益回访,App,2,1,2,2,否,报名成功后通知太晚，差点错过集合时间。主要集中在权益感知、社群反馈。这次我在沈阳沈阳铁西服务中心，时间是工作日下午，希望提前同步进度。我主要关注预约变更提醒。样本号 MOCK-0406。,否,否,,是,报名成功后通知太晚，差点错过集合时间。主要集中在权益感知、社群反馈。这次我在沈阳沈阳铁西服务中心，时间是工作日下午，希望提前同步进度。我主要关注预约变更提醒。样本号 MOCK-0406。,权益感知、社群反馈,否
407,wecom_ans_000407,问卷星,活动用户运营与口碑风险问卷,端午车主活动反馈,短信链接,2026-05-07 18:11:00,259秒,iOS,南京,wecom_user_0407,177****0407,苏A-MK407,LFAKE000000000407,是,mock-after-sales-v1,活动/用户运营与口碑风险型,21,南京,南京建邺服务中心,活动/社群,1,3,否,拒绝联系,社群回复慢，活动变更没有提前通知，容易产生误解。主要集中在社群反馈、活动体验。这次我在南京南京建邺服务中心，时间是周末上午，希望结果更可追溯。我主要关注费用和权益解释。样本号 MOCK-0407。,是,,,,,,,,,,,,,,,,,等待时间/解释不清/处理结果,,,,,,,,,,,,,,,,,,,,,,,,,,,,,,,,,,,,,,,,车主课堂,服务中心海报,1,1,1,1,否,社群回复慢，活动变更没有提前通知，容易产生误解。主要集中在社群反馈、活动体验。这次我在南京南京建邺服务中心，时间是周末上午，希望结果更可追溯。我主要关注费用和权益解释。样本号 MOCK-0407。,否,否,,否,社群回复慢，活动变更没有提前通知，容易产生误解。主要集中在社群反馈、活动体验。这次我在南京南京建邺服务中心，时间是周末上午，希望结果更可追溯。我主要关注费用和权益解释。样本号 MOCK-0407。,社群反馈、活动体验,否
408,wecom_ans_000408,问卷星,活动用户运营与口碑风险问卷,车主社群权益回访,企微,2026-05-10 15:24:00,276秒,PC,重庆,wecom_user_0408,138****0408,渝A-DM0408,LFAKE000000000408,是,mock-after-sales-v1,活动/用户运营与口碑风险型,21,重庆,重庆南岸服务中心,活动/社群,1,4,是,已授权联系,活动权益说明不清楚，到现场才知道有限制条件。主要集中在活动体验、权益感知。这次我在重庆重庆南岸服务中心，时间是周末傍晚，希望服务口径一致。我主要关注问题复核安排。样本号 MOCK-0408。,是,,,,,,,,,,,,,,,,,等待时间/解释不清/处理结果,,,,,,,,,,,,,,,,,,,,,,,,,,,,,,,,,,,,,,,,车主活动,短信链接,1,1,1,1,否,活动权益说明不清楚，到现场才知道有限制条件。主要集中在活动体验、权益感知。这次我在重庆重庆南岸服务中心，时间是周末傍晚，希望服务口径一致。我主要关注问题复核安排。样本号 MOCK-0408。,否,否,,是,活动权益说明不清楚，到现场才知道有限制条件。主要集中在活动体验、权益感知。这次我在重庆重庆南岸服务中心，时间是周末傍晚，希望服务口径一致。我主要关注问题复核安排。样本号 MOCK-0408。,活动体验、权益感知,否
409,wecom_ans_000409,问卷星,活动用户运营与口碑风险问卷,用户运营口碑素材复盘,小程序,2026-05-13 12:37:00,293秒,iOS,沈阳,wecom_user_0409,139****0409,辽A-MK409,LFAKE000000000409,是,mock-after-sales-v1,活动/用户运营与口碑风险型,21,沈阳,沈阳铁西服务中心,活动/社群,1,3,否,拒绝联系,报名成功后通知太晚，差点错过集合时间。主要集中在权益感知、社群反馈。这次我在沈阳沈阳铁西服务中心，时间是节前高峰，希望减少等待。我主要关注跨渠道信息一致性。样本号 MOCK-0409。,是,,,,,,,,,,,,,,,,,等待时间/解释不清/处理结果,,,,,,,,,,,,,,,,,,,,,,,,,,,,,,,,,,,,,,,,社群通知,社群,1,1,1,1,否,报名成功后通知太晚，差点错过集合时间。主要集中在权益感知、社群反馈。这次我在沈阳沈阳铁西服务中心，时间是节前高峰，希望减少等待。我主要关注跨渠道信息一致性。样本号 MOCK-0409。,否,否,,否,报名成功后通知太晚，差点错过集合时间。主要集中在权益感知、社群反馈。这次我在沈阳沈阳铁西服务中心，时间是节前高峰，希望减少等待。我主要关注跨渠道信息一致性。样本号 MOCK-0409。,权益感知、社群反馈,否
410,wecom_ans_000410,腾讯问卷,活动用户运营与口碑风险问卷,端午车主活动反馈,服务顾问代录,2026-05-16 09:50:00,70秒,PC,南京,wecom_user_0410,136****0410,苏A-MK410,LFAKE000000000410,是,mock-after-sales-v1,活动/用户运营与口碑风险型,21,南京,南京建邺服务中心,活动/社群,4,8,是,未询问,礼品和权益兑现符合预期，现场体验比预想更好。值得复用的点是社群反馈。这次我在南京南京建邺服务中心，时间是雨天到店，希望后续有人回访。我主要关注首次响应。样本号 MOCK-0410。,是,,,,,,,,,,,,,,,,,服务态度/响应速度/结果可信,,,,,,,,,,,,,,,,,,,,,,,,,,,,,,,,,,,,,,,,权益回访,企微,4,4,4,4,是,,是,是,礼品和权益兑现符合预期，现场体验比预想更好。值得复用的点是社群反馈。这次我在南京南京建邺服务中心，时间是雨天到店，希望后续有人回访。我主要关注首次响应。样本号 MOCK-0410。,否,,保持活动组织和权益说明清晰,是
411,wecom_ans_000411,腾讯问卷,活动用户运营与口碑风险问卷,车主社群权益回访,App,2026-05-19 16:03:00,87秒,iOS,重庆,wecom_user_0411,135****0411,渝A-MK411,LFAKE000000000411,是,mock-after-sales-v1,活动/用户运营与口碑风险型,21,重庆,重庆南岸服务中心,活动/社群,5,9,是,拒绝联系,活动组织有序，权益说明清楚，工作人员能主动解答问题。值得复用的点是活动体验。这次我在重庆重庆南岸服务中心，时间是下班后，希望解释更直接。我主要关注交付前说明。样本号 MOCK-0411。,是,,,,,,,,,,,,,,,,,服务态度/响应速度/结果可信,,,,,,,,,,,,,,,,,,,,,,,,,,,,,,,,,,,,,,,,车主课堂,App,5,5,5,5,是,,是,是,活动组织有序，权益说明清楚，工作人员能主动解答问题。值得复用的点是活动体验。这次我在重庆重庆南岸服务中心，时间是下班后，希望解释更直接。我主要关注交付前说明。样本号 MOCK-0411。,否,,保持活动组织和权益说明清晰,是
412,wecom_ans_000412,腾讯问卷,活动用户运营与口碑风险问卷,用户运营口碑素材复盘,短信链接,2026-05-22 13:16:00,104秒,PC,沈阳,wecom_user_0412,188****0412,辽A-DM0412,LFAKE000000000412,是,mock-after-sales-v1,活动/用户运营与口碑风险型,21,沈阳,沈阳铁西服务中心,活动/社群,4,8,是,拒绝联系,社群提醒及时，车主课堂内容有价值，愿意继续参加。值得复用的点是权益感知。这次我在沈阳沈阳铁西服务中心，时间是午休时段，希望线上状态更准确。我主要关注线上状态同步。样本号 MOCK-0412。,是,,,,,,,,,,,,,,,,,服务态度/响应速度/结果可信,,,,,,,,,,,,,,,,,,,,,,,,,,,,,,,,,,,,,,,,车主活动,服务中心海报,4,4,4,4,是,,是,是,社群提醒及时，车主课堂内容有价值，愿意继续参加。值得复用的点是权益感知。这次我在沈阳沈阳铁西服务中心，时间是午休时段，希望线上状态更准确。我主要关注线上状态同步。样本号 MOCK-0412。,否,,保持活动组织和权益说明清晰,是
413,wecom_ans_000413,腾讯问卷,活动用户运营与口碑风险问卷,端午车主活动反馈,企微,2026-05-25 10:29:00,121秒,iOS,南京,wecom_user_0413,177****0413,苏A-MK413,LFAKE000000000413,是,mock-after-sales-v1,活动/用户运营与口碑风险型,21,南京,南京建邺服务中心,活动/社群,4,8,是,拒绝联系,礼品和权益兑现符合预期，现场体验比预想更好。值得复用的点是社群反馈。这次我在南京南京建邺服务中心，时间是活动结束后，希望提前同步进度。我主要关注现场等待安排。样本号 MOCK-0413。,是,,,,,,,,,,,,,,,,,服务态度/响应速度/结果可信,,,,,,,,,,,,,,,,,,,,,,,,,,,,,,,,,,,,,,,,社群通知,短信链接,4,4,4,4,是,,是,是,礼品和权益兑现符合预期，现场体验比预想更好。值得复用的点是社群反馈。这次我在南京南京建邺服务中心，时间是活动结束后，希望提前同步进度。我主要关注现场等待安排。样本号 MOCK-0413。,否,,保持活动组织和权益说明清晰,是
414,wecom_ans_000414,腾讯问卷,活动用户运营与口碑风险问卷,车主社群权益回访,小程序,2026-05-28 17:42:00,138秒,PC,重庆,wecom_user_0414,138****0414,渝A-MK414,LFAKE000000000414,是,mock-after-sales-v1,活动/用户运营与口碑风险型,21,重庆,重庆南岸服务中心,活动/社群,5,10,是,拒绝联系,活动组织有序，权益说明清楚，工作人员能主动解答问题。值得复用的点是活动体验。这次我在重庆重庆南岸服务中心，时间是工作日上午，希望结果更可追溯。我主要关注后续闭环动作。样本号 MOCK-0414。,是,,,,,,,,,,,,,,,,,服务态度/响应速度/结果可信,,,,,,,,,,,,,,,,,,,,,,,,,,,,,,,,,,,,,,,,权益回访,社群,5,5,5,5,是,,是,是,活动组织有序，权益说明清楚，工作人员能主动解答问题。值得复用的点是活动体验。这次我在重庆重庆南岸服务中心，时间是工作日上午，希望结果更可追溯。我主要关注后续闭环动作。样本号 MOCK-0414。,否,,保持活动组织和权益说明清晰,是
415,wecom_ans_000415,腾讯问卷,活动用户运营与口碑风险问卷,用户运营口碑素材复盘,服务顾问代录,2026-05-31 14:55:00,155秒,iOS,沈阳,wecom_user_0415,139****0415,辽A-MK415,LFAKE000000000415,是,mock-after-sales-v1,活动/用户运营与口碑风险型,21,沈阳,沈阳铁西服务中心,活动/社群,4,8,是,未询问,社群提醒及时，车主课堂内容有价值，愿意继续参加。值得复用的点是权益感知。这次我在沈阳沈阳铁西服务中心，时间是工作日下午，希望服务口径一致。我主要关注服务顾问口径。样本号 MOCK-0415。,是,,,,,,,,,,,,,,,,,服务态度/响应速度/结果可信,,,,,,,,,,,,,,,,,,,,,,,,,,,,,,,,,,,,,,,,车主课堂,企微,4,4,4,4,是,,是,是,社群提醒及时，车主课堂内容有价值，愿意继续参加。值得复用的点是权益感知。这次我在沈阳沈阳铁西服务中心，时间是工作日下午，希望服务口径一致。我主要关注服务顾问口径。样本号 MOCK-0415。,否,,保持活动组织和权益说明清晰,是
416,wecom_ans_000416,腾讯问卷,活动用户运营与口碑风险问卷,端午车主活动反馈,App,2026-06-03 11:08:00,172秒,PC,南京,wecom_user_0416,136****0416,苏A-DM0416,LFAKE000000000416,是,mock-after-sales-v1,活动/用户运营与口碑风险型,21,南京,南京建邺服务中心,活动/社群,3,8,是,已授权联系,权益兑现没有问题，但现场动线可以更清楚。后续可继续观察社群反馈。这次我在南京南京建邺服务中心，时间是周末上午，希望减少等待。我主要关注预约变更提醒。样本号 MOCK-0416。,是,,,,,,,,,,,,,,,,,服务态度/响应速度/结果可信,,,,,,,,,,,,,,,,,,,,,,,,,,,,,,,,,,,,,,,,车主活动,App,3,3,3,3,是,,一般,否,,否,,保持活动组织和权益说明清晰,不确定
417,wecom_ans_000417,App内问卷,活动用户运营与口碑风险问卷,车主社群权益回访,短信链接,2026-06-06 18:21:00,189秒,iOS,重庆,wecom_user_0417,135****0417,渝A-MK417,LFAKE000000000417,是,mock-after-sales-v1,活动/用户运营与口碑风险型,21,重庆,重庆南岸服务中心,活动/社群,3,7,不确定,拒绝联系,活动内容还可以，但规则说明有点复杂，希望下次更简单。后续可继续观察活动体验。这次我在重庆重庆南岸服务中心，时间是周末傍晚，希望后续有人回访。我主要关注费用和权益解释。样本号 MOCK-0417。,是,,,,,,,,,,,,,,,,,服务态度/响应速度/结果可信,,,,,,,,,,,,,,,,,,,,,,,,,,,,,,,,,,,,,,,,社群通知,服务中心海报,3,3,3,3,是,,一般,否,,否,,保持活动组织和权益说明清晰,不确定
418,wecom_ans_000418,App内问卷,活动用户运营与口碑风险问卷,用户运营口碑素材复盘,企微,2026-06-09 15:34:00,206秒,PC,沈阳,wecom_user_0418,188****0418,辽A-MK418,LFAKE000000000418,是,mock-after-sales-v1,活动/用户运营与口碑风险型,21,沈阳,沈阳铁西服务中心,活动/社群,3,8,是,拒绝联系,社群通知及时，报名确认稍慢，整体体验一般。后续可继续观察权益感知。这次我在沈阳沈阳铁西服务中心，时间是节前高峰，希望解释更直接。我主要关注问题复核安排。样本号 MOCK-0418。,是,,,,,,,,,,,,,,,,,服务态度/响应速度/结果可信,,,,,,,,,,,,,,,,,,,,,,,,,,,,,,,,,,,,,,,,权益回访,短信链接,3,3,3,3,是,,一般,否,,否,,保持活动组织和权益说明清晰,不确定
419,wecom_ans_000419,短信链接,活动用户运营与口碑风险问卷,端午车主活动反馈,小程序,2026-06-12 12:47:00,223秒,iOS,南京,wecom_user_0419,177****0419,苏A-MK419,LFAKE000000000419,是,mock-after-sales-v1,活动/用户运营与口碑风险型,21,南京,南京建邺服务中心,活动/社群,3,7,是,拒绝联系,权益兑现没有问题，但现场动线可以更清楚。后续可继续观察社群反馈。这次我在南京南京建邺服务中心，时间是雨天到店，希望线上状态更准确。我主要关注跨渠道信息一致性。样本号 MOCK-0419。,是,,,,,,,,,,,,,,,,,服务态度/响应速度/结果可信,,,,,,,,,,,,,,,,,,,,,,,,,,,,,,,,,,,,,,,,车主课堂,社群,3,3,3,3,是,,一般,否,,否,,保持活动组织和权益说明清晰,不确定
420,wecom_ans_000420,企微链接,活动用户运营与口碑风险问卷,车主社群权益回访,服务顾问代录,2026-05-01 09:00:00,240秒,PC,重庆,wecom_user_0420,138****0420,渝A-DM0420,LFAKE000000000420,是,mock-after-sales-v1,活动/用户运营与口碑风险型,21,重庆,重庆南岸服务中心,活动/社群,3,8,不确定,未询问,活动内容还可以，但规则说明有点复杂，希望下次更简单。后续可继续观察活动体验。这次我在重庆重庆南岸服务中心，时间是下班后，希望提前同步进度。我主要关注首次响应。样本号 MOCK-0420。,是,,,,,,,,,,,,,,,,,服务态度/响应速度/结果可信,,,,,,,,,,,,,,,,,,,,,,,,,,,,,,,,,,,,,,,,车主活动,企微,3,3,3,3,是,,一般,否,,否,,保持活动组织和权益说明清晰,不确定
421,wecom_ans_000421,问卷星,活动用户运营与口碑风险问卷,用户运营口碑素材复盘,App,2026-05-04 16:13:00,257秒,iOS,沈阳,wecom_user_0421,139****0421,辽A-MK421,LFAKE000000000421,是,mock-after-sales-v1,活动/用户运营与口碑风险型,21,沈阳,沈阳铁西服务中心,活动/社群,2,5,否,拒绝联系,报名成功后通知太晚，差点错过集合时间。主要集中在权益感知、社群反馈。这次我在沈阳沈阳铁西服务中心，时间是午休时段，希望结果更可追溯。我主要关注交付前说明。样本号 MOCK-0421。,是,,,,,,,,,,,,,,,,,等待时间/解释不清/处理结果,,,,,,,,,,,,,,,,,,,,,,,,,,,,,,,,,,,,,,,,社群通知,App,2,1,2,2,否,报名成功后通知太晚，差点错过集合时间。主要集中在权益感知、社群反馈。这次我在沈阳沈阳铁西服务中心，时间是午休时段，希望结果更可追溯。我主要关注交付前说明。样本号 MOCK-0421。,否,否,,否,报名成功后通知太晚，差点错过集合时间。主要集中在权益感知、社群反馈。这次我在沈阳沈阳铁西服务中心，时间是午休时段，希望结果更可追溯。我主要关注交付前说明。样本号 MOCK-0421。,权益感知、社群反馈,否
422,wecom_ans_000422,问卷星,活动用户运营与口碑风险问卷,端午车主活动反馈,短信链接,2026-05-07 13:26:00,274秒,PC,南京,wecom_user_0422,136****0422,苏A-MK422,LFAKE000000000422,是,mock-after-sales-v1,活动/用户运营与口碑风险型,21,南京,南京建邺服务中心,活动/社群,2,6,否,拒绝联系,社群回复慢，活动变更没有提前通知，容易产生误解。主要集中在社群反馈、活动体验。这次我在南京南京建邺服务中心，时间是活动结束后，希望服务口径一致。我主要关注线上状态同步。样本号 MOCK-0422。,是,,,,,,,,,,,,,,,,,等待时间/解释不清/处理结果,,,,,,,,,,,,,,,,,,,,,,,,,,,,,,,,,,,,,,,,权益回访,服务中心海报,2,1,2,2,否,社群回复慢，活动变更没有提前通知，容易产生误解。主要集中在社群反馈、活动体验。这次我在南京南京建邺服务中心，时间是活动结束后，希望服务口径一致。我主要关注线上状态同步。样本号 MOCK-0422。,否,否,,是,社群回复慢，活动变更没有提前通知，容易产生误解。主要集中在社群反馈、活动体验。这次我在南京南京建邺服务中心，时间是活动结束后，希望服务口径一致。我主要关注线上状态同步。样本号 MOCK-0422。,社群反馈、活动体验,否
423,wecom_ans_000423,问卷星,活动用户运营与口碑风险问卷,车主社群权益回访,企微,2026-05-10 10:39:00,291秒,iOS,重庆,wecom_user_0423,135****0423,渝A-MK423,LFAKE000000000423,是,mock-after-sales-v1,活动/用户运营与口碑风险型,21,重庆,重庆南岸服务中心,活动/社群,2,5,否,已授权联系,活动权益说明不清楚，到现场才知道有限制条件。主要集中在活动体验、权益感知。这次我在重庆重庆南岸服务中心，时间是工作日上午，希望减少等待。我主要关注现场等待安排。样本号 MOCK-0423。,是,,,,,,,,,,,,,,,,,等待时间/解释不清/处理结果,,,,,,,,,,,,,,,,,,,,,,,,,,,,,,,,,,,,,,,,车主课堂,短信链接,2,1,2,2,否,活动权益说明不清楚，到现场才知道有限制条件。主要集中在活动体验、权益感知。这次我在重庆重庆南岸服务中心，时间是工作日上午，希望减少等待。我主要关注现场等待安排。样本号 MOCK-0423。,否,否,,否,活动权益说明不清楚，到现场才知道有限制条件。主要集中在活动体验、权益感知。这次我在重庆重庆南岸服务中心，时间是工作日上午，希望减少等待。我主要关注现场等待安排。样本号 MOCK-0423。,活动体验、权益感知,否
424,wecom_ans_000424,问卷星,活动用户运营与口碑风险问卷,用户运营口碑素材复盘,小程序,2026-05-13 17:52:00,68秒,PC,沈阳,wecom_user_0424,188****0424,辽A-DM0424,LFAKE000000000424,是,mock-after-sales-v1,活动/用户运营与口碑风险型,21,沈阳,沈阳铁西服务中心,活动/社群,2,6,是,拒绝联系,报名成功后通知太晚，差点错过集合时间。主要集中在权益感知、社群反馈。这次我在沈阳沈阳铁西服务中心，时间是工作日下午，希望后续有人回访。我主要关注后续闭环动作。样本号 MOCK-0424。,是,,,,,,,,,,,,,,,,,等待时间/解释不清/处理结果,,,,,,,,,,,,,,,,,,,,,,,,,,,,,,,,,,,,,,,,车主活动,社群,2,1,2,2,否,报名成功后通知太晚，差点错过集合时间。主要集中在权益感知、社群反馈。这次我在沈阳沈阳铁西服务中心，时间是工作日下午，希望后续有人回访。我主要关注后续闭环动作。样本号 MOCK-0424。,否,否,,是,报名成功后通知太晚，差点错过集合时间。主要集中在权益感知、社群反馈。这次我在沈阳沈阳铁西服务中心，时间是工作日下午，希望后续有人回访。我主要关注后续闭环动作。样本号 MOCK-0424。,权益感知、社群反馈,否
425,wecom_ans_000425,问卷星,活动用户运营与口碑风险问卷,端午车主活动反馈,服务顾问代录,2026-05-16 14:05:00,85秒,iOS,南京,wecom_user_0425,177****0425,苏A-MK425,LFAKE000000000425,是,mock-after-sales-v1,活动/用户运营与口碑风险型,21,南京,南京建邺服务中心,活动/社群,2,5,否,未询问,社群回复慢，活动变更没有提前通知，容易产生误解。主要集中在社群反馈、活动体验。这次我在南京南京建邺服务中心，时间是周末上午，希望解释更直接。我主要关注服务顾问口径。样本号 MOCK-0425。,是,,,,,,,,,,,,,,,,,等待时间/解释不清/处理结果,,,,,,,,,,,,,,,,,,,,,,,,,,,,,,,,,,,,,,,,社群通知,企微,2,1,2,2,否,社群回复慢，活动变更没有提前通知，容易产生误解。主要集中在社群反馈、活动体验。这次我在南京南京建邺服务中心，时间是周末上午，希望解释更直接。我主要关注服务顾问口径。样本号 MOCK-0425。,否,否,,否,社群回复慢，活动变更没有提前通知，容易产生误解。主要集中在社群反馈、活动体验。这次我在南京南京建邺服务中心，时间是周末上午，希望解释更直接。我主要关注服务顾问口径。样本号 MOCK-0425。,社群反馈、活动体验,否
426,wecom_ans_000426,问卷星,活动用户运营与口碑风险问卷,车主社群权益回访,App,2026-05-19 11:18:00,102秒,PC,重庆,wecom_user_0426,138****0426,渝A-MK426,LFAKE000000000426,是,mock-after-sales-v1,活动/用户运营与口碑风险型,21,重庆,重庆南岸服务中心,活动/社群,2,6,否,已授权联系,活动权益说明不清楚，到现场才知道有限制条件。主要集中在活动体验、权益感知。这次我在重庆重庆南岸服务中心，时间是周末傍晚，希望线上状态更准确。我主要关注预约变更提醒。样本号 MOCK-0426。,是,,,,,,,,,,,,,,,,,等待时间/解释不清/处理结果,,,,,,,,,,,,,,,,,,,,,,,,,,,,,,,,,,,,,,,,权益回访,App,2,1,2,2,否,活动权益说明不清楚，到现场才知道有限制条件。主要集中在活动体验、权益感知。这次我在重庆重庆南岸服务中心，时间是周末傍晚，希望线上状态更准确。我主要关注预约变更提醒。样本号 MOCK-0426。,否,否,,是,活动权益说明不清楚，到现场才知道有限制条件。主要集中在活动体验、权益感知。这次我在重庆重庆南岸服务中心，时间是周末傍晚，希望线上状态更准确。我主要关注预约变更提醒。样本号 MOCK-0426。,活动体验、权益感知,否
427,wecom_ans_000427,问卷星,活动用户运营与口碑风险问卷,用户运营口碑素材复盘,短信链接,2026-05-22 18:31:00,119秒,iOS,沈阳,wecom_user_0427,139****0427,辽A-MK427,LFAKE000000000427,是,mock-after-sales-v1,活动/用户运营与口碑风险型,21,沈阳,沈阳铁西服务中心,活动/社群,1,3,否,拒绝联系,报名成功后通知太晚，差点错过集合时间。主要集中在权益感知、社群反馈。这次我在沈阳沈阳铁西服务中心，时间是节前高峰，希望提前同步进度。我主要关注费用和权益解释。样本号 MOCK-0427。,是,,,,,,,,,,,,,,,,,等待时间/解释不清/处理结果,,,,,,,,,,,,,,,,,,,,,,,,,,,,,,,,,,,,,,,,车主课堂,服务中心海报,1,1,1,1,否,报名成功后通知太晚，差点错过集合时间。主要集中在权益感知、社群反馈。这次我在沈阳沈阳铁西服务中心，时间是节前高峰，希望提前同步进度。我主要关注费用和权益解释。样本号 MOCK-0427。,否,否,,否,报名成功后通知太晚，差点错过集合时间。主要集中在权益感知、社群反馈。这次我在沈阳沈阳铁西服务中心，时间是节前高峰，希望提前同步进度。我主要关注费用和权益解释。样本号 MOCK-0427。,权益感知、社群反馈,否
428,wecom_ans_000428,问卷星,活动用户运营与口碑风险问卷,端午车主活动反馈,企微,2026-05-25 15:44:00,136秒,PC,南京,wecom_user_0428,136****0428,苏A-DM0428,LFAKE000000000428,是,mock-after-sales-v1,活动/用户运营与口碑风险型,21,南京,南京建邺服务中心,活动/社群,1,4,是,拒绝联系,社群回复慢，活动变更没有提前通知，容易产生误解。主要集中在社群反馈、活动体验。这次我在南京南京建邺服务中心，时间是雨天到店，希望结果更可追溯。我主要关注问题复核安排。样本号 MOCK-0428。,是,,,,,,,,,,,,,,,,,等待时间/解释不清/处理结果,,,,,,,,,,,,,,,,,,,,,,,,,,,,,,,,,,,,,,,,车主活动,短信链接,1,1,1,1,否,社群回复慢，活动变更没有提前通知，容易产生误解。主要集中在社群反馈、活动体验。这次我在南京南京建邺服务中心，时间是雨天到店，希望结果更可追溯。我主要关注问题复核安排。样本号 MOCK-0428。,否,否,,是,社群回复慢，活动变更没有提前通知，容易产生误解。主要集中在社群反馈、活动体验。这次我在南京南京建邺服务中心，时间是雨天到店，希望结果更可追溯。我主要关注问题复核安排。样本号 MOCK-0428。,社群反馈、活动体验,否
429,wecom_ans_000429,问卷星,活动用户运营与口碑风险问卷,车主社群权益回访,小程序,2026-05-28 12:57:00,153秒,iOS,重庆,wecom_user_0429,135****0429,渝A-MK429,LFAKE000000000429,是,mock-after-sales-v1,活动/用户运营与口碑风险型,21,重庆,重庆南岸服务中心,活动/社群,1,3,否,已授权联系,活动权益说明不清楚，到现场才知道有限制条件。主要集中在活动体验、权益感知。这次我在重庆重庆南岸服务中心，时间是下班后，希望服务口径一致。我主要关注跨渠道信息一致性。样本号 MOCK-0429。,是,,,,,,,,,,,,,,,,,等待时间/解释不清/处理结果,,,,,,,,,,,,,,,,,,,,,,,,,,,,,,,,,,,,,,,,社群通知,社群,1,1,1,1,否,活动权益说明不清楚，到现场才知道有限制条件。主要集中在活动体验、权益感知。这次我在重庆重庆南岸服务中心，时间是下班后，希望服务口径一致。我主要关注跨渠道信息一致性。样本号 MOCK-0429。,否,否,,否,活动权益说明不清楚，到现场才知道有限制条件。主要集中在活动体验、权益感知。这次我在重庆重庆南岸服务中心，时间是下班后，希望服务口径一致。我主要关注跨渠道信息一致性。样本号 MOCK-0429。,活动体验、权益感知,否
430,wecom_ans_000430,腾讯问卷,活动用户运营与口碑风险问卷,用户运营口碑素材复盘,服务顾问代录,2026-05-31 09:10:00,170秒,PC,沈阳,wecom_user_0430,188****0430,辽A-MK430,LFAKE000000000430,是,mock-after-sales-v1,活动/用户运营与口碑风险型,21,沈阳,沈阳铁西服务中心,活动/社群,4,8,是,未询问,社群提醒及时，车主课堂内容有价值，愿意继续参加。值得复用的点是权益感知。这次我在沈阳沈阳铁西服务中心，时间是午休时段，希望减少等待。我主要关注首次响应。样本号 MOCK-0430。,是,,,,,,,,,,,,,,,,,服务态度/响应速度/结果可信,,,,,,,,,,,,,,,,,,,,,,,,,,,,,,,,,,,,,,,,权益回访,企微,4,4,4,4,是,,是,是,社群提醒及时，车主课堂内容有价值，愿意继续参加。值得复用的点是权益感知。这次我在沈阳沈阳铁西服务中心，时间是午休时段，希望减少等待。我主要关注首次响应。样本号 MOCK-0430。,否,,保持活动组织和权益说明清晰,是
431,wecom_ans_000431,腾讯问卷,活动用户运营与口碑风险问卷,端午车主活动反馈,App,2026-06-03 16:23:00,187秒,iOS,南京,wecom_user_0431,177****0431,苏A-MK431,LFAKE000000000431,是,mock-after-sales-v1,活动/用户运营与口碑风险型,21,南京,南京建邺服务中心,活动/社群,4,8,是,拒绝联系,礼品和权益兑现符合预期，现场体验比预想更好。值得复用的点是社群反馈。这次我在南京南京建邺服务中心，时间是活动结束后，希望后续有人回访。我主要关注交付前说明。样本号 MOCK-0431。,是,,,,,,,,,,,,,,,,,服务态度/响应速度/结果可信,,,,,,,,,,,,,,,,,,,,,,,,,,,,,,,,,,,,,,,,车主课堂,App,4,4,4,4,是,,是,是,礼品和权益兑现符合预期，现场体验比预想更好。值得复用的点是社群反馈。这次我在南京南京建邺服务中心，时间是活动结束后，希望后续有人回访。我主要关注交付前说明。样本号 MOCK-0431。,否,,保持活动组织和权益说明清晰,是
432,wecom_ans_000432,腾讯问卷,活动用户运营与口碑风险问卷,车主社群权益回访,短信链接,2026-06-06 13:36:00,204秒,PC,重庆,wecom_user_0432,138****0432,渝A-DM0432,LFAKE000000000432,是,mock-after-sales-v1,活动/用户运营与口碑风险型,21,重庆,重庆南岸服务中心,活动/社群,5,10,是,拒绝联系,活动组织有序，权益说明清楚，工作人员能主动解答问题。值得复用的点是活动体验。这次我在重庆重庆南岸服务中心，时间是工作日上午，希望解释更直接。我主要关注线上状态同步。样本号 MOCK-0432。,是,,,,,,,,,,,,,,,,,服务态度/响应速度/结果可信,,,,,,,,,,,,,,,,,,,,,,,,,,,,,,,,,,,,,,,,车主活动,服务中心海报,5,5,5,5,是,,是,是,活动组织有序，权益说明清楚，工作人员能主动解答问题。值得复用的点是活动体验。这次我在重庆重庆南岸服务中心，时间是工作日上午，希望解释更直接。我主要关注线上状态同步。样本号 MOCK-0432。,否,,保持活动组织和权益说明清晰,是
433,wecom_ans_000433,腾讯问卷,活动用户运营与口碑风险问卷,用户运营口碑素材复盘,企微,2026-06-09 10:49:00,221秒,iOS,沈阳,wecom_user_0433,139****0433,辽A-MK433,LFAKE000000000433,是,mock-after-sales-v1,活动/用户运营与口碑风险型,21,沈阳,沈阳铁西服务中心,活动/社群,4,8,是,拒绝联系,社群提醒及时，车主课堂内容有价值，愿意继续参加。值得复用的点是权益感知。这次我在沈阳沈阳铁西服务中心，时间是工作日下午，希望线上状态更准确。我主要关注现场等待安排。样本号 MOCK-0433。,是,,,,,,,,,,,,,,,,,服务态度/响应速度/结果可信,,,,,,,,,,,,,,,,,,,,,,,,,,,,,,,,,,,,,,,,社群通知,短信链接,4,4,4,4,是,,是,是,社群提醒及时，车主课堂内容有价值，愿意继续参加。值得复用的点是权益感知。这次我在沈阳沈阳铁西服务中心，时间是工作日下午，希望线上状态更准确。我主要关注现场等待安排。样本号 MOCK-0433。,否,,保持活动组织和权益说明清晰,是
434,wecom_ans_000434,腾讯问卷,活动用户运营与口碑风险问卷,端午车主活动反馈,小程序,2026-06-12 17:02:00,238秒,PC,南京,wecom_user_0434,136****0434,苏A-MK434,LFAKE000000000434,是,mock-after-sales-v1,活动/用户运营与口碑风险型,21,南京,南京建邺服务中心,活动/社群,4,8,是,拒绝联系,礼品和权益兑现符合预期，现场体验比预想更好。值得复用的点是社群反馈。这次我在南京南京建邺服务中心，时间是周末上午，希望提前同步进度。我主要关注后续闭环动作。样本号 MOCK-0434。,是,,,,,,,,,,,,,,,,,服务态度/响应速度/结果可信,,,,,,,,,,,,,,,,,,,,,,,,,,,,,,,,,,,,,,,,权益回访,社群,4,4,4,4,是,,是,是,礼品和权益兑现符合预期，现场体验比预想更好。值得复用的点是社群反馈。这次我在南京南京建邺服务中心，时间是周末上午，希望提前同步进度。我主要关注后续闭环动作。样本号 MOCK-0434。,否,,保持活动组织和权益说明清晰,是
435,wecom_ans_000435,腾讯问卷,活动用户运营与口碑风险问卷,车主社群权益回访,服务顾问代录,2026-05-01 14:15:00,255秒,iOS,重庆,wecom_user_0435,135****0435,渝A-MK435,LFAKE000000000435,是,mock-after-sales-v1,活动/用户运营与口碑风险型,21,重庆,重庆南岸服务中心,活动/社群,5,9,是,已授权联系,活动组织有序，权益说明清楚，工作人员能主动解答问题。值得复用的点是活动体验。这次我在重庆重庆南岸服务中心，时间是周末傍晚，希望结果更可追溯。我主要关注服务顾问口径。样本号 MOCK-0435。,是,,,,,,,,,,,,,,,,,服务态度/响应速度/结果可信,,,,,,,,,,,,,,,,,,,,,,,,,,,,,,,,,,,,,,,,车主课堂,企微,5,5,5,5,是,,是,是,活动组织有序，权益说明清楚，工作人员能主动解答问题。值得复用的点是活动体验。这次我在重庆重庆南岸服务中心，时间是周末傍晚，希望结果更可追溯。我主要关注服务顾问口径。样本号 MOCK-0435。,否,,保持活动组织和权益说明清晰,是
436,wecom_ans_000436,腾讯问卷,活动用户运营与口碑风险问卷,用户运营口碑素材复盘,App,2026-05-04 11:28:00,272秒,PC,沈阳,wecom_user_0436,188****0436,辽A-DM0436,LFAKE000000000436,是,mock-after-sales-v1,活动/用户运营与口碑风险型,21,沈阳,沈阳铁西服务中心,活动/社群,3,8,是,拒绝联系,社群通知及时，报名确认稍慢，整体体验一般。后续可继续观察权益感知。这次我在沈阳沈阳铁西服务中心，时间是节前高峰，希望服务口径一致。我主要关注预约变更提醒。样本号 MOCK-0436。,是,,,,,,,,,,,,,,,,,服务态度/响应速度/结果可信,,,,,,,,,,,,,,,,,,,,,,,,,,,,,,,,,,,,,,,,车主活动,App,3,3,3,3,是,,一般,否,,否,,保持活动组织和权益说明清晰,不确定
437,wecom_ans_000437,App内问卷,活动用户运营与口碑风险问卷,端午车主活动反馈,短信链接,2026-05-07 18:41:00,289秒,iOS,南京,wecom_user_0437,177****0437,苏A-MK437,LFAKE000000000437,是,mock-after-sales-v1,活动/用户运营与口碑风险型,21,南京,南京建邺服务中心,活动/社群,3,7,是,拒绝联系,权益兑现没有问题，但现场动线可以更清楚。后续可继续观察社群反馈。这次我在南京南京建邺服务中心，时间是雨天到店，希望减少等待。我主要关注费用和权益解释。样本号 MOCK-0437。,是,,,,,,,,,,,,,,,,,服务态度/响应速度/结果可信,,,,,,,,,,,,,,,,,,,,,,,,,,,,,,,,,,,,,,,,社群通知,服务中心海报,3,3,3,3,是,,一般,否,,否,,保持活动组织和权益说明清晰,不确定
438,wecom_ans_000438,App内问卷,活动用户运营与口碑风险问卷,车主社群权益回访,企微,2026-05-10 15:54:00,66秒,PC,重庆,wecom_user_0438,138****0438,渝A-MK438,LFAKE000000000438,是,mock-after-sales-v1,活动/用户运营与口碑风险型,21,重庆,重庆南岸服务中心,活动/社群,3,8,不确定,拒绝联系,活动内容还可以，但规则说明有点复杂，希望下次更简单。后续可继续观察活动体验。这次我在重庆重庆南岸服务中心，时间是下班后，希望后续有人回访。我主要关注问题复核安排。样本号 MOCK-0438。,是,,,,,,,,,,,,,,,,,服务态度/响应速度/结果可信,,,,,,,,,,,,,,,,,,,,,,,,,,,,,,,,,,,,,,,,权益回访,短信链接,3,3,3,3,是,,一般,否,,否,,保持活动组织和权益说明清晰,不确定
439,wecom_ans_000439,短信链接,活动用户运营与口碑风险问卷,用户运营口碑素材复盘,小程序,2026-05-13 12:07:00,83秒,iOS,沈阳,wecom_user_0439,139****0439,辽A-MK439,LFAKE000000000439,是,mock-after-sales-v1,活动/用户运营与口碑风险型,21,沈阳,沈阳铁西服务中心,活动/社群,3,7,是,拒绝联系,社群通知及时，报名确认稍慢，整体体验一般。后续可继续观察权益感知。这次我在沈阳沈阳铁西服务中心，时间是午休时段，希望解释更直接。我主要关注跨渠道信息一致性。样本号 MOCK-0439。,是,,,,,,,,,,,,,,,,,服务态度/响应速度/结果可信,,,,,,,,,,,,,,,,,,,,,,,,,,,,,,,,,,,,,,,,车主课堂,社群,3,3,3,3,是,,一般,否,,否,,保持活动组织和权益说明清晰,不确定
440,wecom_ans_000440,企微链接,活动用户运营与口碑风险问卷,端午车主活动反馈,服务顾问代录,2026-05-16 09:20:00,100秒,PC,南京,wecom_user_0440,136****0440,苏A-DM0440,LFAKE000000000440,是,mock-after-sales-v1,活动/用户运营与口碑风险型,21,南京,南京建邺服务中心,活动/社群,3,8,是,已授权联系,权益兑现没有问题，但现场动线可以更清楚。后续可继续观察社群反馈。这次我在南京南京建邺服务中心，时间是活动结束后，希望线上状态更准确。我主要关注首次响应。样本号 MOCK-0440。,是,,,,,,,,,,,,,,,,,服务态度/响应速度/结果可信,,,,,,,,,,,,,,,,,,,,,,,,,,,,,,,,,,,,,,,,车主活动,企微,3,3,3,3,是,,一般,否,,否,,保持活动组织和权益说明清晰,不确定
441,wecom_ans_000441,问卷星,活动用户运营与口碑风险问卷,车主社群权益回访,App,2026-05-19 16:33:00,117秒,iOS,重庆,wecom_user_0441,135****0441,渝A-MK441,LFAKE000000000441,是,mock-after-sales-v1,活动/用户运营与口碑风险型,21,重庆,重庆南岸服务中心,活动/社群,2,5,否,已授权联系,活动权益说明不清楚，到现场才知道有限制条件。主要集中在活动体验、权益感知。这次我在重庆重庆南岸服务中心，时间是工作日上午，希望提前同步进度。我主要关注交付前说明。样本号 MOCK-0441。,是,,,,,,,,,,,,,,,,,等待时间/解释不清/处理结果,,,,,,,,,,,,,,,,,,,,,,,,,,,,,,,,,,,,,,,,社群通知,App,2,1,2,2,否,活动权益说明不清楚，到现场才知道有限制条件。主要集中在活动体验、权益感知。这次我在重庆重庆南岸服务中心，时间是工作日上午，希望提前同步进度。我主要关注交付前说明。样本号 MOCK-0441。,否,否,,否,活动权益说明不清楚，到现场才知道有限制条件。主要集中在活动体验、权益感知。这次我在重庆重庆南岸服务中心，时间是工作日上午，希望提前同步进度。我主要关注交付前说明。样本号 MOCK-0441。,活动体验、权益感知,否
442,wecom_ans_000442,问卷星,活动用户运营与口碑风险问卷,用户运营口碑素材复盘,短信链接,2026-05-22 13:46:00,134秒,PC,沈阳,wecom_user_0442,188****0442,辽A-MK442,LFAKE000000000442,是,mock-after-sales-v1,活动/用户运营与口碑风险型,21,沈阳,沈阳铁西服务中心,活动/社群,2,6,否,拒绝联系,报名成功后通知太晚，差点错过集合时间。主要集中在权益感知、社群反馈。这次我在沈阳沈阳铁西服务中心，时间是工作日下午，希望结果更可追溯。我主要关注线上状态同步。样本号 MOCK-0442。,是,,,,,,,,,,,,,,,,,等待时间/解释不清/处理结果,,,,,,,,,,,,,,,,,,,,,,,,,,,,,,,,,,,,,,,,权益回访,服务中心海报,2,1,2,2,否,报名成功后通知太晚，差点错过集合时间。主要集中在权益感知、社群反馈。这次我在沈阳沈阳铁西服务中心，时间是工作日下午，希望结果更可追溯。我主要关注线上状态同步。样本号 MOCK-0442。,否,否,,是,报名成功后通知太晚，差点错过集合时间。主要集中在权益感知、社群反馈。这次我在沈阳沈阳铁西服务中心，时间是工作日下午，希望结果更可追溯。我主要关注线上状态同步。样本号 MOCK-0442。,权益感知、社群反馈,否
443,wecom_ans_000443,问卷星,活动用户运营与口碑风险问卷,端午车主活动反馈,企微,2026-05-25 10:59:00,151秒,iOS,南京,wecom_user_0443,177****0443,苏A-MK443,LFAKE000000000443,是,mock-after-sales-v1,活动/用户运营与口碑风险型,21,南京,南京建邺服务中心,活动/社群,2,5,否,拒绝联系,社群回复慢，活动变更没有提前通知，容易产生误解。主要集中在社群反馈、活动体验。这次我在南京南京建邺服务中心，时间是周末上午，希望服务口径一致。我主要关注现场等待安排。样本号 MOCK-0443。,是,,,,,,,,,,,,,,,,,等待时间/解释不清/处理结果,,,,,,,,,,,,,,,,,,,,,,,,,,,,,,,,,,,,,,,,车主课堂,短信链接,2,1,2,2,否,社群回复慢，活动变更没有提前通知，容易产生误解。主要集中在社群反馈、活动体验。这次我在南京南京建邺服务中心，时间是周末上午，希望服务口径一致。我主要关注现场等待安排。样本号 MOCK-0443。,否,否,,否,社群回复慢，活动变更没有提前通知，容易产生误解。主要集中在社群反馈、活动体验。这次我在南京南京建邺服务中心，时间是周末上午，希望服务口径一致。我主要关注现场等待安排。样本号 MOCK-0443。,社群反馈、活动体验,否
444,wecom_ans_000444,问卷星,活动用户运营与口碑风险问卷,车主社群权益回访,小程序,2026-05-28 17:12:00,168秒,PC,重庆,wecom_user_0444,138****0444,渝A-DM0444,LFAKE000000000444,是,mock-after-sales-v1,活动/用户运营与口碑风险型,21,重庆,重庆南岸服务中心,活动/社群,2,6,是,已授权联系,活动权益说明不清楚，到现场才知道有限制条件。主要集中在活动体验、权益感知。这次我在重庆重庆南岸服务中心，时间是周末傍晚，希望减少等待。我主要关注后续闭环动作。样本号 MOCK-0444。,是,,,,,,,,,,,,,,,,,等待时间/解释不清/处理结果,,,,,,,,,,,,,,,,,,,,,,,,,,,,,,,,,,,,,,,,车主活动,社群,2,1,2,2,否,活动权益说明不清楚，到现场才知道有限制条件。主要集中在活动体验、权益感知。这次我在重庆重庆南岸服务中心，时间是周末傍晚，希望减少等待。我主要关注后续闭环动作。样本号 MOCK-0444。,否,否,,是,活动权益说明不清楚，到现场才知道有限制条件。主要集中在活动体验、权益感知。这次我在重庆重庆南岸服务中心，时间是周末傍晚，希望减少等待。我主要关注后续闭环动作。样本号 MOCK-0444。,活动体验、权益感知,否
445,wecom_ans_000445,问卷星,活动用户运营与口碑风险问卷,用户运营口碑素材复盘,服务顾问代录,2026-05-31 14:25:00,185秒,iOS,沈阳,wecom_user_0445,139****0445,辽A-MK445,LFAKE000000000445,是,mock-after-sales-v1,活动/用户运营与口碑风险型,21,沈阳,沈阳铁西服务中心,活动/社群,2,5,否,未询问,报名成功后通知太晚，差点错过集合时间。主要集中在权益感知、社群反馈。这次我在沈阳沈阳铁西服务中心，时间是节前高峰，希望后续有人回访。我主要关注服务顾问口径。样本号 MOCK-0445。,是,,,,,,,,,,,,,,,,,等待时间/解释不清/处理结果,,,,,,,,,,,,,,,,,,,,,,,,,,,,,,,,,,,,,,,,社群通知,企微,2,1,2,2,否,报名成功后通知太晚，差点错过集合时间。主要集中在权益感知、社群反馈。这次我在沈阳沈阳铁西服务中心，时间是节前高峰，希望后续有人回访。我主要关注服务顾问口径。样本号 MOCK-0445。,否,否,,否,报名成功后通知太晚，差点错过集合时间。主要集中在权益感知、社群反馈。这次我在沈阳沈阳铁西服务中心，时间是节前高峰，希望后续有人回访。我主要关注服务顾问口径。样本号 MOCK-0445。,权益感知、社群反馈,否
446,wecom_ans_000446,问卷星,活动用户运营与口碑风险问卷,端午车主活动反馈,App,2026-06-03 11:38:00,202秒,PC,南京,wecom_user_0446,136****0446,苏A-MK446,LFAKE000000000446,是,mock-after-sales-v1,活动/用户运营与口碑风险型,21,南京,南京建邺服务中心,活动/社群,2,6,否,拒绝联系,社群回复慢，活动变更没有提前通知，容易产生误解。主要集中在社群反馈、活动体验。这次我在南京南京建邺服务中心，时间是雨天到店，希望解释更直接。我主要关注预约变更提醒。样本号 MOCK-0446。,是,,,,,,,,,,,,,,,,,等待时间/解释不清/处理结果,,,,,,,,,,,,,,,,,,,,,,,,,,,,,,,,,,,,,,,,权益回访,App,2,1,2,2,否,社群回复慢，活动变更没有提前通知，容易产生误解。主要集中在社群反馈、活动体验。这次我在南京南京建邺服务中心，时间是雨天到店，希望解释更直接。我主要关注预约变更提醒。样本号 MOCK-0446。,否,否,,是,社群回复慢，活动变更没有提前通知，容易产生误解。主要集中在社群反馈、活动体验。这次我在南京南京建邺服务中心，时间是雨天到店，希望解释更直接。我主要关注预约变更提醒。样本号 MOCK-0446。,社群反馈、活动体验,否
447,wecom_ans_000447,问卷星,活动用户运营与口碑风险问卷,车主社群权益回访,短信链接,2026-06-06 18:51:00,219秒,iOS,重庆,wecom_user_0447,135****0447,渝A-MK447,LFAKE000000000447,是,mock-after-sales-v1,活动/用户运营与口碑风险型,21,重庆,重庆南岸服务中心,活动/社群,1,3,否,已授权联系,活动权益说明不清楚，到现场才知道有限制条件。主要集中在活动体验、权益感知。这次我在重庆重庆南岸服务中心，时间是下班后，希望线上状态更准确。我主要关注费用和权益解释。样本号 MOCK-0447。,是,,,,,,,,,,,,,,,,,等待时间/解释不清/处理结果,,,,,,,,,,,,,,,,,,,,,,,,,,,,,,,,,,,,,,,,车主课堂,服务中心海报,1,1,1,1,否,活动权益说明不清楚，到现场才知道有限制条件。主要集中在活动体验、权益感知。这次我在重庆重庆南岸服务中心，时间是下班后，希望线上状态更准确。我主要关注费用和权益解释。样本号 MOCK-0447。,否,否,,否,活动权益说明不清楚，到现场才知道有限制条件。主要集中在活动体验、权益感知。这次我在重庆重庆南岸服务中心，时间是下班后，希望线上状态更准确。我主要关注费用和权益解释。样本号 MOCK-0447。,活动体验、权益感知,否
448,wecom_ans_000448,问卷星,活动用户运营与口碑风险问卷,用户运营口碑素材复盘,企微,2026-06-09 15:04:00,236秒,PC,沈阳,wecom_user_0448,188****0448,辽A-DM0448,LFAKE000000000448,是,mock-after-sales-v1,活动/用户运营与口碑风险型,21,沈阳,沈阳铁西服务中心,活动/社群,1,4,是,拒绝联系,报名成功后通知太晚，差点错过集合时间。主要集中在权益感知、社群反馈。这次我在沈阳沈阳铁西服务中心，时间是午休时段，希望提前同步进度。我主要关注问题复核安排。样本号 MOCK-0448。,是,,,,,,,,,,,,,,,,,等待时间/解释不清/处理结果,,,,,,,,,,,,,,,,,,,,,,,,,,,,,,,,,,,,,,,,车主活动,短信链接,1,1,1,1,否,报名成功后通知太晚，差点错过集合时间。主要集中在权益感知、社群反馈。这次我在沈阳沈阳铁西服务中心，时间是午休时段，希望提前同步进度。我主要关注问题复核安排。样本号 MOCK-0448。,否,否,,是,报名成功后通知太晚，差点错过集合时间。主要集中在权益感知、社群反馈。这次我在沈阳沈阳铁西服务中心，时间是午休时段，希望提前同步进度。我主要关注问题复核安排。样本号 MOCK-0448。,权益感知、社群反馈,否
449,wecom_ans_000449,问卷星,活动用户运营与口碑风险问卷,端午车主活动反馈,小程序,2026-06-12 12:17:00,253秒,iOS,南京,wecom_user_0449,177****0449,苏A-MK449,LFAKE000000000449,是,mock-after-sales-v1,活动/用户运营与口碑风险型,21,南京,南京建邺服务中心,活动/社群,1,3,否,拒绝联系,社群回复慢，活动变更没有提前通知，容易产生误解。主要集中在社群反馈、活动体验。这次我在南京南京建邺服务中心，时间是活动结束后，希望结果更可追溯。我主要关注跨渠道信息一致性。样本号 MOCK-0449。,是,,,,,,,,,,,,,,,,,等待时间/解释不清/处理结果,,,,,,,,,,,,,,,,,,,,,,,,,,,,,,,,,,,,,,,,社群通知,社群,1,1,1,1,否,社群回复慢，活动变更没有提前通知，容易产生误解。主要集中在社群反馈、活动体验。这次我在南京南京建邺服务中心，时间是活动结束后，希望结果更可追溯。我主要关注跨渠道信息一致性。样本号 MOCK-0449。,否,否,,否,社群回复慢，活动变更没有提前通知，容易产生误解。主要集中在社群反馈、活动体验。这次我在南京南京建邺服务中心，时间是活动结束后，希望结果更可追溯。我主要关注跨渠道信息一致性。样本号 MOCK-0449。,社群反馈、活动体验,否
450,wecom_ans_000450,腾讯问卷,活动用户运营与口碑风险问卷,车主社群权益回访,服务顾问代录,2026-05-01 09:30:00,270秒,PC,重庆,wecom_user_0450,138****0450,渝A-MK450,LFAKE000000000450,是,mock-after-sales-v1,活动/用户运营与口碑风险型,21,重庆,重庆南岸服务中心,活动/社群,5,10,是,已授权联系,活动组织有序，权益说明清楚，工作人员能主动解答问题。值得复用的点是活动体验。这次我在重庆重庆南岸服务中心，时间是工作日上午，希望服务口径一致。我主要关注首次响应。样本号 MOCK-0450。,是,,,,,,,,,,,,,,,,,服务态度/响应速度/结果可信,,,,,,,,,,,,,,,,,,,,,,,,,,,,,,,,,,,,,,,,权益回访,企微,5,5,5,5,是,,是,是,活动组织有序，权益说明清楚，工作人员能主动解答问题。值得复用的点是活动体验。这次我在重庆重庆南岸服务中心，时间是工作日上午，希望服务口径一致。我主要关注首次响应。样本号 MOCK-0450。,否,,保持活动组织和权益说明清晰,是
451,wecom_ans_000451,腾讯问卷,活动用户运营与口碑风险问卷,用户运营口碑素材复盘,App,2026-05-04 16:43:00,287秒,iOS,沈阳,wecom_user_0451,139****0451,辽A-MK451,LFAKE000000000451,是,mock-after-sales-v1,活动/用户运营与口碑风险型,21,沈阳,沈阳铁西服务中心,活动/社群,4,8,是,拒绝联系,社群提醒及时，车主课堂内容有价值，愿意继续参加。值得复用的点是权益感知。这次我在沈阳沈阳铁西服务中心，时间是工作日下午，希望减少等待。我主要关注交付前说明。样本号 MOCK-0451。,是,,,,,,,,,,,,,,,,,服务态度/响应速度/结果可信,,,,,,,,,,,,,,,,,,,,,,,,,,,,,,,,,,,,,,,,车主课堂,App,4,4,4,4,是,,是,是,社群提醒及时，车主课堂内容有价值，愿意继续参加。值得复用的点是权益感知。这次我在沈阳沈阳铁西服务中心，时间是工作日下午，希望减少等待。我主要关注交付前说明。样本号 MOCK-0451。,否,,保持活动组织和权益说明清晰,是
452,wecom_ans_000452,腾讯问卷,活动用户运营与口碑风险问卷,端午车主活动反馈,短信链接,2026-05-07 13:56:00,64秒,PC,南京,wecom_user_0452,136****0452,苏A-DM0452,LFAKE000000000452,是,mock-after-sales-v1,活动/用户运营与口碑风险型,21,南京,南京建邺服务中心,活动/社群,4,8,是,拒绝联系,礼品和权益兑现符合预期，现场体验比预想更好。值得复用的点是社群反馈。这次我在南京南京建邺服务中心，时间是周末上午，希望后续有人回访。我主要关注线上状态同步。样本号 MOCK-0452。,是,,,,,,,,,,,,,,,,,服务态度/响应速度/结果可信,,,,,,,,,,,,,,,,,,,,,,,,,,,,,,,,,,,,,,,,车主活动,服务中心海报,4,4,4,4,是,,是,是,礼品和权益兑现符合预期，现场体验比预想更好。值得复用的点是社群反馈。这次我在南京南京建邺服务中心，时间是周末上午，希望后续有人回访。我主要关注线上状态同步。样本号 MOCK-0452。,否,,保持活动组织和权益说明清晰,是
453,wecom_ans_000453,腾讯问卷,活动用户运营与口碑风险问卷,车主社群权益回访,企微,2026-05-10 10:09:00,81秒,iOS,重庆,wecom_user_0453,135****0453,渝A-MK453,LFAKE000000000453,是,mock-after-sales-v1,活动/用户运营与口碑风险型,21,重庆,重庆南岸服务中心,活动/社群,5,9,是,拒绝联系,活动组织有序，权益说明清楚，工作人员能主动解答问题。值得复用的点是活动体验。这次我在重庆重庆南岸服务中心，时间是周末傍晚，希望解释更直接。我主要关注现场等待安排。样本号 MOCK-0453。,是,,,,,,,,,,,,,,,,,服务态度/响应速度/结果可信,,,,,,,,,,,,,,,,,,,,,,,,,,,,,,,,,,,,,,,,社群通知,短信链接,5,5,5,5,是,,是,是,活动组织有序，权益说明清楚，工作人员能主动解答问题。值得复用的点是活动体验。这次我在重庆重庆南岸服务中心，时间是周末傍晚，希望解释更直接。我主要关注现场等待安排。样本号 MOCK-0453。,否,,保持活动组织和权益说明清晰,是
454,wecom_ans_000454,腾讯问卷,活动用户运营与口碑风险问卷,用户运营口碑素材复盘,小程序,2026-05-13 17:22:00,98秒,PC,沈阳,wecom_user_0454,188****0454,辽A-MK454,LFAKE000000000454,是,mock-after-sales-v1,活动/用户运营与口碑风险型,21,沈阳,沈阳铁西服务中心,活动/社群,4,8,是,拒绝联系,社群提醒及时，车主课堂内容有价值，愿意继续参加。值得复用的点是权益感知。这次我在沈阳沈阳铁西服务中心，时间是节前高峰，希望线上状态更准确。我主要关注后续闭环动作。样本号 MOCK-0454。,是,,,,,,,,,,,,,,,,,服务态度/响应速度/结果可信,,,,,,,,,,,,,,,,,,,,,,,,,,,,,,,,,,,,,,,,权益回访,社群,4,4,4,4,是,,是,是,社群提醒及时，车主课堂内容有价值，愿意继续参加。值得复用的点是权益感知。这次我在沈阳沈阳铁西服务中心，时间是节前高峰，希望线上状态更准确。我主要关注后续闭环动作。样本号 MOCK-0454。,否,,保持活动组织和权益说明清晰,是
455,wecom_ans_000455,腾讯问卷,活动用户运营与口碑风险问卷,端午车主活动反馈,服务顾问代录,2026-05-16 14:35:00,115秒,iOS,南京,wecom_user_0455,177****0455,苏A-MK455,LFAKE000000000455,是,mock-after-sales-v1,活动/用户运营与口碑风险型,21,南京,南京建邺服务中心,活动/社群,4,8,是,未询问,礼品和权益兑现符合预期，现场体验比预想更好。值得复用的点是社群反馈。这次我在南京南京建邺服务中心，时间是雨天到店，希望提前同步进度。我主要关注服务顾问口径。样本号 MOCK-0455。,是,,,,,,,,,,,,,,,,,服务态度/响应速度/结果可信,,,,,,,,,,,,,,,,,,,,,,,,,,,,,,,,,,,,,,,,车主课堂,企微,4,4,4,4,是,,是,是,礼品和权益兑现符合预期，现场体验比预想更好。值得复用的点是社群反馈。这次我在南京南京建邺服务中心，时间是雨天到店，希望提前同步进度。我主要关注服务顾问口径。样本号 MOCK-0455。,否,,保持活动组织和权益说明清晰,是
456,wecom_ans_000456,腾讯问卷,活动用户运营与口碑风险问卷,车主社群权益回访,App,2026-05-19 11:48:00,132秒,PC,重庆,wecom_user_0456,138****0456,渝A-DM0456,LFAKE000000000456,是,mock-after-sales-v1,活动/用户运营与口碑风险型,21,重庆,重庆南岸服务中心,活动/社群,3,8,不确定,已授权联系,活动内容还可以，但规则说明有点复杂，希望下次更简单。后续可继续观察活动体验。这次我在重庆重庆南岸服务中心，时间是下班后，希望结果更可追溯。我主要关注预约变更提醒。样本号 MOCK-0456。,是,,,,,,,,,,,,,,,,,服务态度/响应速度/结果可信,,,,,,,,,,,,,,,,,,,,,,,,,,,,,,,,,,,,,,,,车主活动,App,3,3,3,3,是,,一般,否,,否,,保持活动组织和权益说明清晰,不确定
457,wecom_ans_000457,App内问卷,活动用户运营与口碑风险问卷,用户运营口碑素材复盘,短信链接,2026-05-22 18:01:00,149秒,iOS,沈阳,wecom_user_0457,139****0457,辽A-MK457,LFAKE000000000457,是,mock-after-sales-v1,活动/用户运营与口碑风险型,21,沈阳,沈阳铁西服务中心,活动/社群,3,7,是,拒绝联系,社群通知及时，报名确认稍慢，整体体验一般。后续可继续观察权益感知。这次我在沈阳沈阳铁西服务中心，时间是午休时段，希望服务口径一致。我主要关注费用和权益解释。样本号 MOCK-0457。,是,,,,,,,,,,,,,,,,,服务态度/响应速度/结果可信,,,,,,,,,,,,,,,,,,,,,,,,,,,,,,,,,,,,,,,,社群通知,服务中心海报,3,3,3,3,是,,一般,否,,否,,保持活动组织和权益说明清晰,不确定
458,wecom_ans_000458,App内问卷,活动用户运营与口碑风险问卷,端午车主活动反馈,企微,2026-05-25 15:14:00,166秒,PC,南京,wecom_user_0458,136****0458,苏A-MK458,LFAKE000000000458,是,mock-after-sales-v1,活动/用户运营与口碑风险型,21,南京,南京建邺服务中心,活动/社群,3,8,是,拒绝联系,权益兑现没有问题，但现场动线可以更清楚。后续可继续观察社群反馈。这次我在南京南京建邺服务中心，时间是活动结束后，希望减少等待。我主要关注问题复核安排。样本号 MOCK-0458。,是,,,,,,,,,,,,,,,,,服务态度/响应速度/结果可信,,,,,,,,,,,,,,,,,,,,,,,,,,,,,,,,,,,,,,,,权益回访,短信链接,3,3,3,3,是,,一般,否,,否,,保持活动组织和权益说明清晰,不确定
459,wecom_ans_000459,短信链接,活动用户运营与口碑风险问卷,车主社群权益回访,小程序,2026-05-28 12:27:00,183秒,iOS,重庆,wecom_user_0459,135****0459,渝A-MK459,LFAKE000000000459,是,mock-after-sales-v1,活动/用户运营与口碑风险型,21,重庆,重庆南岸服务中心,活动/社群,3,7,不确定,拒绝联系,活动内容还可以，但规则说明有点复杂，希望下次更简单。后续可继续观察活动体验。这次我在重庆重庆南岸服务中心，时间是工作日上午，希望后续有人回访。我主要关注跨渠道信息一致性。样本号 MOCK-0459。,是,,,,,,,,,,,,,,,,,服务态度/响应速度/结果可信,,,,,,,,,,,,,,,,,,,,,,,,,,,,,,,,,,,,,,,,车主课堂,社群,3,3,3,3,是,,一般,否,,否,,保持活动组织和权益说明清晰,不确定
460,wecom_ans_000460,企微链接,活动用户运营与口碑风险问卷,用户运营口碑素材复盘,服务顾问代录,2026-05-31 09:40:00,200秒,PC,沈阳,wecom_user_0460,188****0460,辽A-DM0460,LFAKE000000000460,是,mock-after-sales-v1,活动/用户运营与口碑风险型,21,沈阳,沈阳铁西服务中心,活动/社群,3,8,是,未询问,社群通知及时，报名确认稍慢，整体体验一般。后续可继续观察权益感知。这次我在沈阳沈阳铁西服务中心，时间是工作日下午，希望解释更直接。我主要关注首次响应。样本号 MOCK-0460。,是,,,,,,,,,,,,,,,,,服务态度/响应速度/结果可信,,,,,,,,,,,,,,,,,,,,,,,,,,,,,,,,,,,,,,,,车主活动,企微,3,3,3,3,是,,一般,否,,否,,保持活动组织和权益说明清晰,不确定
461,wecom_ans_000461,问卷星,活动用户运营与口碑风险问卷,端午车主活动反馈,App,2026-06-03 16:53:00,217秒,iOS,南京,wecom_user_0461,177****0461,苏A-MK461,LFAKE000000000461,是,mock-after-sales-v1,活动/用户运营与口碑风险型,21,南京,南京建邺服务中心,活动/社群,2,5,否,拒绝联系,社群回复慢，活动变更没有提前通知，容易产生误解。主要集中在社群反馈、活动体验。这次我在南京南京建邺服务中心，时间是周末上午，希望线上状态更准确。我主要关注交付前说明。样本号 MOCK-0461。,是,,,,,,,,,,,,,,,,,等待时间/解释不清/处理结果,,,,,,,,,,,,,,,,,,,,,,,,,,,,,,,,,,,,,,,,社群通知,App,2,1,2,2,否,社群回复慢，活动变更没有提前通知，容易产生误解。主要集中在社群反馈、活动体验。这次我在南京南京建邺服务中心，时间是周末上午，希望线上状态更准确。我主要关注交付前说明。样本号 MOCK-0461。,否,否,,否,社群回复慢，活动变更没有提前通知，容易产生误解。主要集中在社群反馈、活动体验。这次我在南京南京建邺服务中心，时间是周末上午，希望线上状态更准确。我主要关注交付前说明。样本号 MOCK-0461。,社群反馈、活动体验,否
462,wecom_ans_000462,问卷星,活动用户运营与口碑风险问卷,车主社群权益回访,短信链接,2026-06-06 13:06:00,234秒,PC,重庆,wecom_user_0462,138****0462,渝A-MK462,LFAKE000000000462,是,mock-after-sales-v1,活动/用户运营与口碑风险型,21,重庆,重庆南岸服务中心,活动/社群,2,6,否,已授权联系,活动权益说明不清楚，到现场才知道有限制条件。主要集中在活动体验、权益感知。这次我在重庆重庆南岸服务中心，时间是周末傍晚，希望提前同步进度。我主要关注线上状态同步。样本号 MOCK-0462。,是,,,,,,,,,,,,,,,,,等待时间/解释不清/处理结果,,,,,,,,,,,,,,,,,,,,,,,,,,,,,,,,,,,,,,,,权益回访,服务中心海报,2,1,2,2,否,活动权益说明不清楚，到现场才知道有限制条件。主要集中在活动体验、权益感知。这次我在重庆重庆南岸服务中心，时间是周末傍晚，希望提前同步进度。我主要关注线上状态同步。样本号 MOCK-0462。,否,否,,是,活动权益说明不清楚，到现场才知道有限制条件。主要集中在活动体验、权益感知。这次我在重庆重庆南岸服务中心，时间是周末傍晚，希望提前同步进度。我主要关注线上状态同步。样本号 MOCK-0462。,活动体验、权益感知,否
463,wecom_ans_000463,问卷星,活动用户运营与口碑风险问卷,用户运营口碑素材复盘,企微,2026-06-09 10:19:00,251秒,iOS,沈阳,wecom_user_0463,139****0463,辽A-MK463,LFAKE000000000463,是,mock-after-sales-v1,活动/用户运营与口碑风险型,21,沈阳,沈阳铁西服务中心,活动/社群,2,5,否,拒绝联系,报名成功后通知太晚，差点错过集合时间。主要集中在权益感知、社群反馈。这次我在沈阳沈阳铁西服务中心，时间是节前高峰，希望结果更可追溯。我主要关注现场等待安排。样本号 MOCK-0463。,是,,,,,,,,,,,,,,,,,等待时间/解释不清/处理结果,,,,,,,,,,,,,,,,,,,,,,,,,,,,,,,,,,,,,,,,车主课堂,短信链接,2,1,2,2,否,报名成功后通知太晚，差点错过集合时间。主要集中在权益感知、社群反馈。这次我在沈阳沈阳铁西服务中心，时间是节前高峰，希望结果更可追溯。我主要关注现场等待安排。样本号 MOCK-0463。,否,否,,否,报名成功后通知太晚，差点错过集合时间。主要集中在权益感知、社群反馈。这次我在沈阳沈阳铁西服务中心，时间是节前高峰，希望结果更可追溯。我主要关注现场等待安排。样本号 MOCK-0463。,权益感知、社群反馈,否
464,wecom_ans_000464,问卷星,活动用户运营与口碑风险问卷,端午车主活动反馈,小程序,2026-06-12 17:32:00,268秒,PC,南京,wecom_user_0464,136****0464,苏A-DM0464,LFAKE000000000464,是,mock-after-sales-v1,活动/用户运营与口碑风险型,21,南京,南京建邺服务中心,活动/社群,2,6,是,拒绝联系,社群回复慢，活动变更没有提前通知，容易产生误解。主要集中在社群反馈、活动体验。这次我在南京南京建邺服务中心，时间是雨天到店，希望服务口径一致。我主要关注后续闭环动作。样本号 MOCK-0464。,是,,,,,,,,,,,,,,,,,等待时间/解释不清/处理结果,,,,,,,,,,,,,,,,,,,,,,,,,,,,,,,,,,,,,,,,车主活动,社群,2,1,2,2,否,社群回复慢，活动变更没有提前通知，容易产生误解。主要集中在社群反馈、活动体验。这次我在南京南京建邺服务中心，时间是雨天到店，希望服务口径一致。我主要关注后续闭环动作。样本号 MOCK-0464。,否,否,,是,社群回复慢，活动变更没有提前通知，容易产生误解。主要集中在社群反馈、活动体验。这次我在南京南京建邺服务中心，时间是雨天到店，希望服务口径一致。我主要关注后续闭环动作。样本号 MOCK-0464。,社群反馈、活动体验,否
465,wecom_ans_000465,问卷星,活动用户运营与口碑风险问卷,车主社群权益回访,服务顾问代录,2026-05-01 14:45:00,285秒,iOS,重庆,wecom_user_0465,135****0465,渝A-MK465,LFAKE000000000465,是,mock-after-sales-v1,活动/用户运营与口碑风险型,21,重庆,重庆南岸服务中心,活动/社群,2,5,否,已授权联系,活动权益说明不清楚，到现场才知道有限制条件。主要集中在活动体验、权益感知。这次我在重庆重庆南岸服务中心，时间是下班后，希望减少等待。我主要关注服务顾问口径。样本号 MOCK-0465。,是,,,,,,,,,,,,,,,,,等待时间/解释不清/处理结果,,,,,,,,,,,,,,,,,,,,,,,,,,,,,,,,,,,,,,,,社群通知,企微,2,1,2,2,否,活动权益说明不清楚，到现场才知道有限制条件。主要集中在活动体验、权益感知。这次我在重庆重庆南岸服务中心，时间是下班后，希望减少等待。我主要关注服务顾问口径。样本号 MOCK-0465。,否,否,,否,活动权益说明不清楚，到现场才知道有限制条件。主要集中在活动体验、权益感知。这次我在重庆重庆南岸服务中心，时间是下班后，希望减少等待。我主要关注服务顾问口径。样本号 MOCK-0465。,活动体验、权益感知,否
466,wecom_ans_000466,问卷星,活动用户运营与口碑风险问卷,用户运营口碑素材复盘,App,2026-05-04 11:58:00,62秒,PC,沈阳,wecom_user_0466,188****0466,辽A-MK466,LFAKE000000000466,是,mock-after-sales-v1,活动/用户运营与口碑风险型,21,沈阳,沈阳铁西服务中心,活动/社群,2,6,否,拒绝联系,报名成功后通知太晚，差点错过集合时间。主要集中在权益感知、社群反馈。这次我在沈阳沈阳铁西服务中心，时间是午休时段，希望后续有人回访。我主要关注预约变更提醒。样本号 MOCK-0466。,是,,,,,,,,,,,,,,,,,等待时间/解释不清/处理结果,,,,,,,,,,,,,,,,,,,,,,,,,,,,,,,,,,,,,,,,权益回访,App,2,1,2,2,否,报名成功后通知太晚，差点错过集合时间。主要集中在权益感知、社群反馈。这次我在沈阳沈阳铁西服务中心，时间是午休时段，希望后续有人回访。我主要关注预约变更提醒。样本号 MOCK-0466。,否,否,,是,报名成功后通知太晚，差点错过集合时间。主要集中在权益感知、社群反馈。这次我在沈阳沈阳铁西服务中心，时间是午休时段，希望后续有人回访。我主要关注预约变更提醒。样本号 MOCK-0466。,权益感知、社群反馈,否
467,wecom_ans_000467,问卷星,活动用户运营与口碑风险问卷,端午车主活动反馈,短信链接,2026-05-07 18:11:00,79秒,iOS,南京,wecom_user_0467,177****0467,苏A-MK467,LFAKE000000000467,是,mock-after-sales-v1,活动/用户运营与口碑风险型,21,南京,南京建邺服务中心,活动/社群,1,3,否,拒绝联系,社群回复慢，活动变更没有提前通知，容易产生误解。主要集中在社群反馈、活动体验。这次我在南京南京建邺服务中心，时间是活动结束后，希望解释更直接。我主要关注费用和权益解释。样本号 MOCK-0467。,是,,,,,,,,,,,,,,,,,等待时间/解释不清/处理结果,,,,,,,,,,,,,,,,,,,,,,,,,,,,,,,,,,,,,,,,车主课堂,服务中心海报,1,1,1,1,否,社群回复慢，活动变更没有提前通知，容易产生误解。主要集中在社群反馈、活动体验。这次我在南京南京建邺服务中心，时间是活动结束后，希望解释更直接。我主要关注费用和权益解释。样本号 MOCK-0467。,否,否,,否,社群回复慢，活动变更没有提前通知，容易产生误解。主要集中在社群反馈、活动体验。这次我在南京南京建邺服务中心，时间是活动结束后，希望解释更直接。我主要关注费用和权益解释。样本号 MOCK-0467。,社群反馈、活动体验,否
468,wecom_ans_000468,问卷星,活动用户运营与口碑风险问卷,车主社群权益回访,企微,2026-05-10 15:24:00,96秒,PC,重庆,wecom_user_0468,138****0468,渝A-DM0468,LFAKE000000000468,是,mock-after-sales-v1,活动/用户运营与口碑风险型,21,重庆,重庆南岸服务中心,活动/社群,1,4,是,已授权联系,活动权益说明不清楚，到现场才知道有限制条件。主要集中在活动体验、权益感知。这次我在重庆重庆南岸服务中心，时间是工作日上午，希望线上状态更准确。我主要关注问题复核安排。样本号 MOCK-0468。,是,,,,,,,,,,,,,,,,,等待时间/解释不清/处理结果,,,,,,,,,,,,,,,,,,,,,,,,,,,,,,,,,,,,,,,,车主活动,短信链接,1,1,1,1,否,活动权益说明不清楚，到现场才知道有限制条件。主要集中在活动体验、权益感知。这次我在重庆重庆南岸服务中心，时间是工作日上午，希望线上状态更准确。我主要关注问题复核安排。样本号 MOCK-0468。,否,否,,是,活动权益说明不清楚，到现场才知道有限制条件。主要集中在活动体验、权益感知。这次我在重庆重庆南岸服务中心，时间是工作日上午，希望线上状态更准确。我主要关注问题复核安排。样本号 MOCK-0468。,活动体验、权益感知,否
469,wecom_ans_000469,问卷星,活动用户运营与口碑风险问卷,用户运营口碑素材复盘,小程序,2026-05-13 12:37:00,113秒,iOS,沈阳,wecom_user_0469,139****0469,辽A-MK469,LFAKE000000000469,是,mock-after-sales-v1,活动/用户运营与口碑风险型,21,沈阳,沈阳铁西服务中心,活动/社群,1,3,否,拒绝联系,报名成功后通知太晚，差点错过集合时间。主要集中在权益感知、社群反馈。这次我在沈阳沈阳铁西服务中心，时间是工作日下午，希望提前同步进度。我主要关注跨渠道信息一致性。样本号 MOCK-0469。,是,,,,,,,,,,,,,,,,,等待时间/解释不清/处理结果,,,,,,,,,,,,,,,,,,,,,,,,,,,,,,,,,,,,,,,,社群通知,社群,1,1,1,1,否,报名成功后通知太晚，差点错过集合时间。主要集中在权益感知、社群反馈。这次我在沈阳沈阳铁西服务中心，时间是工作日下午，希望提前同步进度。我主要关注跨渠道信息一致性。样本号 MOCK-0469。,否,否,,否,报名成功后通知太晚，差点错过集合时间。主要集中在权益感知、社群反馈。这次我在沈阳沈阳铁西服务中心，时间是工作日下午，希望提前同步进度。我主要关注跨渠道信息一致性。样本号 MOCK-0469。,权益感知、社群反馈,否
470,wecom_ans_000470,腾讯问卷,活动用户运营与口碑风险问卷,端午车主活动反馈,服务顾问代录,2026-05-16 09:50:00,130秒,PC,南京,wecom_user_0470,136****0470,苏A-MK470,LFAKE000000000470,是,mock-after-sales-v1,活动/用户运营与口碑风险型,21,南京,南京建邺服务中心,活动/社群,4,8,是,未询问,礼品和权益兑现符合预期，现场体验比预想更好。值得复用的点是社群反馈。这次我在南京南京建邺服务中心，时间是周末上午，希望结果更可追溯。我主要关注首次响应。样本号 MOCK-0470。,是,,,,,,,,,,,,,,,,,服务态度/响应速度/结果可信,,,,,,,,,,,,,,,,,,,,,,,,,,,,,,,,,,,,,,,,权益回访,企微,4,4,4,4,是,,是,是,礼品和权益兑现符合预期，现场体验比预想更好。值得复用的点是社群反馈。这次我在南京南京建邺服务中心，时间是周末上午，希望结果更可追溯。我主要关注首次响应。样本号 MOCK-0470。,否,,保持活动组织和权益说明清晰,是
471,wecom_ans_000471,腾讯问卷,活动用户运营与口碑风险问卷,车主社群权益回访,App,2026-05-19 16:03:00,147秒,iOS,重庆,wecom_user_0471,135****0471,渝A-MK471,LFAKE000000000471,是,mock-after-sales-v1,活动/用户运营与口碑风险型,21,重庆,重庆南岸服务中心,活动/社群,5,9,是,拒绝联系,活动组织有序，权益说明清楚，工作人员能主动解答问题。值得复用的点是活动体验。这次我在重庆重庆南岸服务中心，时间是周末傍晚，希望服务口径一致。我主要关注交付前说明。样本号 MOCK-0471。,是,,,,,,,,,,,,,,,,,服务态度/响应速度/结果可信,,,,,,,,,,,,,,,,,,,,,,,,,,,,,,,,,,,,,,,,车主课堂,App,5,5,5,5,是,,是,是,活动组织有序，权益说明清楚，工作人员能主动解答问题。值得复用的点是活动体验。这次我在重庆重庆南岸服务中心，时间是周末傍晚，希望服务口径一致。我主要关注交付前说明。样本号 MOCK-0471。,否,,保持活动组织和权益说明清晰,是
472,wecom_ans_000472,腾讯问卷,活动用户运营与口碑风险问卷,用户运营口碑素材复盘,短信链接,2026-05-22 13:16:00,164秒,PC,沈阳,wecom_user_0472,188****0472,辽A-DM0472,LFAKE000000000472,是,mock-after-sales-v1,活动/用户运营与口碑风险型,21,沈阳,沈阳铁西服务中心,活动/社群,4,8,是,拒绝联系,社群提醒及时，车主课堂内容有价值，愿意继续参加。值得复用的点是权益感知。这次我在沈阳沈阳铁西服务中心，时间是节前高峰，希望减少等待。我主要关注线上状态同步。样本号 MOCK-0472。,是,,,,,,,,,,,,,,,,,服务态度/响应速度/结果可信,,,,,,,,,,,,,,,,,,,,,,,,,,,,,,,,,,,,,,,,车主活动,服务中心海报,4,4,4,4,是,,是,是,社群提醒及时，车主课堂内容有价值，愿意继续参加。值得复用的点是权益感知。这次我在沈阳沈阳铁西服务中心，时间是节前高峰，希望减少等待。我主要关注线上状态同步。样本号 MOCK-0472。,否,,保持活动组织和权益说明清晰,是
473,wecom_ans_000473,腾讯问卷,活动用户运营与口碑风险问卷,端午车主活动反馈,企微,2026-05-25 10:29:00,181秒,iOS,南京,wecom_user_0473,177****0473,苏A-MK473,LFAKE000000000473,是,mock-after-sales-v1,活动/用户运营与口碑风险型,21,南京,南京建邺服务中心,活动/社群,4,8,是,拒绝联系,礼品和权益兑现符合预期，现场体验比预想更好。值得复用的点是社群反馈。这次我在南京南京建邺服务中心，时间是雨天到店，希望后续有人回访。我主要关注现场等待安排。样本号 MOCK-0473。,是,,,,,,,,,,,,,,,,,服务态度/响应速度/结果可信,,,,,,,,,,,,,,,,,,,,,,,,,,,,,,,,,,,,,,,,社群通知,短信链接,4,4,4,4,是,,是,是,礼品和权益兑现符合预期，现场体验比预想更好。值得复用的点是社群反馈。这次我在南京南京建邺服务中心，时间是雨天到店，希望后续有人回访。我主要关注现场等待安排。样本号 MOCK-0473。,否,,保持活动组织和权益说明清晰,是
474,wecom_ans_000474,腾讯问卷,活动用户运营与口碑风险问卷,车主社群权益回访,小程序,2026-05-28 17:42:00,198秒,PC,重庆,wecom_user_0474,138****0474,渝A-MK474,LFAKE000000000474,是,mock-after-sales-v1,活动/用户运营与口碑风险型,21,重庆,重庆南岸服务中心,活动/社群,5,10,是,拒绝联系,活动组织有序，权益说明清楚，工作人员能主动解答问题。值得复用的点是活动体验。这次我在重庆重庆南岸服务中心，时间是下班后，希望解释更直接。我主要关注后续闭环动作。样本号 MOCK-0474。,是,,,,,,,,,,,,,,,,,服务态度/响应速度/结果可信,,,,,,,,,,,,,,,,,,,,,,,,,,,,,,,,,,,,,,,,权益回访,社群,5,5,5,5,是,,是,是,活动组织有序，权益说明清楚，工作人员能主动解答问题。值得复用的点是活动体验。这次我在重庆重庆南岸服务中心，时间是下班后，希望解释更直接。我主要关注后续闭环动作。样本号 MOCK-0474。,否,,保持活动组织和权益说明清晰,是
475,wecom_ans_000475,腾讯问卷,活动用户运营与口碑风险问卷,用户运营口碑素材复盘,服务顾问代录,2026-05-31 14:55:00,215秒,iOS,沈阳,wecom_user_0475,139****0475,辽A-MK475,LFAKE000000000475,是,mock-after-sales-v1,活动/用户运营与口碑风险型,21,沈阳,沈阳铁西服务中心,活动/社群,4,8,是,未询问,社群提醒及时，车主课堂内容有价值，愿意继续参加。值得复用的点是权益感知。这次我在沈阳沈阳铁西服务中心，时间是午休时段，希望线上状态更准确。我主要关注服务顾问口径。样本号 MOCK-0475。,是,,,,,,,,,,,,,,,,,服务态度/响应速度/结果可信,,,,,,,,,,,,,,,,,,,,,,,,,,,,,,,,,,,,,,,,车主课堂,企微,4,4,4,4,是,,是,是,社群提醒及时，车主课堂内容有价值，愿意继续参加。值得复用的点是权益感知。这次我在沈阳沈阳铁西服务中心，时间是午休时段，希望线上状态更准确。我主要关注服务顾问口径。样本号 MOCK-0475。,否,,保持活动组织和权益说明清晰,是
476,wecom_ans_000476,腾讯问卷,活动用户运营与口碑风险问卷,端午车主活动反馈,App,2026-06-03 11:08:00,232秒,PC,南京,wecom_user_0476,136****0476,苏A-DM0476,LFAKE000000000476,是,mock-after-sales-v1,活动/用户运营与口碑风险型,21,南京,南京建邺服务中心,活动/社群,3,8,是,拒绝联系,权益兑现没有问题，但现场动线可以更清楚。后续可继续观察社群反馈。这次我在南京南京建邺服务中心，时间是活动结束后，希望提前同步进度。我主要关注预约变更提醒。样本号 MOCK-0476。,是,,,,,,,,,,,,,,,,,服务态度/响应速度/结果可信,,,,,,,,,,,,,,,,,,,,,,,,,,,,,,,,,,,,,,,,车主活动,App,3,3,3,3,是,,一般,否,,否,,保持活动组织和权益说明清晰,不确定
477,wecom_ans_000477,App内问卷,活动用户运营与口碑风险问卷,车主社群权益回访,短信链接,2026-06-06 18:21:00,249秒,iOS,重庆,wecom_user_0477,135****0477,渝A-MK477,LFAKE000000000477,是,mock-after-sales-v1,活动/用户运营与口碑风险型,21,重庆,重庆南岸服务中心,活动/社群,3,7,不确定,拒绝联系,活动内容还可以，但规则说明有点复杂，希望下次更简单。后续可继续观察活动体验。这次我在重庆重庆南岸服务中心，时间是工作日上午，希望结果更可追溯。我主要关注费用和权益解释。样本号 MOCK-0477。,是,,,,,,,,,,,,,,,,,服务态度/响应速度/结果可信,,,,,,,,,,,,,,,,,,,,,,,,,,,,,,,,,,,,,,,,社群通知,服务中心海报,3,3,3,3,是,,一般,否,,否,,保持活动组织和权益说明清晰,不确定
478,wecom_ans_000478,App内问卷,活动用户运营与口碑风险问卷,用户运营口碑素材复盘,企微,2026-06-09 15:34:00,266秒,PC,沈阳,wecom_user_0478,188****0478,辽A-MK478,LFAKE000000000478,是,mock-after-sales-v1,活动/用户运营与口碑风险型,21,沈阳,沈阳铁西服务中心,活动/社群,3,8,是,拒绝联系,社群通知及时，报名确认稍慢，整体体验一般。后续可继续观察权益感知。这次我在沈阳沈阳铁西服务中心，时间是工作日下午，希望服务口径一致。我主要关注问题复核安排。样本号 MOCK-0478。,是,,,,,,,,,,,,,,,,,服务态度/响应速度/结果可信,,,,,,,,,,,,,,,,,,,,,,,,,,,,,,,,,,,,,,,,权益回访,短信链接,3,3,3,3,是,,一般,否,,否,,保持活动组织和权益说明清晰,不确定
479,wecom_ans_000479,短信链接,活动用户运营与口碑风险问卷,端午车主活动反馈,小程序,2026-06-12 12:47:00,283秒,iOS,南京,wecom_user_0479,177****0479,苏A-MK479,LFAKE000000000479,是,mock-after-sales-v1,活动/用户运营与口碑风险型,21,南京,南京建邺服务中心,活动/社群,3,7,是,拒绝联系,权益兑现没有问题，但现场动线可以更清楚。后续可继续观察社群反馈。这次我在南京南京建邺服务中心，时间是周末上午，希望减少等待。我主要关注跨渠道信息一致性。样本号 MOCK-0479。,是,,,,,,,,,,,,,,,,,服务态度/响应速度/结果可信,,,,,,,,,,,,,,,,,,,,,,,,,,,,,,,,,,,,,,,,车主课堂,社群,3,3,3,3,是,,一般,否,,否,,保持活动组织和权益说明清晰,不确定
480,wecom_ans_000480,企微链接,活动用户运营与口碑风险问卷,车主社群权益回访,服务顾问代录,2026-05-01 09:00:00,60秒,PC,重庆,wecom_user_0480,138****0480,渝A-DM0480,LFAKE000000000480,是,mock-after-sales-v1,活动/用户运营与口碑风险型,21,重庆,重庆南岸服务中心,活动/社群,3,8,不确定,已授权联系,活动内容还可以，但规则说明有点复杂，希望下次更简单。后续可继续观察活动体验。这次我在重庆重庆南岸服务中心，时间是周末傍晚，希望后续有人回访。我主要关注首次响应。样本号 MOCK-0480。,是,,,,,,,,,,,,,,,,,服务态度/响应速度/结果可信,,,,,,,,,,,,,,,,,,,,,,,,,,,,,,,,,,,,,,,,车主活动,企微,3,3,3,3,是,,一般,否,,否,,保持活动组织和权益说明清晰,不确定
481,wecom_ans_000481,问卷星,活动用户运营与口碑风险问卷,用户运营口碑素材复盘,App,2026-05-04 16:13:00,77秒,iOS,沈阳,wecom_user_0481,139****0481,辽A-MK481,LFAKE000000000481,是,mock-after-sales-v1,活动/用户运营与口碑风险型,21,沈阳,沈阳铁西服务中心,活动/社群,2,5,否,拒绝联系,报名成功后通知太晚，差点错过集合时间。主要集中在权益感知、社群反馈。这次我在沈阳沈阳铁西服务中心，时间是节前高峰，希望解释更直接。我主要关注交付前说明。样本号 MOCK-0481。,是,,,,,,,,,,,,,,,,,等待时间/解释不清/处理结果,,,,,,,,,,,,,,,,,,,,,,,,,,,,,,,,,,,,,,,,社群通知,App,2,1,2,2,否,报名成功后通知太晚，差点错过集合时间。主要集中在权益感知、社群反馈。这次我在沈阳沈阳铁西服务中心，时间是节前高峰，希望解释更直接。我主要关注交付前说明。样本号 MOCK-0481。,否,否,,否,报名成功后通知太晚，差点错过集合时间。主要集中在权益感知、社群反馈。这次我在沈阳沈阳铁西服务中心，时间是节前高峰，希望解释更直接。我主要关注交付前说明。样本号 MOCK-0481。,权益感知、社群反馈,否
482,wecom_ans_000482,问卷星,活动用户运营与口碑风险问卷,端午车主活动反馈,短信链接,2026-05-07 13:26:00,94秒,PC,南京,wecom_user_0482,136****0482,苏A-MK482,LFAKE000000000482,是,mock-after-sales-v1,活动/用户运营与口碑风险型,21,南京,南京建邺服务中心,活动/社群,2,6,否,拒绝联系,社群回复慢，活动变更没有提前通知，容易产生误解。主要集中在社群反馈、活动体验。这次我在南京南京建邺服务中心，时间是雨天到店，希望线上状态更准确。我主要关注线上状态同步。样本号 MOCK-0482。,是,,,,,,,,,,,,,,,,,等待时间/解释不清/处理结果,,,,,,,,,,,,,,,,,,,,,,,,,,,,,,,,,,,,,,,,权益回访,服务中心海报,2,1,2,2,否,社群回复慢，活动变更没有提前通知，容易产生误解。主要集中在社群反馈、活动体验。这次我在南京南京建邺服务中心，时间是雨天到店，希望线上状态更准确。我主要关注线上状态同步。样本号 MOCK-0482。,否,否,,是,社群回复慢，活动变更没有提前通知，容易产生误解。主要集中在社群反馈、活动体验。这次我在南京南京建邺服务中心，时间是雨天到店，希望线上状态更准确。我主要关注线上状态同步。样本号 MOCK-0482。,社群反馈、活动体验,否
483,wecom_ans_000483,问卷星,活动用户运营与口碑风险问卷,车主社群权益回访,企微,2026-05-10 10:39:00,111秒,iOS,重庆,wecom_user_0483,135****0483,渝A-MK483,LFAKE000000000483,是,mock-after-sales-v1,活动/用户运营与口碑风险型,21,重庆,重庆南岸服务中心,活动/社群,2,5,否,已授权联系,活动权益说明不清楚，到现场才知道有限制条件。主要集中在活动体验、权益感知。这次我在重庆重庆南岸服务中心，时间是下班后，希望提前同步进度。我主要关注现场等待安排。样本号 MOCK-0483。,是,,,,,,,,,,,,,,,,,等待时间/解释不清/处理结果,,,,,,,,,,,,,,,,,,,,,,,,,,,,,,,,,,,,,,,,车主课堂,短信链接,2,1,2,2,否,活动权益说明不清楚，到现场才知道有限制条件。主要集中在活动体验、权益感知。这次我在重庆重庆南岸服务中心，时间是下班后，希望提前同步进度。我主要关注现场等待安排。样本号 MOCK-0483。,否,否,,否,活动权益说明不清楚，到现场才知道有限制条件。主要集中在活动体验、权益感知。这次我在重庆重庆南岸服务中心，时间是下班后，希望提前同步进度。我主要关注现场等待安排。样本号 MOCK-0483。,活动体验、权益感知,否
484,wecom_ans_000484,问卷星,活动用户运营与口碑风险问卷,用户运营口碑素材复盘,小程序,2026-05-13 17:52:00,128秒,PC,沈阳,wecom_user_0484,188****0484,辽A-DM0484,LFAKE000000000484,是,mock-after-sales-v1,活动/用户运营与口碑风险型,21,沈阳,沈阳铁西服务中心,活动/社群,2,6,是,拒绝联系,报名成功后通知太晚，差点错过集合时间。主要集中在权益感知、社群反馈。这次我在沈阳沈阳铁西服务中心，时间是午休时段，希望结果更可追溯。我主要关注后续闭环动作。样本号 MOCK-0484。,是,,,,,,,,,,,,,,,,,等待时间/解释不清/处理结果,,,,,,,,,,,,,,,,,,,,,,,,,,,,,,,,,,,,,,,,车主活动,社群,2,1,2,2,否,报名成功后通知太晚，差点错过集合时间。主要集中在权益感知、社群反馈。这次我在沈阳沈阳铁西服务中心，时间是午休时段，希望结果更可追溯。我主要关注后续闭环动作。样本号 MOCK-0484。,否,否,,是,报名成功后通知太晚，差点错过集合时间。主要集中在权益感知、社群反馈。这次我在沈阳沈阳铁西服务中心，时间是午休时段，希望结果更可追溯。我主要关注后续闭环动作。样本号 MOCK-0484。,权益感知、社群反馈,否
485,wecom_ans_000485,问卷星,活动用户运营与口碑风险问卷,端午车主活动反馈,服务顾问代录,2026-05-16 14:05:00,145秒,iOS,南京,wecom_user_0485,177****0485,苏A-MK485,LFAKE000000000485,是,mock-after-sales-v1,活动/用户运营与口碑风险型,21,南京,南京建邺服务中心,活动/社群,2,5,否,未询问,社群回复慢，活动变更没有提前通知，容易产生误解。主要集中在社群反馈、活动体验。这次我在南京南京建邺服务中心，时间是活动结束后，希望服务口径一致。我主要关注服务顾问口径。样本号 MOCK-0485。,是,,,,,,,,,,,,,,,,,等待时间/解释不清/处理结果,,,,,,,,,,,,,,,,,,,,,,,,,,,,,,,,,,,,,,,,社群通知,企微,2,1,2,2,否,社群回复慢，活动变更没有提前通知，容易产生误解。主要集中在社群反馈、活动体验。这次我在南京南京建邺服务中心，时间是活动结束后，希望服务口径一致。我主要关注服务顾问口径。样本号 MOCK-0485。,否,否,,否,社群回复慢，活动变更没有提前通知，容易产生误解。主要集中在社群反馈、活动体验。这次我在南京南京建邺服务中心，时间是活动结束后，希望服务口径一致。我主要关注服务顾问口径。样本号 MOCK-0485。,社群反馈、活动体验,否
486,wecom_ans_000486,问卷星,活动用户运营与口碑风险问卷,车主社群权益回访,App,2026-05-19 11:18:00,162秒,PC,重庆,wecom_user_0486,138****0486,渝A-MK486,LFAKE000000000486,是,mock-after-sales-v1,活动/用户运营与口碑风险型,21,重庆,重庆南岸服务中心,活动/社群,2,6,否,已授权联系,活动权益说明不清楚，到现场才知道有限制条件。主要集中在活动体验、权益感知。这次我在重庆重庆南岸服务中心，时间是工作日上午，希望减少等待。我主要关注预约变更提醒。样本号 MOCK-0486。,是,,,,,,,,,,,,,,,,,等待时间/解释不清/处理结果,,,,,,,,,,,,,,,,,,,,,,,,,,,,,,,,,,,,,,,,权益回访,App,2,1,2,2,否,活动权益说明不清楚，到现场才知道有限制条件。主要集中在活动体验、权益感知。这次我在重庆重庆南岸服务中心，时间是工作日上午，希望减少等待。我主要关注预约变更提醒。样本号 MOCK-0486。,否,否,,是,活动权益说明不清楚，到现场才知道有限制条件。主要集中在活动体验、权益感知。这次我在重庆重庆南岸服务中心，时间是工作日上午，希望减少等待。我主要关注预约变更提醒。样本号 MOCK-0486。,活动体验、权益感知,否
487,wecom_ans_000487,问卷星,活动用户运营与口碑风险问卷,用户运营口碑素材复盘,短信链接,2026-05-22 18:31:00,179秒,iOS,沈阳,wecom_user_0487,139****0487,辽A-MK487,LFAKE000000000487,是,mock-after-sales-v1,活动/用户运营与口碑风险型,21,沈阳,沈阳铁西服务中心,活动/社群,1,3,否,拒绝联系,报名成功后通知太晚，差点错过集合时间。主要集中在权益感知、社群反馈。这次我在沈阳沈阳铁西服务中心，时间是工作日下午，希望后续有人回访。我主要关注费用和权益解释。样本号 MOCK-0487。,是,,,,,,,,,,,,,,,,,等待时间/解释不清/处理结果,,,,,,,,,,,,,,,,,,,,,,,,,,,,,,,,,,,,,,,,车主课堂,服务中心海报,1,1,1,1,否,报名成功后通知太晚，差点错过集合时间。主要集中在权益感知、社群反馈。这次我在沈阳沈阳铁西服务中心，时间是工作日下午，希望后续有人回访。我主要关注费用和权益解释。样本号 MOCK-0487。,否,否,,否,报名成功后通知太晚，差点错过集合时间。主要集中在权益感知、社群反馈。这次我在沈阳沈阳铁西服务中心，时间是工作日下午，希望后续有人回访。我主要关注费用和权益解释。样本号 MOCK-0487。,权益感知、社群反馈,否
488,wecom_ans_000488,问卷星,活动用户运营与口碑风险问卷,端午车主活动反馈,企微,2026-05-25 15:44:00,196秒,PC,南京,wecom_user_0488,136****0488,苏A-DM0488,LFAKE000000000488,是,mock-after-sales-v1,活动/用户运营与口碑风险型,21,南京,南京建邺服务中心,活动/社群,1,4,是,拒绝联系,社群回复慢，活动变更没有提前通知，容易产生误解。主要集中在社群反馈、活动体验。这次我在南京南京建邺服务中心，时间是周末上午，希望解释更直接。我主要关注问题复核安排。样本号 MOCK-0488。,是,,,,,,,,,,,,,,,,,等待时间/解释不清/处理结果,,,,,,,,,,,,,,,,,,,,,,,,,,,,,,,,,,,,,,,,车主活动,短信链接,1,1,1,1,否,社群回复慢，活动变更没有提前通知，容易产生误解。主要集中在社群反馈、活动体验。这次我在南京南京建邺服务中心，时间是周末上午，希望解释更直接。我主要关注问题复核安排。样本号 MOCK-0488。,否,否,,是,社群回复慢，活动变更没有提前通知，容易产生误解。主要集中在社群反馈、活动体验。这次我在南京南京建邺服务中心，时间是周末上午，希望解释更直接。我主要关注问题复核安排。样本号 MOCK-0488。,社群反馈、活动体验,否
489,wecom_ans_000489,问卷星,活动用户运营与口碑风险问卷,车主社群权益回访,小程序,2026-05-28 12:57:00,213秒,iOS,重庆,wecom_user_0489,135****0489,渝A-MK489,LFAKE000000000489,是,mock-after-sales-v1,活动/用户运营与口碑风险型,21,重庆,重庆南岸服务中心,活动/社群,1,3,否,已授权联系,活动权益说明不清楚，到现场才知道有限制条件。主要集中在活动体验、权益感知。这次我在重庆重庆南岸服务中心，时间是周末傍晚，希望线上状态更准确。我主要关注跨渠道信息一致性。样本号 MOCK-0489。,是,,,,,,,,,,,,,,,,,等待时间/解释不清/处理结果,,,,,,,,,,,,,,,,,,,,,,,,,,,,,,,,,,,,,,,,社群通知,社群,1,1,1,1,否,活动权益说明不清楚，到现场才知道有限制条件。主要集中在活动体验、权益感知。这次我在重庆重庆南岸服务中心，时间是周末傍晚，希望线上状态更准确。我主要关注跨渠道信息一致性。样本号 MOCK-0489。,否,否,,否,活动权益说明不清楚，到现场才知道有限制条件。主要集中在活动体验、权益感知。这次我在重庆重庆南岸服务中心，时间是周末傍晚，希望线上状态更准确。我主要关注跨渠道信息一致性。样本号 MOCK-0489。,活动体验、权益感知,否
490,wecom_ans_000490,腾讯问卷,活动用户运营与口碑风险问卷,用户运营口碑素材复盘,服务顾问代录,2026-05-31 09:10:00,230秒,PC,沈阳,wecom_user_0490,188****0490,辽A-MK490,LFAKE000000000490,是,mock-after-sales-v1,活动/用户运营与口碑风险型,21,沈阳,沈阳铁西服务中心,活动/社群,4,8,是,未询问,社群提醒及时，车主课堂内容有价值，愿意继续参加。值得复用的点是权益感知。这次我在沈阳沈阳铁西服务中心，时间是节前高峰，希望提前同步进度。我主要关注首次响应。样本号 MOCK-0490。,是,,,,,,,,,,,,,,,,,服务态度/响应速度/结果可信,,,,,,,,,,,,,,,,,,,,,,,,,,,,,,,,,,,,,,,,权益回访,企微,4,4,4,4,是,,是,是,社群提醒及时，车主课堂内容有价值，愿意继续参加。值得复用的点是权益感知。这次我在沈阳沈阳铁西服务中心，时间是节前高峰，希望提前同步进度。我主要关注首次响应。样本号 MOCK-0490。,否,,保持活动组织和权益说明清晰,是
491,wecom_ans_000491,腾讯问卷,活动用户运营与口碑风险问卷,端午车主活动反馈,App,2026-06-03 16:23:00,247秒,iOS,南京,wecom_user_0491,177****0491,苏A-MK491,LFAKE000000000491,是,mock-after-sales-v1,活动/用户运营与口碑风险型,21,南京,南京建邺服务中心,活动/社群,4,8,是,拒绝联系,礼品和权益兑现符合预期，现场体验比预想更好。值得复用的点是社群反馈。这次我在南京南京建邺服务中心，时间是雨天到店，希望结果更可追溯。我主要关注交付前说明。样本号 MOCK-0491。,是,,,,,,,,,,,,,,,,,服务态度/响应速度/结果可信,,,,,,,,,,,,,,,,,,,,,,,,,,,,,,,,,,,,,,,,车主课堂,App,4,4,4,4,是,,是,是,礼品和权益兑现符合预期，现场体验比预想更好。值得复用的点是社群反馈。这次我在南京南京建邺服务中心，时间是雨天到店，希望结果更可追溯。我主要关注交付前说明。样本号 MOCK-0491。,否,,保持活动组织和权益说明清晰,是
492,wecom_ans_000492,腾讯问卷,活动用户运营与口碑风险问卷,车主社群权益回访,短信链接,2026-06-06 13:36:00,264秒,PC,重庆,wecom_user_0492,138****0492,渝A-DM0492,LFAKE000000000492,是,mock-after-sales-v1,活动/用户运营与口碑风险型,21,重庆,重庆南岸服务中心,活动/社群,5,10,是,拒绝联系,活动组织有序，权益说明清楚，工作人员能主动解答问题。值得复用的点是活动体验。这次我在重庆重庆南岸服务中心，时间是下班后，希望服务口径一致。我主要关注线上状态同步。样本号 MOCK-0492。,是,,,,,,,,,,,,,,,,,服务态度/响应速度/结果可信,,,,,,,,,,,,,,,,,,,,,,,,,,,,,,,,,,,,,,,,车主活动,服务中心海报,5,5,5,5,是,,是,是,活动组织有序，权益说明清楚，工作人员能主动解答问题。值得复用的点是活动体验。这次我在重庆重庆南岸服务中心，时间是下班后，希望服务口径一致。我主要关注线上状态同步。样本号 MOCK-0492。,否,,保持活动组织和权益说明清晰,是
493,wecom_ans_000493,腾讯问卷,活动用户运营与口碑风险问卷,用户运营口碑素材复盘,企微,2026-06-09 10:49:00,281秒,iOS,沈阳,wecom_user_0493,139****0493,辽A-MK493,LFAKE000000000493,是,mock-after-sales-v1,活动/用户运营与口碑风险型,21,沈阳,沈阳铁西服务中心,活动/社群,4,8,是,拒绝联系,社群提醒及时，车主课堂内容有价值，愿意继续参加。值得复用的点是权益感知。这次我在沈阳沈阳铁西服务中心，时间是午休时段，希望减少等待。我主要关注现场等待安排。样本号 MOCK-0493。,是,,,,,,,,,,,,,,,,,服务态度/响应速度/结果可信,,,,,,,,,,,,,,,,,,,,,,,,,,,,,,,,,,,,,,,,社群通知,短信链接,4,4,4,4,是,,是,是,社群提醒及时，车主课堂内容有价值，愿意继续参加。值得复用的点是权益感知。这次我在沈阳沈阳铁西服务中心，时间是午休时段，希望减少等待。我主要关注现场等待安排。样本号 MOCK-0493。,否,,保持活动组织和权益说明清晰,是
494,wecom_ans_000494,腾讯问卷,活动用户运营与口碑风险问卷,端午车主活动反馈,小程序,2026-06-12 17:02:00,298秒,PC,南京,wecom_user_0494,136****0494,苏A-MK494,LFAKE000000000494,是,mock-after-sales-v1,活动/用户运营与口碑风险型,21,南京,南京建邺服务中心,活动/社群,4,8,是,拒绝联系,礼品和权益兑现符合预期，现场体验比预想更好。值得复用的点是社群反馈。这次我在南京南京建邺服务中心，时间是活动结束后，希望后续有人回访。我主要关注后续闭环动作。样本号 MOCK-0494。,是,,,,,,,,,,,,,,,,,服务态度/响应速度/结果可信,,,,,,,,,,,,,,,,,,,,,,,,,,,,,,,,,,,,,,,,权益回访,社群,4,4,4,4,是,,是,是,礼品和权益兑现符合预期，现场体验比预想更好。值得复用的点是社群反馈。这次我在南京南京建邺服务中心，时间是活动结束后，希望后续有人回访。我主要关注后续闭环动作。样本号 MOCK-0494。,否,,保持活动组织和权益说明清晰,是
495,wecom_ans_000495,腾讯问卷,活动用户运营与口碑风险问卷,车主社群权益回访,服务顾问代录,2026-05-01 14:15:00,75秒,iOS,重庆,wecom_user_0495,135****0495,渝A-MK495,LFAKE000000000495,是,mock-after-sales-v1,活动/用户运营与口碑风险型,21,重庆,重庆南岸服务中心,活动/社群,5,9,是,已授权联系,活动组织有序，权益说明清楚，工作人员能主动解答问题。值得复用的点是活动体验。这次我在重庆重庆南岸服务中心，时间是工作日上午，希望解释更直接。我主要关注服务顾问口径。样本号 MOCK-0495。,是,,,,,,,,,,,,,,,,,服务态度/响应速度/结果可信,,,,,,,,,,,,,,,,,,,,,,,,,,,,,,,,,,,,,,,,车主课堂,企微,5,5,5,5,是,,是,是,活动组织有序，权益说明清楚，工作人员能主动解答问题。值得复用的点是活动体验。这次我在重庆重庆南岸服务中心，时间是工作日上午，希望解释更直接。我主要关注服务顾问口径。样本号 MOCK-0495。,否,,保持活动组织和权益说明清晰,是
496,wecom_ans_000496,腾讯问卷,活动用户运营与口碑风险问卷,用户运营口碑素材复盘,App,2026-05-04 11:28:00,92秒,PC,沈阳,wecom_user_0496,188****0496,辽A-DM0496,LFAKE000000000496,是,mock-after-sales-v1,活动/用户运营与口碑风险型,21,沈阳,沈阳铁西服务中心,活动/社群,3,8,是,已授权联系,社群通知及时，报名确认稍慢，整体体验一般。后续可继续观察权益感知。这次我在沈阳沈阳铁西服务中心，时间是工作日下午，希望线上状态更准确。我主要关注预约变更提醒。样本号 MOCK-0496。,是,,,,,,,,,,,,,,,,,服务态度/响应速度/结果可信,,,,,,,,,,,,,,,,,,,,,,,,,,,,,,,,,,,,,,,,车主活动,App,3,3,3,3,是,,一般,否,,否,,保持活动组织和权益说明清晰,不确定
497,wecom_ans_000497,App内问卷,活动用户运营与口碑风险问卷,端午车主活动反馈,短信链接,2026-05-07 18:41:00,109秒,iOS,南京,wecom_user_0497,177****0497,苏A-MK497,LFAKE000000000497,是,mock-after-sales-v1,活动/用户运营与口碑风险型,21,南京,南京建邺服务中心,活动/社群,3,7,是,拒绝联系,权益兑现没有问题，但现场动线可以更清楚。后续可继续观察社群反馈。这次我在南京南京建邺服务中心，时间是周末上午，希望提前同步进度。我主要关注费用和权益解释。样本号 MOCK-0497。,是,,,,,,,,,,,,,,,,,服务态度/响应速度/结果可信,,,,,,,,,,,,,,,,,,,,,,,,,,,,,,,,,,,,,,,,社群通知,服务中心海报,3,3,3,3,是,,一般,否,,否,,保持活动组织和权益说明清晰,不确定
498,wecom_ans_000498,App内问卷,活动用户运营与口碑风险问卷,车主社群权益回访,企微,2026-05-10 15:54:00,126秒,PC,重庆,wecom_user_0498,138****0498,渝A-MK498,LFAKE000000000498,是,mock-after-sales-v1,活动/用户运营与口碑风险型,21,重庆,重庆南岸服务中心,活动/社群,3,8,不确定,拒绝联系,活动内容还可以，但规则说明有点复杂，希望下次更简单。后续可继续观察活动体验。这次我在重庆重庆南岸服务中心，时间是周末傍晚，希望结果更可追溯。我主要关注问题复核安排。样本号 MOCK-0498。,是,,,,,,,,,,,,,,,,,服务态度/响应速度/结果可信,,,,,,,,,,,,,,,,,,,,,,,,,,,,,,,,,,,,,,,,权益回访,短信链接,3,3,3,3,是,,一般,否,,否,,保持活动组织和权益说明清晰,不确定
499,wecom_ans_000499,短信链接,活动用户运营与口碑风险问卷,用户运营口碑素材复盘,小程序,2026-05-13 12:07:00,143秒,iOS,沈阳,wecom_user_0499,139****0499,辽A-MK499,LFAKE000000000499,是,mock-after-sales-v1,活动/用户运营与口碑风险型,21,沈阳,沈阳铁西服务中心,活动/社群,3,7,是,拒绝联系,社群通知及时，报名确认稍慢，整体体验一般。后续可继续观察权益感知。这次我在沈阳沈阳铁西服务中心，时间是节前高峰，希望服务口径一致。我主要关注跨渠道信息一致性。样本号 MOCK-0499。,是,,,,,,,,,,,,,,,,,服务态度/响应速度/结果可信,,,,,,,,,,,,,,,,,,,,,,,,,,,,,,,,,,,,,,,,车主课堂,社群,3,3,3,3,是,,一般,否,,否,,保持活动组织和权益说明清晰,不确定
500,wecom_ans_000500,企微链接,活动用户运营与口碑风险问卷,端午车主活动反馈,服务顾问代录,2026-05-16 09:20:00,160秒,PC,南京,wecom_user_0500,136****0500,苏A-DM0500,LFAKE000000000500,是,mock-after-sales-v1,活动/用户运营与口碑风险型,21,南京,南京建邺服务中心,活动/社群,3,8,是,未询问,权益兑现没有问题，但现场动线可以更清楚。后续可继续观察社群反馈。这次我在南京南京建邺服务中心，时间是雨天到店，希望减少等待。我主要关注首次响应。样本号 MOCK-0500。,是,,,,,,,,,,,,,,,,,服务态度/响应速度/结果可信,,,,,,,,,,,,,,,,,,,,,,,,,,,,,,,,,,,,,,,,车主活动,企微,3,3,3,3,是,,一般,否,,否,,保持活动组织和权益说明清晰,不确定
