feedback_id,answer_id,submitted_at,platform,source_name,source_channel,survey_direction,question_count,project_name,project_type,region,province,city,service_center,service_scenario,service_stage,rating,nps_score,sentiment,severity,issue_tags,feedback_text,contact_consent,issue_resolved,review_required,mock_user_id,phone_masked,vehicle_plate_mock,vin_mock,answer_duration_seconds,submitted_device,is_synthetic,mock_batch_id,mock_schema_version,pii_scan_status
fb_mock_000001,wjx_ans_000001,2026-05-04T16:13:00+08:00,问卷星,质量维保型售后回访问卷,短信链接,质量维保型,21,春季保养回访,质量维保复盘,华北,北京,北京,北京亦庄服务中心,到店服务,服务质量,2,5,负向,中,交付体验|问题复发,配件等待时间比承诺久，期间没有主动同步进度。主要集中在交付体验、问题复发。这次我在北京北京亦庄服务中心，时间是工作日下午，希望结果更可追溯。我主要关注交付前说明。样本号 MOCK-0001。,拒绝联系,否,false,wjx_user_0001,139****0001,京N-MK001,LFAKE000000000001,77,iOS,true,mock-after-sales-v1,2026-06-09,baseline_passed_pending_presidio
fb_mock_000002,wjx_ans_000002,2026-05-07T13:26:00+08:00,问卷星,质量维保型售后回访问卷,企微,质量维保型,21,维修质量专项复盘,质量维保复盘,华中,湖北,武汉,武汉汉口服务中心,移动服务,服务发起,2,6,负向,中,服务等待|App预约,交付时没有说明故障原因和处理结果，我不清楚到底修了什么。主要集中在服务等待、App预约。这次我在武汉武汉汉口服务中心，时间是周末上午，希望服务口径一致。我主要关注线上状态同步。样本号 MOCK-0002。,拒绝联系,否,false,wjx_user_0002,136****0002,鄂A-MK002,LFAKE000000000002,94,PC,true,mock-after-sales-v1,2026-06-09,baseline_passed_pending_presidio
fb_mock_000003,wjx_ans_000003,2026-05-10T10:39:00+08:00,问卷星,质量维保型售后回访问卷,小程序,质量维保型,21,问题复发闭环回访,质量维保复盘,华南,广东,深圳,深圳福田服务中心,到店服务,服务接待,2,5,负向,中,服务解释|沟通效率,同一个问题处理后又复发了，第二次到店还是没有彻底解决。主要集中在服务解释、沟通效率。这次我在深圳深圳福田服务中心，时间是周末傍晚，希望减少等待。我主要关注现场等待安排。样本号 MOCK-0003。,已授权联系,否,false,wjx_user_0003,135****0003,粤B-MK003,LFAKE000000000003,111,iOS,true,mock-after-sales-v1,2026-06-09,baseline_passed_pending_presidio
fb_mock_000004,wjx_ans_000004,2026-05-13T17:52:00+08:00,问卷星,质量维保型售后回访问卷,服务顾问代录,质量维保型,21,春季保养回访,质量维保复盘,华北,北京,北京,北京亦庄服务中心,移动服务,服务质量,2,6,负向,中,交付体验|问题复发,配件等待时间比承诺久，期间没有主动同步进度。主要集中在交付体验、问题复发。这次我在北京北京亦庄服务中心，时间是节前高峰，希望后续有人回访。我主要关注后续闭环动作。样本号 MOCK-0004。,拒绝联系,是,false,wjx_user_0004,188****0004,京N-DM0004,LFAKE000000000004,128,PC,true,mock-after-sales-v1,2026-06-09,baseline_passed_pending_presidio
fb_mock_000005,wjx_ans_000005,2026-05-16T14:05:00+08:00,问卷星,质量维保型售后回访问卷,App,质量维保型,21,维修质量专项复盘,质量维保复盘,华中,湖北,武汉,武汉汉口服务中心,到店服务,服务发起,2,5,负向,中,服务等待|App预约,交付时没有说明故障原因和处理结果，我不清楚到底修了什么。主要集中在服务等待、App预约。这次我在武汉武汉汉口服务中心，时间是雨天到店，希望解释更直接。我主要关注服务顾问口径。样本号 MOCK-0005。,未询问,否,false,wjx_user_0005,177****0005,鄂A-MK005,LFAKE000000000005,145,iOS,true,mock-after-sales-v1,2026-06-09,baseline_passed_pending_presidio
fb_mock_000006,wjx_ans_000006,2026-05-19T11:18:00+08:00,问卷星,质量维保型售后回访问卷,短信链接,质量维保型,21,问题复发闭环回访,质量维保复盘,华南,广东,深圳,深圳福田服务中心,移动服务,服务接待,2,6,负向,中,服务解释|沟通效率,同一个问题处理后又复发了，第二次到店还是没有彻底解决。主要集中在服务解释、沟通效率。这次我在深圳深圳福田服务中心，时间是下班后，希望线上状态更准确。我主要关注预约变更提醒。样本号 MOCK-0006。,已授权联系,否,false,wjx_user_0006,138****0006,粤B-MK006,LFAKE000000000006,162,PC,true,mock-after-sales-v1,2026-06-09,baseline_passed_pending_presidio
fb_mock_000007,wjx_ans_000007,2026-05-22T18:31:00+08:00,问卷星,质量维保型售后回访问卷,企微,质量维保型,21,春季保养回访,质量维保复盘,华北,北京,北京,北京亦庄服务中心,到店服务,服务质量,1,3,负向,高,交付体验|问题复发,配件等待时间比承诺久，期间没有主动同步进度。主要集中在交付体验、问题复发。这次我在北京北京亦庄服务中心，时间是午休时段，希望提前同步进度。我主要关注费用和权益解释。样本号 MOCK-0007。,拒绝联系,否,false,wjx_user_0007,139****0007,京N-MK007,LFAKE000000000007,179,iOS,true,mock-after-sales-v1,2026-06-09,baseline_passed_pending_presidio
fb_mock_000008,wjx_ans_000008,2026-05-25T15:44:00+08:00,问卷星,质量维保型售后回访问卷,小程序,质量维保型,21,维修质量专项复盘,质量维保复盘,华中,湖北,武汉,武汉汉口服务中心,移动服务,服务发起,1,4,负向,高,服务等待|App预约,交付时没有说明故障原因和处理结果，我不清楚到底修了什么。主要集中在服务等待、App预约。这次我在武汉武汉汉口服务中心，时间是活动结束后，希望结果更可追溯。我主要关注问题复核安排。样本号 MOCK-0008。,拒绝联系,是,false,wjx_user_0008,136****0008,鄂A-DM0008,LFAKE000000000008,196,PC,true,mock-after-sales-v1,2026-06-09,baseline_passed_pending_presidio
fb_mock_000009,wjx_ans_000009,2026-05-28T12:57:00+08:00,问卷星,质量维保型售后回访问卷,服务顾问代录,质量维保型,21,问题复发闭环回访,质量维保复盘,华南,广东,深圳,深圳福田服务中心,到店服务,服务接待,1,3,负向,高,服务解释|沟通效率,同一个问题处理后又复发了，第二次到店还是没有彻底解决。主要集中在服务解释、沟通效率。这次我在深圳深圳福田服务中心，时间是工作日上午，希望服务口径一致。我主要关注跨渠道信息一致性。样本号 MOCK-0009。,已授权联系,否,false,wjx_user_0009,135****0009,粤B-MK009,LFAKE000000000009,213,iOS,true,mock-after-sales-v1,2026-06-09,baseline_passed_pending_presidio
fb_mock_000010,wjx_ans_000010,2026-05-31T09:10:00+08:00,腾讯问卷,质量维保型售后回访问卷,App,质量维保型,21,春季保养回访,质量维保复盘,华北,北京,北京,北京亦庄服务中心,移动服务,服务质量,4,8,正向,高,交付体验|问题复发,保养完成后车辆状态正常，服务顾问把检查结果讲得很清楚。值得复用的点是交付体验。这次我在北京北京亦庄服务中心，时间是工作日下午，希望减少等待。我主要关注首次响应。样本号 MOCK-0010。,未询问,是,true,wjx_user_0010,188****0010,京N-MK010,LFAKE000000000010,230,PC,true,mock-after-sales-v1,2026-06-09,baseline_passed_pending_presidio
fb_mock_000011,wjx_ans_000011,2026-06-03T16:23:00+08:00,腾讯问卷,质量维保型售后回访问卷,短信链接,质量维保型,21,维修质量专项复盘,质量维保复盘,华中,湖北,武汉,武汉汉口服务中心,到店服务,服务发起,4,8,正向,低,服务等待|App预约,上门检查准时到达，处理过程专业，结束后还说明了后续观察点。值得复用的点是服务等待。这次我在武汉武汉汉口服务中心，时间是周末上午，希望后续有人回访。我主要关注交付前说明。样本号 MOCK-0011。,拒绝联系,是,false,wjx_user_0011,177****0011,鄂A-MK011,LFAKE000000000011,247,iOS,true,mock-after-sales-v1,2026-06-09,baseline_passed_pending_presidio
fb_mock_000012,wjx_ans_000012,2026-06-06T13:36:00+08:00,腾讯问卷,质量维保型售后回访问卷,企微,质量维保型,21,问题复发闭环回访,质量维保复盘,华南,广东,深圳,深圳福田服务中心,移动服务,服务接待,5,10,正向,低,服务解释|沟通效率,维修项目解释清楚，交付时也提醒了后续保养注意事项，整体比较放心。值得复用的点是服务解释。这次我在深圳深圳福田服务中心，时间是周末傍晚，希望解释更直接。我主要关注线上状态同步。样本号 MOCK-0012。,拒绝联系,是,false,wjx_user_0012,138****0012,粤B-DM0012,LFAKE000000000012,264,PC,true,mock-after-sales-v1,2026-06-09,baseline_passed_pending_presidio
fb_mock_000013,wjx_ans_000013,2026-06-09T10:49:00+08:00,腾讯问卷,质量维保型售后回访问卷,小程序,质量维保型,21,春季保养回访,质量维保复盘,华北,北京,北京,北京亦庄服务中心,到店服务,服务质量,4,8,正向,低,交付体验|问题复发,保养完成后车辆状态正常，服务顾问把检查结果讲得很清楚。值得复用的点是交付体验。这次我在北京北京亦庄服务中心，时间是节前高峰，希望线上状态更准确。我主要关注现场等待安排。样本号 MOCK-0013。,拒绝联系,是,false,wjx_user_0013,139****0013,京N-MK013,LFAKE000000000013,281,iOS,true,mock-after-sales-v1,2026-06-09,baseline_passed_pending_presidio
fb_mock_000014,wjx_ans_000014,2026-06-12T17:02:00+08:00,腾讯问卷,质量维保型售后回访问卷,服务顾问代录,质量维保型,21,维修质量专项复盘,质量维保复盘,华中,湖北,武汉,武汉汉口服务中心,移动服务,服务发起,4,8,正向,低,服务等待|App预约,上门检查准时到达，处理过程专业，结束后还说明了后续观察点。值得复用的点是服务等待。这次我在武汉武汉汉口服务中心，时间是雨天到店，希望提前同步进度。我主要关注后续闭环动作。样本号 MOCK-0014。,拒绝联系,是,false,wjx_user_0014,136****0014,鄂A-MK014,LFAKE000000000014,298,PC,true,mock-after-sales-v1,2026-06-09,baseline_passed_pending_presidio
fb_mock_000015,wjx_ans_000015,2026-05-01T14:15:00+08:00,腾讯问卷,质量维保型售后回访问卷,App,质量维保型,21,问题复发闭环回访,质量维保复盘,华南,广东,深圳,深圳福田服务中心,到店服务,服务接待,5,9,正向,低,服务解释|沟通效率,维修项目解释清楚，交付时也提醒了后续保养注意事项，整体比较放心。值得复用的点是服务解释。这次我在深圳深圳福田服务中心，时间是下班后，希望结果更可追溯。我主要关注服务顾问口径。样本号 MOCK-0015。,已授权联系,是,false,wjx_user_0015,135****0015,粤B-MK015,LFAKE000000000015,75,iOS,true,mock-after-sales-v1,2026-06-09,baseline_passed_pending_presidio
fb_mock_000016,wjx_ans_000016,2026-05-04T11:28:00+08:00,腾讯问卷,质量维保型售后回访问卷,短信链接,质量维保型,21,春季保养回访,质量维保复盘,华北,北京,北京,北京亦庄服务中心,移动服务,服务质量,3,8,中性,低,交付体验|问题复发,保养流程完成了，费用说明还算清楚，但等待配件的信息可以更及时。后续可继续观察交付体验。这次我在北京北京亦庄服务中心，时间是午休时段，希望服务口径一致。我主要关注预约变更提醒。样本号 MOCK-0016。,已授权联系,是,false,wjx_user_0016,188****0016,京N-DM0016,LFAKE000000000016,92,PC,true,mock-after-sales-v1,2026-06-09,baseline_passed_pending_presidio
fb_mock_000017,wjx_ans_000017,2026-05-07T18:41:00+08:00,App内问卷,质量维保型售后回访问卷,企微,质量维保型,21,维修质量专项复盘,质量维保复盘,华中,湖北,武汉,武汉汉口服务中心,到店服务,服务发起,3,7,中性,低,服务等待|App预约,问题暂时解决，后续还要再观察是否复发。后续可继续观察服务等待。这次我在武汉武汉汉口服务中心，时间是活动结束后，希望减少等待。我主要关注费用和权益解释。样本号 MOCK-0017。,拒绝联系,是,false,wjx_user_0017,177****0017,鄂A-MK017,LFAKE000000000017,109,iOS,true,mock-after-sales-v1,2026-06-09,baseline_passed_pending_presidio
fb_mock_000018,wjx_ans_000018,2026-05-10T15:54:00+08:00,App内问卷,质量维保型售后回访问卷,小程序,质量维保型,21,问题复发闭环回访,质量维保复盘,华南,广东,深圳,深圳福田服务中心,移动服务,服务接待,3,8,中性,低,服务解释|沟通效率,维修结果基本可以，但希望交付前能更早同步预计完成时间。后续可继续观察服务解释。这次我在深圳深圳福田服务中心，时间是工作日上午，希望后续有人回访。我主要关注问题复核安排。样本号 MOCK-0018。,拒绝联系,不确定,false,wjx_user_0018,138****0018,粤B-MK018,LFAKE000000000018,126,PC,true,mock-after-sales-v1,2026-06-09,baseline_passed_pending_presidio
fb_mock_000019,wjx_ans_000019,2026-05-13T12:07:00+08:00,短信链接,质量维保型售后回访问卷,服务顾问代录,质量维保型,21,春季保养回访,质量维保复盘,华北,北京,北京,北京亦庄服务中心,到店服务,服务质量,3,7,中性,低,交付体验|问题复发,保养流程完成了，费用说明还算清楚，但等待配件的信息可以更及时。后续可继续观察交付体验。这次我在北京北京亦庄服务中心，时间是工作日下午，希望解释更直接。我主要关注跨渠道信息一致性。样本号 MOCK-0019。,拒绝联系,是,false,wjx_user_0019,139****0019,京N-MK019,LFAKE000000000019,143,iOS,true,mock-after-sales-v1,2026-06-09,baseline_passed_pending_presidio
fb_mock_000020,wjx_ans_000020,2026-05-16T09:20:00+08:00,企微链接,质量维保型售后回访问卷,App,质量维保型,21,维修质量专项复盘,质量维保复盘,华中,湖北,武汉,武汉汉口服务中心,移动服务,服务发起,3,8,中性,高,服务等待|App预约,问题暂时解决，后续还要再观察是否复发。后续可继续观察服务等待。这次我在武汉武汉汉口服务中心，时间是周末上午，希望线上状态更准确。我主要关注首次响应。样本号 MOCK-0020。,未询问,是,true,wjx_user_0020,136****0020,鄂A-DM0020,LFAKE000000000020,160,PC,true,mock-after-sales-v1,2026-06-09,baseline_passed_pending_presidio
fb_mock_000021,wjx_ans_000021,2026-05-19T16:33:00+08:00,问卷星,质量维保型售后回访问卷,短信链接,质量维保型,21,问题复发闭环回访,质量维保复盘,华南,广东,深圳,深圳福田服务中心,到店服务,服务接待,2,5,负向,中,服务解释|沟通效率,同一个问题处理后又复发了，第二次到店还是没有彻底解决。主要集中在服务解释、沟通效率。这次我在深圳深圳福田服务中心，时间是周末傍晚，希望提前同步进度。我主要关注交付前说明。样本号 MOCK-0021。,已授权联系,否,false,wjx_user_0021,135****0021,粤B-MK021,LFAKE000000000021,177,iOS,true,mock-after-sales-v1,2026-06-09,baseline_passed_pending_presidio
fb_mock_000022,wjx_ans_000022,2026-05-22T13:46:00+08:00,问卷星,质量维保型售后回访问卷,企微,质量维保型,21,春季保养回访,质量维保复盘,华北,北京,北京,北京亦庄服务中心,移动服务,服务质量,2,6,负向,中,交付体验|问题复发,配件等待时间比承诺久，期间没有主动同步进度。主要集中在交付体验、问题复发。这次我在北京北京亦庄服务中心，时间是节前高峰，希望结果更可追溯。我主要关注线上状态同步。样本号 MOCK-0022。,拒绝联系,否,false,wjx_user_0022,188****0022,京N-MK022,LFAKE000000000022,194,PC,true,mock-after-sales-v1,2026-06-09,baseline_passed_pending_presidio
fb_mock_000023,wjx_ans_000023,2026-05-25T10:59:00+08:00,问卷星,质量维保型售后回访问卷,小程序,质量维保型,21,维修质量专项复盘,质量维保复盘,华中,湖北,武汉,武汉汉口服务中心,到店服务,服务发起,2,5,负向,中,服务等待|App预约,交付时没有说明故障原因和处理结果，我不清楚到底修了什么。主要集中在服务等待、App预约。这次我在武汉武汉汉口服务中心，时间是雨天到店，希望服务口径一致。我主要关注现场等待安排。样本号 MOCK-0023。,拒绝联系,否,false,wjx_user_0023,177****0023,鄂A-MK023,LFAKE000000000023,211,iOS,true,mock-after-sales-v1,2026-06-09,baseline_passed_pending_presidio
fb_mock_000024,wjx_ans_000024,2026-05-28T17:12:00+08:00,问卷星,质量维保型售后回访问卷,服务顾问代录,质量维保型,21,问题复发闭环回访,质量维保复盘,华南,广东,深圳,深圳福田服务中心,移动服务,服务接待,2,6,负向,中,服务解释|沟通效率,同一个问题处理后又复发了，第二次到店还是没有彻底解决。主要集中在服务解释、沟通效率。这次我在深圳深圳福田服务中心，时间是下班后，希望减少等待。我主要关注后续闭环动作。样本号 MOCK-0024。,已授权联系,是,false,wjx_user_0024,138****0024,粤B-DM0024,LFAKE000000000024,228,PC,true,mock-after-sales-v1,2026-06-09,baseline_passed_pending_presidio
fb_mock_000025,wjx_ans_000025,2026-05-31T14:25:00+08:00,问卷星,质量维保型售后回访问卷,App,质量维保型,21,春季保养回访,质量维保复盘,华北,北京,北京,北京亦庄服务中心,到店服务,服务质量,2,5,负向,中,交付体验|问题复发,配件等待时间比承诺久，期间没有主动同步进度。主要集中在交付体验、问题复发。这次我在北京北京亦庄服务中心，时间是午休时段，希望后续有人回访。我主要关注服务顾问口径。样本号 MOCK-0025。,未询问,否,false,wjx_user_0025,139****0025,京N-MK025,LFAKE000000000025,245,iOS,true,mock-after-sales-v1,2026-06-09,baseline_passed_pending_presidio
fb_mock_000026,wjx_ans_000026,2026-06-03T11:38:00+08:00,问卷星,质量维保型售后回访问卷,短信链接,质量维保型,21,维修质量专项复盘,质量维保复盘,华中,湖北,武汉,武汉汉口服务中心,移动服务,服务发起,2,6,负向,中,服务等待|App预约,交付时没有说明故障原因和处理结果，我不清楚到底修了什么。主要集中在服务等待、App预约。这次我在武汉武汉汉口服务中心，时间是活动结束后，希望解释更直接。我主要关注预约变更提醒。样本号 MOCK-0026。,拒绝联系,否,false,wjx_user_0026,136****0026,鄂A-MK026,LFAKE000000000026,262,PC,true,mock-after-sales-v1,2026-06-09,baseline_passed_pending_presidio
fb_mock_000027,wjx_ans_000027,2026-06-06T18:51:00+08:00,问卷星,质量维保型售后回访问卷,企微,质量维保型,21,问题复发闭环回访,质量维保复盘,华南,广东,深圳,深圳福田服务中心,到店服务,服务接待,1,3,负向,高,服务解释|沟通效率,同一个问题处理后又复发了，第二次到店还是没有彻底解决。主要集中在服务解释、沟通效率。这次我在深圳深圳福田服务中心，时间是工作日上午，希望线上状态更准确。我主要关注费用和权益解释。样本号 MOCK-0027。,已授权联系,否,false,wjx_user_0027,135****0027,粤B-MK027,LFAKE000000000027,279,iOS,true,mock-after-sales-v1,2026-06-09,baseline_passed_pending_presidio
fb_mock_000028,wjx_ans_000028,2026-06-09T15:04:00+08:00,问卷星,质量维保型售后回访问卷,小程序,质量维保型,21,春季保养回访,质量维保复盘,华北,北京,北京,北京亦庄服务中心,移动服务,服务质量,1,4,负向,高,交付体验|问题复发,配件等待时间比承诺久，期间没有主动同步进度。主要集中在交付体验、问题复发。这次我在北京北京亦庄服务中心，时间是工作日下午，希望提前同步进度。我主要关注问题复核安排。样本号 MOCK-0028。,拒绝联系,是,false,wjx_user_0028,188****0028,京N-DM0028,LFAKE000000000028,296,PC,true,mock-after-sales-v1,2026-06-09,baseline_passed_pending_presidio
fb_mock_000029,wjx_ans_000029,2026-06-12T12:17:00+08:00,问卷星,质量维保型售后回访问卷,服务顾问代录,质量维保型,21,维修质量专项复盘,质量维保复盘,华中,湖北,武汉,武汉汉口服务中心,到店服务,服务发起,1,3,负向,高,服务等待|App预约,交付时没有说明故障原因和处理结果，我不清楚到底修了什么。主要集中在服务等待、App预约。这次我在武汉武汉汉口服务中心，时间是周末上午，希望结果更可追溯。我主要关注跨渠道信息一致性。样本号 MOCK-0029。,拒绝联系,否,false,wjx_user_0029,177****0029,鄂A-MK029,LFAKE000000000029,73,iOS,true,mock-after-sales-v1,2026-06-09,baseline_passed_pending_presidio
fb_mock_000030,wjx_ans_000030,2026-05-01T09:30:00+08:00,腾讯问卷,质量维保型售后回访问卷,App,质量维保型,21,问题复发闭环回访,质量维保复盘,华南,广东,深圳,深圳福田服务中心,移动服务,服务接待,5,10,正向,高,服务解释|沟通效率,维修项目解释清楚，交付时也提醒了后续保养注意事项，整体比较放心。值得复用的点是服务解释。这次我在深圳深圳福田服务中心，时间是周末傍晚，希望服务口径一致。我主要关注首次响应。样本号 MOCK-0030。,已授权联系,是,true,wjx_user_0030,138****0030,粤B-MK030,LFAKE000000000030,90,PC,true,mock-after-sales-v1,2026-06-09,baseline_passed_pending_presidio
fb_mock_000031,wjx_ans_000031,2026-05-04T16:43:00+08:00,腾讯问卷,质量维保型售后回访问卷,短信链接,质量维保型,21,春季保养回访,质量维保复盘,华北,北京,北京,北京亦庄服务中心,到店服务,服务质量,4,8,正向,低,交付体验|问题复发,保养完成后车辆状态正常，服务顾问把检查结果讲得很清楚。值得复用的点是交付体验。这次我在北京北京亦庄服务中心，时间是节前高峰，希望减少等待。我主要关注交付前说明。样本号 MOCK-0031。,拒绝联系,是,false,wjx_user_0031,139****0031,京N-MK031,LFAKE000000000031,107,iOS,true,mock-after-sales-v1,2026-06-09,baseline_passed_pending_presidio
fb_mock_000032,wjx_ans_000032,2026-05-07T13:56:00+08:00,腾讯问卷,质量维保型售后回访问卷,企微,质量维保型,21,维修质量专项复盘,质量维保复盘,华中,湖北,武汉,武汉汉口服务中心,移动服务,服务发起,4,8,正向,低,服务等待|App预约,上门检查准时到达，处理过程专业，结束后还说明了后续观察点。值得复用的点是服务等待。这次我在武汉武汉汉口服务中心，时间是雨天到店，希望后续有人回访。我主要关注线上状态同步。样本号 MOCK-0032。,拒绝联系,是,false,wjx_user_0032,136****0032,鄂A-DM0032,LFAKE000000000032,124,PC,true,mock-after-sales-v1,2026-06-09,baseline_passed_pending_presidio
fb_mock_000033,wjx_ans_000033,2026-05-10T10:09:00+08:00,腾讯问卷,质量维保型售后回访问卷,小程序,质量维保型,21,问题复发闭环回访,质量维保复盘,华南,广东,深圳,深圳福田服务中心,到店服务,服务接待,5,9,正向,低,服务解释|沟通效率,维修项目解释清楚，交付时也提醒了后续保养注意事项，整体比较放心。值得复用的点是服务解释。这次我在深圳深圳福田服务中心，时间是下班后，希望解释更直接。我主要关注现场等待安排。样本号 MOCK-0033。,拒绝联系,是,false,wjx_user_0033,135****0033,粤B-MK033,LFAKE000000000033,141,iOS,true,mock-after-sales-v1,2026-06-09,baseline_passed_pending_presidio
fb_mock_000034,wjx_ans_000034,2026-05-13T17:22:00+08:00,腾讯问卷,质量维保型售后回访问卷,服务顾问代录,质量维保型,21,春季保养回访,质量维保复盘,华北,北京,北京,北京亦庄服务中心,移动服务,服务质量,4,8,正向,低,交付体验|问题复发,保养完成后车辆状态正常，服务顾问把检查结果讲得很清楚。值得复用的点是交付体验。这次我在北京北京亦庄服务中心，时间是午休时段，希望线上状态更准确。我主要关注后续闭环动作。样本号 MOCK-0034。,拒绝联系,是,false,wjx_user_0034,188****0034,京N-MK034,LFAKE000000000034,158,PC,true,mock-after-sales-v1,2026-06-09,baseline_passed_pending_presidio
fb_mock_000035,wjx_ans_000035,2026-05-16T14:35:00+08:00,腾讯问卷,质量维保型售后回访问卷,App,质量维保型,21,维修质量专项复盘,质量维保复盘,华中,湖北,武汉,武汉汉口服务中心,到店服务,服务发起,4,8,正向,低,服务等待|App预约,上门检查准时到达，处理过程专业，结束后还说明了后续观察点。值得复用的点是服务等待。这次我在武汉武汉汉口服务中心，时间是活动结束后，希望提前同步进度。我主要关注服务顾问口径。样本号 MOCK-0035。,未询问,是,false,wjx_user_0035,177****0035,鄂A-MK035,LFAKE000000000035,175,iOS,true,mock-after-sales-v1,2026-06-09,baseline_passed_pending_presidio
fb_mock_000036,wjx_ans_000036,2026-05-19T11:48:00+08:00,腾讯问卷,质量维保型售后回访问卷,短信链接,质量维保型,21,问题复发闭环回访,质量维保复盘,华南,广东,深圳,深圳福田服务中心,移动服务,服务接待,3,8,中性,低,服务解释|沟通效率,维修结果基本可以，但希望交付前能更早同步预计完成时间。后续可继续观察服务解释。这次我在深圳深圳福田服务中心，时间是工作日上午，希望结果更可追溯。我主要关注预约变更提醒。样本号 MOCK-0036。,拒绝联系,不确定,false,wjx_user_0036,138****0036,粤B-DM0036,LFAKE000000000036,192,PC,true,mock-after-sales-v1,2026-06-09,baseline_passed_pending_presidio
fb_mock_000037,wjx_ans_000037,2026-05-22T18:01:00+08:00,App内问卷,质量维保型售后回访问卷,企微,质量维保型,21,春季保养回访,质量维保复盘,华北,北京,北京,北京亦庄服务中心,到店服务,服务质量,3,7,中性,低,交付体验|问题复发,保养流程完成了，费用说明还算清楚，但等待配件的信息可以更及时。后续可继续观察交付体验。这次我在北京北京亦庄服务中心，时间是工作日下午，希望服务口径一致。我主要关注费用和权益解释。样本号 MOCK-0037。,拒绝联系,是,false,wjx_user_0037,139****0037,京N-MK037,LFAKE000000000037,209,iOS,true,mock-after-sales-v1,2026-06-09,baseline_passed_pending_presidio
fb_mock_000038,wjx_ans_000038,2026-05-25T15:14:00+08:00,App内问卷,质量维保型售后回访问卷,小程序,质量维保型,21,维修质量专项复盘,质量维保复盘,华中,湖北,武汉,武汉汉口服务中心,移动服务,服务发起,3,8,中性,低,服务等待|App预约,问题暂时解决，后续还要再观察是否复发。后续可继续观察服务等待。这次我在武汉武汉汉口服务中心，时间是周末上午，希望减少等待。我主要关注问题复核安排。样本号 MOCK-0038。,拒绝联系,是,false,wjx_user_0038,136****0038,鄂A-MK038,LFAKE000000000038,226,PC,true,mock-after-sales-v1,2026-06-09,baseline_passed_pending_presidio
fb_mock_000039,wjx_ans_000039,2026-05-28T12:27:00+08:00,短信链接,质量维保型售后回访问卷,服务顾问代录,质量维保型,21,问题复发闭环回访,质量维保复盘,华南,广东,深圳,深圳福田服务中心,到店服务,服务接待,3,7,中性,低,服务解释|沟通效率,维修结果基本可以，但希望交付前能更早同步预计完成时间。后续可继续观察服务解释。这次我在深圳深圳福田服务中心，时间是周末傍晚，希望后续有人回访。我主要关注跨渠道信息一致性。样本号 MOCK-0039。,拒绝联系,不确定,false,wjx_user_0039,135****0039,粤B-MK039,LFAKE000000000039,243,iOS,true,mock-after-sales-v1,2026-06-09,baseline_passed_pending_presidio
fb_mock_000040,wjx_ans_000040,2026-05-31T09:40:00+08:00,企微链接,质量维保型售后回访问卷,App,质量维保型,21,春季保养回访,质量维保复盘,华北,北京,北京,北京亦庄服务中心,移动服务,服务质量,3,8,中性,高,交付体验|问题复发,保养流程完成了，费用说明还算清楚，但等待配件的信息可以更及时。后续可继续观察交付体验。这次我在北京北京亦庄服务中心，时间是节前高峰，希望解释更直接。我主要关注首次响应。样本号 MOCK-0040。,已授权联系,是,true,wjx_user_0040,188****0040,京N-DM0040,LFAKE000000000040,260,PC,true,mock-after-sales-v1,2026-06-09,baseline_passed_pending_presidio
fb_mock_000041,wjx_ans_000041,2026-06-03T16:53:00+08:00,问卷星,质量维保型售后回访问卷,短信链接,质量维保型,21,维修质量专项复盘,质量维保复盘,华中,湖北,武汉,武汉汉口服务中心,到店服务,服务发起,2,5,负向,中,服务等待|App预约,交付时没有说明故障原因和处理结果，我不清楚到底修了什么。主要集中在服务等待、App预约。这次我在武汉武汉汉口服务中心，时间是雨天到店，希望线上状态更准确。我主要关注交付前说明。样本号 MOCK-0041。,拒绝联系,否,false,wjx_user_0041,177****0041,鄂A-MK041,LFAKE000000000041,277,iOS,true,mock-after-sales-v1,2026-06-09,baseline_passed_pending_presidio
fb_mock_000042,wjx_ans_000042,2026-06-06T13:06:00+08:00,问卷星,质量维保型售后回访问卷,企微,质量维保型,21,问题复发闭环回访,质量维保复盘,华南,广东,深圳,深圳福田服务中心,移动服务,服务接待,2,6,负向,中,服务解释|沟通效率,同一个问题处理后又复发了，第二次到店还是没有彻底解决。主要集中在服务解释、沟通效率。这次我在深圳深圳福田服务中心，时间是下班后，希望提前同步进度。我主要关注线上状态同步。样本号 MOCK-0042。,已授权联系,否,false,wjx_user_0042,138****0042,粤B-MK042,LFAKE000000000042,294,PC,true,mock-after-sales-v1,2026-06-09,baseline_passed_pending_presidio
fb_mock_000043,wjx_ans_000043,2026-06-09T10:19:00+08:00,问卷星,质量维保型售后回访问卷,小程序,质量维保型,21,春季保养回访,质量维保复盘,华北,北京,北京,北京亦庄服务中心,到店服务,服务质量,2,5,负向,中,交付体验|问题复发,配件等待时间比承诺久，期间没有主动同步进度。主要集中在交付体验、问题复发。这次我在北京北京亦庄服务中心，时间是午休时段，希望结果更可追溯。我主要关注现场等待安排。样本号 MOCK-0043。,拒绝联系,否,false,wjx_user_0043,139****0043,京N-MK043,LFAKE000000000043,71,iOS,true,mock-after-sales-v1,2026-06-09,baseline_passed_pending_presidio
fb_mock_000044,wjx_ans_000044,2026-06-12T17:32:00+08:00,问卷星,质量维保型售后回访问卷,服务顾问代录,质量维保型,21,维修质量专项复盘,质量维保复盘,华中,湖北,武汉,武汉汉口服务中心,移动服务,服务发起,2,6,负向,中,服务等待|App预约,交付时没有说明故障原因和处理结果，我不清楚到底修了什么。主要集中在服务等待、App预约。这次我在武汉武汉汉口服务中心，时间是活动结束后，希望服务口径一致。我主要关注后续闭环动作。样本号 MOCK-0044。,拒绝联系,是,false,wjx_user_0044,136****0044,鄂A-DM0044,LFAKE000000000044,88,PC,true,mock-after-sales-v1,2026-06-09,baseline_passed_pending_presidio
fb_mock_000045,wjx_ans_000045,2026-05-01T14:45:00+08:00,问卷星,质量维保型售后回访问卷,App,质量维保型,21,问题复发闭环回访,质量维保复盘,华南,广东,深圳,深圳福田服务中心,到店服务,服务接待,2,5,负向,中,服务解释|沟通效率,同一个问题处理后又复发了，第二次到店还是没有彻底解决。主要集中在服务解释、沟通效率。这次我在深圳深圳福田服务中心，时间是工作日上午，希望减少等待。我主要关注服务顾问口径。样本号 MOCK-0045。,已授权联系,否,false,wjx_user_0045,135****0045,粤B-MK045,LFAKE000000000045,105,iOS,true,mock-after-sales-v1,2026-06-09,baseline_passed_pending_presidio
fb_mock_000046,wjx_ans_000046,2026-05-04T11:58:00+08:00,问卷星,质量维保型售后回访问卷,短信链接,质量维保型,21,春季保养回访,质量维保复盘,华北,北京,北京,北京亦庄服务中心,移动服务,服务质量,2,6,负向,中,交付体验|问题复发,配件等待时间比承诺久，期间没有主动同步进度。主要集中在交付体验、问题复发。这次我在北京北京亦庄服务中心，时间是工作日下午，希望后续有人回访。我主要关注预约变更提醒。样本号 MOCK-0046。,拒绝联系,否,false,wjx_user_0046,188****0046,京N-MK046,LFAKE000000000046,122,PC,true,mock-after-sales-v1,2026-06-09,baseline_passed_pending_presidio
fb_mock_000047,wjx_ans_000047,2026-05-07T18:11:00+08:00,问卷星,质量维保型售后回访问卷,企微,质量维保型,21,维修质量专项复盘,质量维保复盘,华中,湖北,武汉,武汉汉口服务中心,到店服务,服务发起,1,3,负向,高,服务等待|App预约,交付时没有说明故障原因和处理结果，我不清楚到底修了什么。主要集中在服务等待、App预约。这次我在武汉武汉汉口服务中心，时间是周末上午，希望解释更直接。我主要关注费用和权益解释。样本号 MOCK-0047。,拒绝联系,否,false,wjx_user_0047,177****0047,鄂A-MK047,LFAKE000000000047,139,iOS,true,mock-after-sales-v1,2026-06-09,baseline_passed_pending_presidio
fb_mock_000048,wjx_ans_000048,2026-05-10T15:24:00+08:00,问卷星,质量维保型售后回访问卷,小程序,质量维保型,21,问题复发闭环回访,质量维保复盘,华南,广东,深圳,深圳福田服务中心,移动服务,服务接待,1,4,负向,高,服务解释|沟通效率,同一个问题处理后又复发了，第二次到店还是没有彻底解决。主要集中在服务解释、沟通效率。这次我在深圳深圳福田服务中心，时间是周末傍晚，希望线上状态更准确。我主要关注问题复核安排。样本号 MOCK-0048。,已授权联系,是,false,wjx_user_0048,138****0048,粤B-DM0048,LFAKE000000000048,156,PC,true,mock-after-sales-v1,2026-06-09,baseline_passed_pending_presidio
fb_mock_000049,wjx_ans_000049,2026-05-13T12:37:00+08:00,问卷星,质量维保型售后回访问卷,服务顾问代录,质量维保型,21,春季保养回访,质量维保复盘,华北,北京,北京,北京亦庄服务中心,到店服务,服务质量,1,3,负向,高,交付体验|问题复发,配件等待时间比承诺久，期间没有主动同步进度。主要集中在交付体验、问题复发。这次我在北京北京亦庄服务中心，时间是节前高峰，希望提前同步进度。我主要关注跨渠道信息一致性。样本号 MOCK-0049。,拒绝联系,否,false,wjx_user_0049,139****0049,京N-MK049,LFAKE000000000049,173,iOS,true,mock-after-sales-v1,2026-06-09,baseline_passed_pending_presidio
fb_mock_000050,wjx_ans_000050,2026-05-16T09:50:00+08:00,腾讯问卷,质量维保型售后回访问卷,App,质量维保型,21,维修质量专项复盘,质量维保复盘,华中,湖北,武汉,武汉汉口服务中心,移动服务,服务发起,4,8,正向,高,服务等待|App预约,上门检查准时到达，处理过程专业，结束后还说明了后续观察点。值得复用的点是服务等待。这次我在武汉武汉汉口服务中心，时间是雨天到店，希望结果更可追溯。我主要关注首次响应。样本号 MOCK-0050。,未询问,是,true,wjx_user_0050,136****0050,鄂A-MK050,LFAKE000000000050,190,PC,true,mock-after-sales-v1,2026-06-09,baseline_passed_pending_presidio
fb_mock_000051,wjx_ans_000051,2026-05-19T16:03:00+08:00,腾讯问卷,质量维保型售后回访问卷,短信链接,质量维保型,21,问题复发闭环回访,质量维保复盘,华南,广东,深圳,深圳福田服务中心,到店服务,服务接待,5,9,正向,低,服务解释|沟通效率,维修项目解释清楚，交付时也提醒了后续保养注意事项，整体比较放心。值得复用的点是服务解释。这次我在深圳深圳福田服务中心，时间是下班后，希望服务口径一致。我主要关注交付前说明。样本号 MOCK-0051。,拒绝联系,是,false,wjx_user_0051,135****0051,粤B-MK051,LFAKE000000000051,207,iOS,true,mock-after-sales-v1,2026-06-09,baseline_passed_pending_presidio
fb_mock_000052,wjx_ans_000052,2026-05-22T13:16:00+08:00,腾讯问卷,质量维保型售后回访问卷,企微,质量维保型,21,春季保养回访,质量维保复盘,华北,北京,北京,北京亦庄服务中心,移动服务,服务质量,4,8,正向,低,交付体验|问题复发,保养完成后车辆状态正常，服务顾问把检查结果讲得很清楚。值得复用的点是交付体验。这次我在北京北京亦庄服务中心，时间是午休时段，希望减少等待。我主要关注线上状态同步。样本号 MOCK-0052。,拒绝联系,是,false,wjx_user_0052,188****0052,京N-DM0052,LFAKE000000000052,224,PC,true,mock-after-sales-v1,2026-06-09,baseline_passed_pending_presidio
fb_mock_000053,wjx_ans_000053,2026-05-25T10:29:00+08:00,腾讯问卷,质量维保型售后回访问卷,小程序,质量维保型,21,维修质量专项复盘,质量维保复盘,华中,湖北,武汉,武汉汉口服务中心,到店服务,服务发起,4,8,正向,低,服务等待|App预约,上门检查准时到达，处理过程专业，结束后还说明了后续观察点。值得复用的点是服务等待。这次我在武汉武汉汉口服务中心，时间是活动结束后，希望后续有人回访。我主要关注现场等待安排。样本号 MOCK-0053。,拒绝联系,是,false,wjx_user_0053,177****0053,鄂A-MK053,LFAKE000000000053,241,iOS,true,mock-after-sales-v1,2026-06-09,baseline_passed_pending_presidio
fb_mock_000054,wjx_ans_000054,2026-05-28T17:42:00+08:00,腾讯问卷,质量维保型售后回访问卷,服务顾问代录,质量维保型,21,问题复发闭环回访,质量维保复盘,华南,广东,深圳,深圳福田服务中心,移动服务,服务接待,5,10,正向,低,服务解释|沟通效率,维修项目解释清楚，交付时也提醒了后续保养注意事项，整体比较放心。值得复用的点是服务解释。这次我在深圳深圳福田服务中心，时间是工作日上午，希望解释更直接。我主要关注后续闭环动作。样本号 MOCK-0054。,拒绝联系,是,false,wjx_user_0054,138****0054,粤B-MK054,LFAKE000000000054,258,PC,true,mock-after-sales-v1,2026-06-09,baseline_passed_pending_presidio
fb_mock_000055,wjx_ans_000055,2026-05-31T14:55:00+08:00,腾讯问卷,质量维保型售后回访问卷,App,质量维保型,21,春季保养回访,质量维保复盘,华北,北京,北京,北京亦庄服务中心,到店服务,服务质量,4,8,正向,低,交付体验|问题复发,保养完成后车辆状态正常，服务顾问把检查结果讲得很清楚。值得复用的点是交付体验。这次我在北京北京亦庄服务中心，时间是工作日下午，希望线上状态更准确。我主要关注服务顾问口径。样本号 MOCK-0055。,未询问,是,false,wjx_user_0055,139****0055,京N-MK055,LFAKE000000000055,275,iOS,true,mock-after-sales-v1,2026-06-09,baseline_passed_pending_presidio
fb_mock_000056,wjx_ans_000056,2026-06-03T11:08:00+08:00,腾讯问卷,质量维保型售后回访问卷,短信链接,质量维保型,21,维修质量专项复盘,质量维保复盘,华中,湖北,武汉,武汉汉口服务中心,移动服务,服务发起,3,8,中性,低,服务等待|App预约,问题暂时解决，后续还要再观察是否复发。后续可继续观察服务等待。这次我在武汉武汉汉口服务中心，时间是周末上午，希望提前同步进度。我主要关注预约变更提醒。样本号 MOCK-0056。,已授权联系,是,false,wjx_user_0056,136****0056,鄂A-DM0056,LFAKE000000000056,292,PC,true,mock-after-sales-v1,2026-06-09,baseline_passed_pending_presidio
fb_mock_000057,wjx_ans_000057,2026-06-06T18:21:00+08:00,App内问卷,质量维保型售后回访问卷,企微,质量维保型,21,问题复发闭环回访,质量维保复盘,华南,广东,深圳,深圳福田服务中心,到店服务,服务接待,3,7,中性,低,服务解释|沟通效率,维修结果基本可以，但希望交付前能更早同步预计完成时间。后续可继续观察服务解释。这次我在深圳深圳福田服务中心，时间是周末傍晚，希望结果更可追溯。我主要关注费用和权益解释。样本号 MOCK-0057。,拒绝联系,不确定,false,wjx_user_0057,135****0057,粤B-MK057,LFAKE000000000057,69,iOS,true,mock-after-sales-v1,2026-06-09,baseline_passed_pending_presidio
fb_mock_000058,wjx_ans_000058,2026-06-09T15:34:00+08:00,App内问卷,质量维保型售后回访问卷,小程序,质量维保型,21,春季保养回访,质量维保复盘,华北,北京,北京,北京亦庄服务中心,移动服务,服务质量,3,8,中性,低,交付体验|问题复发,保养流程完成了，费用说明还算清楚，但等待配件的信息可以更及时。后续可继续观察交付体验。这次我在北京北京亦庄服务中心，时间是节前高峰，希望服务口径一致。我主要关注问题复核安排。样本号 MOCK-0058。,拒绝联系,是,false,wjx_user_0058,188****0058,京N-MK058,LFAKE000000000058,86,PC,true,mock-after-sales-v1,2026-06-09,baseline_passed_pending_presidio
fb_mock_000059,wjx_ans_000059,2026-06-12T12:47:00+08:00,短信链接,质量维保型售后回访问卷,服务顾问代录,质量维保型,21,维修质量专项复盘,质量维保复盘,华中,湖北,武汉,武汉汉口服务中心,到店服务,服务发起,3,7,中性,低,服务等待|App预约,问题暂时解决，后续还要再观察是否复发。后续可继续观察服务等待。这次我在武汉武汉汉口服务中心，时间是雨天到店，希望减少等待。我主要关注跨渠道信息一致性。样本号 MOCK-0059。,拒绝联系,是,false,wjx_user_0059,177****0059,鄂A-MK059,LFAKE000000000059,103,iOS,true,mock-after-sales-v1,2026-06-09,baseline_passed_pending_presidio
fb_mock_000060,wjx_ans_000060,2026-05-01T09:00:00+08:00,企微链接,质量维保型售后回访问卷,App,质量维保型,21,问题复发闭环回访,质量维保复盘,华南,广东,深圳,深圳福田服务中心,移动服务,服务接待,3,8,中性,高,服务解释|沟通效率,维修结果基本可以，但希望交付前能更早同步预计完成时间。后续可继续观察服务解释。这次我在深圳深圳福田服务中心，时间是下班后，希望后续有人回访。我主要关注首次响应。样本号 MOCK-0060。,未询问,不确定,true,wjx_user_0060,138****0060,粤B-DM0060,LFAKE000000000060,120,PC,true,mock-after-sales-v1,2026-06-09,baseline_passed_pending_presidio
fb_mock_000061,wjx_ans_000061,2026-05-04T16:13:00+08:00,问卷星,质量维保型售后回访问卷,短信链接,质量维保型,21,春季保养回访,质量维保复盘,华北,北京,北京,北京亦庄服务中心,到店服务,服务质量,2,5,负向,中,交付体验|问题复发,配件等待时间比承诺久，期间没有主动同步进度。主要集中在交付体验、问题复发。这次我在北京北京亦庄服务中心，时间是午休时段，希望解释更直接。我主要关注交付前说明。样本号 MOCK-0061。,拒绝联系,否,false,wjx_user_0061,139****0061,京N-MK061,LFAKE000000000061,137,iOS,true,mock-after-sales-v1,2026-06-09,baseline_passed_pending_presidio
fb_mock_000062,wjx_ans_000062,2026-05-07T13:26:00+08:00,问卷星,质量维保型售后回访问卷,企微,质量维保型,21,维修质量专项复盘,质量维保复盘,华中,湖北,武汉,武汉汉口服务中心,移动服务,服务发起,2,6,负向,中,服务等待|App预约,交付时没有说明故障原因和处理结果，我不清楚到底修了什么。主要集中在服务等待、App预约。这次我在武汉武汉汉口服务中心，时间是活动结束后，希望线上状态更准确。我主要关注线上状态同步。样本号 MOCK-0062。,拒绝联系,否,false,wjx_user_0062,136****0062,鄂A-MK062,LFAKE000000000062,154,PC,true,mock-after-sales-v1,2026-06-09,baseline_passed_pending_presidio
fb_mock_000063,wjx_ans_000063,2026-05-10T10:39:00+08:00,问卷星,质量维保型售后回访问卷,小程序,质量维保型,21,问题复发闭环回访,质量维保复盘,华南,广东,深圳,深圳福田服务中心,到店服务,服务接待,2,5,负向,中,服务解释|沟通效率,同一个问题处理后又复发了，第二次到店还是没有彻底解决。主要集中在服务解释、沟通效率。这次我在深圳深圳福田服务中心，时间是工作日上午，希望提前同步进度。我主要关注现场等待安排。样本号 MOCK-0063。,已授权联系,否,false,wjx_user_0063,135****0063,粤B-MK063,LFAKE000000000063,171,iOS,true,mock-after-sales-v1,2026-06-09,baseline_passed_pending_presidio
fb_mock_000064,wjx_ans_000064,2026-05-13T17:52:00+08:00,问卷星,质量维保型售后回访问卷,服务顾问代录,质量维保型,21,春季保养回访,质量维保复盘,华北,北京,北京,北京亦庄服务中心,移动服务,服务质量,2,6,负向,中,交付体验|问题复发,配件等待时间比承诺久，期间没有主动同步进度。主要集中在交付体验、问题复发。这次我在北京北京亦庄服务中心，时间是工作日下午，希望结果更可追溯。我主要关注后续闭环动作。样本号 MOCK-0064。,拒绝联系,是,false,wjx_user_0064,188****0064,京N-DM0064,LFAKE000000000064,188,PC,true,mock-after-sales-v1,2026-06-09,baseline_passed_pending_presidio
fb_mock_000065,wjx_ans_000065,2026-05-16T14:05:00+08:00,问卷星,质量维保型售后回访问卷,App,质量维保型,21,维修质量专项复盘,质量维保复盘,华中,湖北,武汉,武汉汉口服务中心,到店服务,服务发起,2,5,负向,中,服务等待|App预约,交付时没有说明故障原因和处理结果，我不清楚到底修了什么。主要集中在服务等待、App预约。这次我在武汉武汉汉口服务中心，时间是周末上午，希望服务口径一致。我主要关注服务顾问口径。样本号 MOCK-0065。,未询问,否,false,wjx_user_0065,177****0065,鄂A-MK065,LFAKE000000000065,205,iOS,true,mock-after-sales-v1,2026-06-09,baseline_passed_pending_presidio
fb_mock_000066,wjx_ans_000066,2026-05-19T11:18:00+08:00,问卷星,质量维保型售后回访问卷,短信链接,质量维保型,21,问题复发闭环回访,质量维保复盘,华南,广东,深圳,深圳福田服务中心,移动服务,服务接待,2,6,负向,中,服务解释|沟通效率,同一个问题处理后又复发了，第二次到店还是没有彻底解决。主要集中在服务解释、沟通效率。这次我在深圳深圳福田服务中心，时间是周末傍晚，希望减少等待。我主要关注预约变更提醒。样本号 MOCK-0066。,已授权联系,否,false,wjx_user_0066,138****0066,粤B-MK066,LFAKE000000000066,222,PC,true,mock-after-sales-v1,2026-06-09,baseline_passed_pending_presidio
fb_mock_000067,wjx_ans_000067,2026-05-22T18:31:00+08:00,问卷星,质量维保型售后回访问卷,企微,质量维保型,21,春季保养回访,质量维保复盘,华北,北京,北京,北京亦庄服务中心,到店服务,服务质量,1,3,负向,高,交付体验|问题复发,配件等待时间比承诺久，期间没有主动同步进度。主要集中在交付体验、问题复发。这次我在北京北京亦庄服务中心，时间是节前高峰，希望后续有人回访。我主要关注费用和权益解释。样本号 MOCK-0067。,拒绝联系,否,false,wjx_user_0067,139****0067,京N-MK067,LFAKE000000000067,239,iOS,true,mock-after-sales-v1,2026-06-09,baseline_passed_pending_presidio
fb_mock_000068,wjx_ans_000068,2026-05-25T15:44:00+08:00,问卷星,质量维保型售后回访问卷,小程序,质量维保型,21,维修质量专项复盘,质量维保复盘,华中,湖北,武汉,武汉汉口服务中心,移动服务,服务发起,1,4,负向,高,服务等待|App预约,交付时没有说明故障原因和处理结果，我不清楚到底修了什么。主要集中在服务等待、App预约。这次我在武汉武汉汉口服务中心，时间是雨天到店，希望解释更直接。我主要关注问题复核安排。样本号 MOCK-0068。,拒绝联系,是,false,wjx_user_0068,136****0068,鄂A-DM0068,LFAKE000000000068,256,PC,true,mock-after-sales-v1,2026-06-09,baseline_passed_pending_presidio
fb_mock_000069,wjx_ans_000069,2026-05-28T12:57:00+08:00,问卷星,质量维保型售后回访问卷,服务顾问代录,质量维保型,21,问题复发闭环回访,质量维保复盘,华南,广东,深圳,深圳福田服务中心,到店服务,服务接待,1,3,负向,高,服务解释|沟通效率,同一个问题处理后又复发了，第二次到店还是没有彻底解决。主要集中在服务解释、沟通效率。这次我在深圳深圳福田服务中心，时间是下班后，希望线上状态更准确。我主要关注跨渠道信息一致性。样本号 MOCK-0069。,已授权联系,否,false,wjx_user_0069,135****0069,粤B-MK069,LFAKE000000000069,273,iOS,true,mock-after-sales-v1,2026-06-09,baseline_passed_pending_presidio
fb_mock_000070,wjx_ans_000070,2026-05-31T09:10:00+08:00,腾讯问卷,质量维保型售后回访问卷,App,质量维保型,21,春季保养回访,质量维保复盘,华北,北京,北京,北京亦庄服务中心,移动服务,服务质量,4,8,正向,高,交付体验|问题复发,保养完成后车辆状态正常，服务顾问把检查结果讲得很清楚。值得复用的点是交付体验。这次我在北京北京亦庄服务中心，时间是午休时段，希望提前同步进度。我主要关注首次响应。样本号 MOCK-0070。,未询问,是,true,wjx_user_0070,188****0070,京N-MK070,LFAKE000000000070,290,PC,true,mock-after-sales-v1,2026-06-09,baseline_passed_pending_presidio
fb_mock_000071,wjx_ans_000071,2026-06-03T16:23:00+08:00,腾讯问卷,质量维保型售后回访问卷,短信链接,质量维保型,21,维修质量专项复盘,质量维保复盘,华中,湖北,武汉,武汉汉口服务中心,到店服务,服务发起,4,8,正向,低,服务等待|App预约,上门检查准时到达，处理过程专业，结束后还说明了后续观察点。值得复用的点是服务等待。这次我在武汉武汉汉口服务中心，时间是活动结束后，希望结果更可追溯。我主要关注交付前说明。样本号 MOCK-0071。,拒绝联系,是,false,wjx_user_0071,177****0071,鄂A-MK071,LFAKE000000000071,67,iOS,true,mock-after-sales-v1,2026-06-09,baseline_passed_pending_presidio
fb_mock_000072,wjx_ans_000072,2026-06-06T13:36:00+08:00,腾讯问卷,质量维保型售后回访问卷,企微,质量维保型,21,问题复发闭环回访,质量维保复盘,华南,广东,深圳,深圳福田服务中心,移动服务,服务接待,5,10,正向,低,服务解释|沟通效率,维修项目解释清楚，交付时也提醒了后续保养注意事项，整体比较放心。值得复用的点是服务解释。这次我在深圳深圳福田服务中心，时间是工作日上午，希望服务口径一致。我主要关注线上状态同步。样本号 MOCK-0072。,拒绝联系,是,false,wjx_user_0072,138****0072,粤B-DM0072,LFAKE000000000072,84,PC,true,mock-after-sales-v1,2026-06-09,baseline_passed_pending_presidio
fb_mock_000073,wjx_ans_000073,2026-06-09T10:49:00+08:00,腾讯问卷,质量维保型售后回访问卷,小程序,质量维保型,21,春季保养回访,质量维保复盘,华北,北京,北京,北京亦庄服务中心,到店服务,服务质量,4,8,正向,低,交付体验|问题复发,保养完成后车辆状态正常，服务顾问把检查结果讲得很清楚。值得复用的点是交付体验。这次我在北京北京亦庄服务中心，时间是工作日下午，希望减少等待。我主要关注现场等待安排。样本号 MOCK-0073。,拒绝联系,是,false,wjx_user_0073,139****0073,京N-MK073,LFAKE000000000073,101,iOS,true,mock-after-sales-v1,2026-06-09,baseline_passed_pending_presidio
fb_mock_000074,wjx_ans_000074,2026-06-12T17:02:00+08:00,腾讯问卷,质量维保型售后回访问卷,服务顾问代录,质量维保型,21,维修质量专项复盘,质量维保复盘,华中,湖北,武汉,武汉汉口服务中心,移动服务,服务发起,4,8,正向,低,服务等待|App预约,上门检查准时到达，处理过程专业，结束后还说明了后续观察点。值得复用的点是服务等待。这次我在武汉武汉汉口服务中心，时间是周末上午，希望后续有人回访。我主要关注后续闭环动作。样本号 MOCK-0074。,拒绝联系,是,false,wjx_user_0074,136****0074,鄂A-MK074,LFAKE000000000074,118,PC,true,mock-after-sales-v1,2026-06-09,baseline_passed_pending_presidio
fb_mock_000075,wjx_ans_000075,2026-05-01T14:15:00+08:00,腾讯问卷,质量维保型售后回访问卷,App,质量维保型,21,问题复发闭环回访,质量维保复盘,华南,广东,深圳,深圳福田服务中心,到店服务,服务接待,5,9,正向,低,服务解释|沟通效率,维修项目解释清楚，交付时也提醒了后续保养注意事项，整体比较放心。值得复用的点是服务解释。这次我在深圳深圳福田服务中心，时间是周末傍晚，希望解释更直接。我主要关注服务顾问口径。样本号 MOCK-0075。,已授权联系,是,false,wjx_user_0075,135****0075,粤B-MK075,LFAKE000000000075,135,iOS,true,mock-after-sales-v1,2026-06-09,baseline_passed_pending_presidio
fb_mock_000076,wjx_ans_000076,2026-05-04T11:28:00+08:00,腾讯问卷,质量维保型售后回访问卷,短信链接,质量维保型,21,春季保养回访,质量维保复盘,华北,北京,北京,北京亦庄服务中心,移动服务,服务质量,3,8,中性,低,交付体验|问题复发,保养流程完成了，费用说明还算清楚，但等待配件的信息可以更及时。后续可继续观察交付体验。这次我在北京北京亦庄服务中心，时间是节前高峰，希望线上状态更准确。我主要关注预约变更提醒。样本号 MOCK-0076。,拒绝联系,是,false,wjx_user_0076,188****0076,京N-DM0076,LFAKE000000000076,152,PC,true,mock-after-sales-v1,2026-06-09,baseline_passed_pending_presidio
fb_mock_000077,wjx_ans_000077,2026-05-07T18:41:00+08:00,App内问卷,质量维保型售后回访问卷,企微,质量维保型,21,维修质量专项复盘,质量维保复盘,华中,湖北,武汉,武汉汉口服务中心,到店服务,服务发起,3,7,中性,低,服务等待|App预约,问题暂时解决，后续还要再观察是否复发。后续可继续观察服务等待。这次我在武汉武汉汉口服务中心，时间是雨天到店，希望提前同步进度。我主要关注费用和权益解释。样本号 MOCK-0077。,拒绝联系,是,false,wjx_user_0077,177****0077,鄂A-MK077,LFAKE000000000077,169,iOS,true,mock-after-sales-v1,2026-06-09,baseline_passed_pending_presidio
fb_mock_000078,wjx_ans_000078,2026-05-10T15:54:00+08:00,App内问卷,质量维保型售后回访问卷,小程序,质量维保型,21,问题复发闭环回访,质量维保复盘,华南,广东,深圳,深圳福田服务中心,移动服务,服务接待,3,8,中性,低,服务解释|沟通效率,维修结果基本可以，但希望交付前能更早同步预计完成时间。后续可继续观察服务解释。这次我在深圳深圳福田服务中心，时间是下班后，希望结果更可追溯。我主要关注问题复核安排。样本号 MOCK-0078。,拒绝联系,不确定,false,wjx_user_0078,138****0078,粤B-MK078,LFAKE000000000078,186,PC,true,mock-after-sales-v1,2026-06-09,baseline_passed_pending_presidio
fb_mock_000079,wjx_ans_000079,2026-05-13T12:07:00+08:00,短信链接,质量维保型售后回访问卷,服务顾问代录,质量维保型,21,春季保养回访,质量维保复盘,华北,北京,北京,北京亦庄服务中心,到店服务,服务质量,3,7,中性,低,交付体验|问题复发,保养流程完成了，费用说明还算清楚，但等待配件的信息可以更及时。后续可继续观察交付体验。这次我在北京北京亦庄服务中心，时间是午休时段，希望服务口径一致。我主要关注跨渠道信息一致性。样本号 MOCK-0079。,拒绝联系,是,false,wjx_user_0079,139****0079,京N-MK079,LFAKE000000000079,203,iOS,true,mock-after-sales-v1,2026-06-09,baseline_passed_pending_presidio
fb_mock_000080,wjx_ans_000080,2026-05-16T09:20:00+08:00,企微链接,质量维保型售后回访问卷,App,质量维保型,21,维修质量专项复盘,质量维保复盘,华中,湖北,武汉,武汉汉口服务中心,移动服务,服务发起,3,8,中性,高,服务等待|App预约,问题暂时解决，后续还要再观察是否复发。后续可继续观察服务等待。这次我在武汉武汉汉口服务中心，时间是活动结束后，希望减少等待。我主要关注首次响应。样本号 MOCK-0080。,已授权联系,是,true,wjx_user_0080,136****0080,鄂A-DM0080,LFAKE000000000080,220,PC,true,mock-after-sales-v1,2026-06-09,baseline_passed_pending_presidio
fb_mock_000081,wjx_ans_000081,2026-05-19T16:33:00+08:00,问卷星,质量维保型售后回访问卷,短信链接,质量维保型,21,问题复发闭环回访,质量维保复盘,华南,广东,深圳,深圳福田服务中心,到店服务,服务接待,2,5,负向,中,服务解释|沟通效率,同一个问题处理后又复发了，第二次到店还是没有彻底解决。主要集中在服务解释、沟通效率。这次我在深圳深圳福田服务中心，时间是工作日上午，希望后续有人回访。我主要关注交付前说明。样本号 MOCK-0081。,已授权联系,否,false,wjx_user_0081,135****0081,粤B-MK081,LFAKE000000000081,237,iOS,true,mock-after-sales-v1,2026-06-09,baseline_passed_pending_presidio
fb_mock_000082,wjx_ans_000082,2026-05-22T13:46:00+08:00,问卷星,质量维保型售后回访问卷,企微,质量维保型,21,春季保养回访,质量维保复盘,华北,北京,北京,北京亦庄服务中心,移动服务,服务质量,2,6,负向,中,交付体验|问题复发,配件等待时间比承诺久，期间没有主动同步进度。主要集中在交付体验、问题复发。这次我在北京北京亦庄服务中心，时间是工作日下午，希望解释更直接。我主要关注线上状态同步。样本号 MOCK-0082。,拒绝联系,否,false,wjx_user_0082,188****0082,京N-MK082,LFAKE000000000082,254,PC,true,mock-after-sales-v1,2026-06-09,baseline_passed_pending_presidio
fb_mock_000083,wjx_ans_000083,2026-05-25T10:59:00+08:00,问卷星,质量维保型售后回访问卷,小程序,质量维保型,21,维修质量专项复盘,质量维保复盘,华中,湖北,武汉,武汉汉口服务中心,到店服务,服务发起,2,5,负向,中,服务等待|App预约,交付时没有说明故障原因和处理结果，我不清楚到底修了什么。主要集中在服务等待、App预约。这次我在武汉武汉汉口服务中心，时间是周末上午，希望线上状态更准确。我主要关注现场等待安排。样本号 MOCK-0083。,拒绝联系,否,false,wjx_user_0083,177****0083,鄂A-MK083,LFAKE000000000083,271,iOS,true,mock-after-sales-v1,2026-06-09,baseline_passed_pending_presidio
fb_mock_000084,wjx_ans_000084,2026-05-28T17:12:00+08:00,问卷星,质量维保型售后回访问卷,服务顾问代录,质量维保型,21,问题复发闭环回访,质量维保复盘,华南,广东,深圳,深圳福田服务中心,移动服务,服务接待,2,6,负向,中,服务解释|沟通效率,同一个问题处理后又复发了，第二次到店还是没有彻底解决。主要集中在服务解释、沟通效率。这次我在深圳深圳福田服务中心，时间是周末傍晚，希望提前同步进度。我主要关注后续闭环动作。样本号 MOCK-0084。,已授权联系,是,false,wjx_user_0084,138****0084,粤B-DM0084,LFAKE000000000084,288,PC,true,mock-after-sales-v1,2026-06-09,baseline_passed_pending_presidio
fb_mock_000085,wjx_ans_000085,2026-05-31T14:25:00+08:00,问卷星,质量维保型售后回访问卷,App,质量维保型,21,春季保养回访,质量维保复盘,华北,北京,北京,北京亦庄服务中心,到店服务,服务质量,2,5,负向,中,交付体验|问题复发,配件等待时间比承诺久，期间没有主动同步进度。主要集中在交付体验、问题复发。这次我在北京北京亦庄服务中心，时间是节前高峰，希望结果更可追溯。我主要关注服务顾问口径。样本号 MOCK-0085。,未询问,否,false,wjx_user_0085,139****0085,京N-MK085,LFAKE000000000085,65,iOS,true,mock-after-sales-v1,2026-06-09,baseline_passed_pending_presidio
fb_mock_000086,wjx_ans_000086,2026-06-03T11:38:00+08:00,问卷星,质量维保型售后回访问卷,短信链接,质量维保型,21,维修质量专项复盘,质量维保复盘,华中,湖北,武汉,武汉汉口服务中心,移动服务,服务发起,2,6,负向,中,服务等待|App预约,交付时没有说明故障原因和处理结果，我不清楚到底修了什么。主要集中在服务等待、App预约。这次我在武汉武汉汉口服务中心，时间是雨天到店，希望服务口径一致。我主要关注预约变更提醒。样本号 MOCK-0086。,拒绝联系,否,false,wjx_user_0086,136****0086,鄂A-MK086,LFAKE000000000086,82,PC,true,mock-after-sales-v1,2026-06-09,baseline_passed_pending_presidio
fb_mock_000087,wjx_ans_000087,2026-06-06T18:51:00+08:00,问卷星,质量维保型售后回访问卷,企微,质量维保型,21,问题复发闭环回访,质量维保复盘,华南,广东,深圳,深圳福田服务中心,到店服务,服务接待,1,3,负向,高,服务解释|沟通效率,同一个问题处理后又复发了，第二次到店还是没有彻底解决。主要集中在服务解释、沟通效率。这次我在深圳深圳福田服务中心，时间是下班后，希望减少等待。我主要关注费用和权益解释。样本号 MOCK-0087。,已授权联系,否,false,wjx_user_0087,135****0087,粤B-MK087,LFAKE000000000087,99,iOS,true,mock-after-sales-v1,2026-06-09,baseline_passed_pending_presidio
fb_mock_000088,wjx_ans_000088,2026-06-09T15:04:00+08:00,问卷星,质量维保型售后回访问卷,小程序,质量维保型,21,春季保养回访,质量维保复盘,华北,北京,北京,北京亦庄服务中心,移动服务,服务质量,1,4,负向,高,交付体验|问题复发,配件等待时间比承诺久，期间没有主动同步进度。主要集中在交付体验、问题复发。这次我在北京北京亦庄服务中心，时间是午休时段，希望后续有人回访。我主要关注问题复核安排。样本号 MOCK-0088。,拒绝联系,是,false,wjx_user_0088,188****0088,京N-DM0088,LFAKE000000000088,116,PC,true,mock-after-sales-v1,2026-06-09,baseline_passed_pending_presidio
fb_mock_000089,wjx_ans_000089,2026-06-12T12:17:00+08:00,问卷星,质量维保型售后回访问卷,服务顾问代录,质量维保型,21,维修质量专项复盘,质量维保复盘,华中,湖北,武汉,武汉汉口服务中心,到店服务,服务发起,1,3,负向,高,服务等待|App预约,交付时没有说明故障原因和处理结果，我不清楚到底修了什么。主要集中在服务等待、App预约。这次我在武汉武汉汉口服务中心，时间是活动结束后，希望解释更直接。我主要关注跨渠道信息一致性。样本号 MOCK-0089。,拒绝联系,否,false,wjx_user_0089,177****0089,鄂A-MK089,LFAKE000000000089,133,iOS,true,mock-after-sales-v1,2026-06-09,baseline_passed_pending_presidio
fb_mock_000090,wjx_ans_000090,2026-05-01T09:30:00+08:00,腾讯问卷,质量维保型售后回访问卷,App,质量维保型,21,问题复发闭环回访,质量维保复盘,华南,广东,深圳,深圳福田服务中心,移动服务,服务接待,5,10,正向,高,服务解释|沟通效率,维修项目解释清楚，交付时也提醒了后续保养注意事项，整体比较放心。值得复用的点是服务解释。这次我在深圳深圳福田服务中心，时间是工作日上午，希望线上状态更准确。我主要关注首次响应。样本号 MOCK-0090。,已授权联系,是,true,wjx_user_0090,138****0090,粤B-MK090,LFAKE000000000090,150,PC,true,mock-after-sales-v1,2026-06-09,baseline_passed_pending_presidio
fb_mock_000091,wjx_ans_000091,2026-05-04T16:43:00+08:00,腾讯问卷,质量维保型售后回访问卷,短信链接,质量维保型,21,春季保养回访,质量维保复盘,华北,北京,北京,北京亦庄服务中心,到店服务,服务质量,4,8,正向,低,交付体验|问题复发,保养完成后车辆状态正常，服务顾问把检查结果讲得很清楚。值得复用的点是交付体验。这次我在北京北京亦庄服务中心，时间是工作日下午，希望提前同步进度。我主要关注交付前说明。样本号 MOCK-0091。,拒绝联系,是,false,wjx_user_0091,139****0091,京N-MK091,LFAKE000000000091,167,iOS,true,mock-after-sales-v1,2026-06-09,baseline_passed_pending_presidio
fb_mock_000092,wjx_ans_000092,2026-05-07T13:56:00+08:00,腾讯问卷,质量维保型售后回访问卷,企微,质量维保型,21,维修质量专项复盘,质量维保复盘,华中,湖北,武汉,武汉汉口服务中心,移动服务,服务发起,4,8,正向,低,服务等待|App预约,上门检查准时到达，处理过程专业，结束后还说明了后续观察点。值得复用的点是服务等待。这次我在武汉武汉汉口服务中心，时间是周末上午，希望结果更可追溯。我主要关注线上状态同步。样本号 MOCK-0092。,拒绝联系,是,false,wjx_user_0092,136****0092,鄂A-DM0092,LFAKE000000000092,184,PC,true,mock-after-sales-v1,2026-06-09,baseline_passed_pending_presidio
fb_mock_000093,wjx_ans_000093,2026-05-10T10:09:00+08:00,腾讯问卷,质量维保型售后回访问卷,小程序,质量维保型,21,问题复发闭环回访,质量维保复盘,华南,广东,深圳,深圳福田服务中心,到店服务,服务接待,5,9,正向,低,服务解释|沟通效率,维修项目解释清楚，交付时也提醒了后续保养注意事项，整体比较放心。值得复用的点是服务解释。这次我在深圳深圳福田服务中心，时间是周末傍晚，希望服务口径一致。我主要关注现场等待安排。样本号 MOCK-0093。,拒绝联系,是,false,wjx_user_0093,135****0093,粤B-MK093,LFAKE000000000093,201,iOS,true,mock-after-sales-v1,2026-06-09,baseline_passed_pending_presidio
fb_mock_000094,wjx_ans_000094,2026-05-13T17:22:00+08:00,腾讯问卷,质量维保型售后回访问卷,服务顾问代录,质量维保型,21,春季保养回访,质量维保复盘,华北,北京,北京,北京亦庄服务中心,移动服务,服务质量,4,8,正向,低,交付体验|问题复发,保养完成后车辆状态正常，服务顾问把检查结果讲得很清楚。值得复用的点是交付体验。这次我在北京北京亦庄服务中心，时间是节前高峰，希望减少等待。我主要关注后续闭环动作。样本号 MOCK-0094。,拒绝联系,是,false,wjx_user_0094,188****0094,京N-MK094,LFAKE000000000094,218,PC,true,mock-after-sales-v1,2026-06-09,baseline_passed_pending_presidio
fb_mock_000095,wjx_ans_000095,2026-05-16T14:35:00+08:00,腾讯问卷,质量维保型售后回访问卷,App,质量维保型,21,维修质量专项复盘,质量维保复盘,华中,湖北,武汉,武汉汉口服务中心,到店服务,服务发起,4,8,正向,低,服务等待|App预约,上门检查准时到达，处理过程专业，结束后还说明了后续观察点。值得复用的点是服务等待。这次我在武汉武汉汉口服务中心，时间是雨天到店，希望后续有人回访。我主要关注服务顾问口径。样本号 MOCK-0095。,未询问,是,false,wjx_user_0095,177****0095,鄂A-MK095,LFAKE000000000095,235,iOS,true,mock-after-sales-v1,2026-06-09,baseline_passed_pending_presidio
fb_mock_000096,wjx_ans_000096,2026-05-19T11:48:00+08:00,腾讯问卷,质量维保型售后回访问卷,短信链接,质量维保型,21,问题复发闭环回访,质量维保复盘,华南,广东,深圳,深圳福田服务中心,移动服务,服务接待,3,8,中性,低,服务解释|沟通效率,维修结果基本可以，但希望交付前能更早同步预计完成时间。后续可继续观察服务解释。这次我在深圳深圳福田服务中心，时间是下班后，希望解释更直接。我主要关注预约变更提醒。样本号 MOCK-0096。,已授权联系,不确定,false,wjx_user_0096,138****0096,粤B-DM0096,LFAKE000000000096,252,PC,true,mock-after-sales-v1,2026-06-09,baseline_passed_pending_presidio
fb_mock_000097,wjx_ans_000097,2026-05-22T18:01:00+08:00,App内问卷,质量维保型售后回访问卷,企微,质量维保型,21,春季保养回访,质量维保复盘,华北,北京,北京,北京亦庄服务中心,到店服务,服务质量,3,7,中性,低,交付体验|问题复发,保养流程完成了，费用说明还算清楚，但等待配件的信息可以更及时。后续可继续观察交付体验。这次我在北京北京亦庄服务中心，时间是午休时段，希望线上状态更准确。我主要关注费用和权益解释。样本号 MOCK-0097。,拒绝联系,是,false,wjx_user_0097,139****0097,京N-MK097,LFAKE000000000097,269,iOS,true,mock-after-sales-v1,2026-06-09,baseline_passed_pending_presidio
fb_mock_000098,wjx_ans_000098,2026-05-25T15:14:00+08:00,App内问卷,质量维保型售后回访问卷,小程序,质量维保型,21,维修质量专项复盘,质量维保复盘,华中,湖北,武汉,武汉汉口服务中心,移动服务,服务发起,3,8,中性,低,服务等待|App预约,问题暂时解决，后续还要再观察是否复发。后续可继续观察服务等待。这次我在武汉武汉汉口服务中心，时间是活动结束后，希望提前同步进度。我主要关注问题复核安排。样本号 MOCK-0098。,拒绝联系,是,false,wjx_user_0098,136****0098,鄂A-MK098,LFAKE000000000098,286,PC,true,mock-after-sales-v1,2026-06-09,baseline_passed_pending_presidio
fb_mock_000099,wjx_ans_000099,2026-05-28T12:27:00+08:00,短信链接,质量维保型售后回访问卷,服务顾问代录,质量维保型,21,问题复发闭环回访,质量维保复盘,华南,广东,深圳,深圳福田服务中心,到店服务,服务接待,3,7,中性,低,服务解释|沟通效率,维修结果基本可以，但希望交付前能更早同步预计完成时间。后续可继续观察服务解释。这次我在深圳深圳福田服务中心，时间是工作日上午，希望结果更可追溯。我主要关注跨渠道信息一致性。样本号 MOCK-0099。,拒绝联系,不确定,false,wjx_user_0099,135****0099,粤B-MK099,LFAKE000000000099,63,iOS,true,mock-after-sales-v1,2026-06-09,baseline_passed_pending_presidio
fb_mock_000100,wjx_ans_000100,2026-05-31T09:40:00+08:00,企微链接,质量维保型售后回访问卷,App,质量维保型,21,春季保养回访,质量维保复盘,华北,北京,北京,北京亦庄服务中心,移动服务,服务质量,3,8,中性,高,交付体验|问题复发,保养流程完成了，费用说明还算清楚，但等待配件的信息可以更及时。后续可继续观察交付体验。这次我在北京北京亦庄服务中心，时间是工作日下午，希望服务口径一致。我主要关注首次响应。样本号 MOCK-0100。,未询问,是,true,wjx_user_0100,188****0100,京N-DM0100,LFAKE000000000100,80,PC,true,mock-after-sales-v1,2026-06-09,baseline_passed_pending_presidio
fb_mock_000101,txwj_ans_000101,2026-06-03T16:53:00+08:00,问卷星,满意度与NPS售后回访问卷,企微,满意度/NPS型,19,月度满意度回访,满意度追踪,西北,陕西,西安,西安曲江服务中心,移动服务,服务接待,2,5,负向,中,服务态度|服务解释,服务中心回复慢，问题没有一次讲明白，我不太愿意推荐。主要集中在服务态度、服务解释。这次我在西安西安曲江服务中心，时间是周末上午，希望减少等待。我主要关注交付前说明。样本号 MOCK-0101。,拒绝联系,否,false,txwj_user_0101,177****0101,陕A-MK101,LFAKE000000000101,97,iOS,true,mock-after-sales-v1,2026-06-09,baseline_passed_pending_presidio
fb_mock_000102,txwj_ans_000102,2026-06-06T13:06:00+08:00,问卷星,满意度与NPS售后回访问卷,小程序,满意度/NPS型,19,区域服务体验追踪,满意度追踪,华东,上海,上海,上海浦东服务中心,补能体验,补能体验,2,6,负向,中,充电排队|费用理解,这次体验低于预期，等待时间长，问题解释也不够清楚。主要集中在充电排队、费用理解。这次我在上海上海浦东服务中心，时间是周末傍晚，希望后续有人回访。我主要关注线上状态同步。样本号 MOCK-0102。,已授权联系,否,false,txwj_user_0102,138****0102,沪A-MK102,LFAKE000000000102,114,PC,true,mock-after-sales-v1,2026-06-09,baseline_passed_pending_presidio
fb_mock_000103,txwj_ans_000103,2026-06-09T10:19:00+08:00,问卷星,满意度与NPS售后回访问卷,服务顾问代录,满意度/NPS型,19,服务口碑NPS复盘,满意度追踪,华北,山东,青岛,青岛市北服务中心,App/OTA,用户运营,2,5,负向,中,权益感知|社群反馈,推荐意愿不高，主要因为服务结果和沟通都没有让我放心。主要集中在权益感知、社群反馈。这次我在青岛青岛市北服务中心，时间是节前高峰，希望解释更直接。我主要关注现场等待安排。样本号 MOCK-0103。,拒绝联系,否,false,txwj_user_0103,139****0103,鲁B-MK103,LFAKE000000000103,131,iOS,true,mock-after-sales-v1,2026-06-09,baseline_passed_pending_presidio
fb_mock_000104,txwj_ans_000104,2026-06-12T17:32:00+08:00,问卷星,满意度与NPS售后回访问卷,App,满意度/NPS型,19,月度满意度回访,满意度追踪,西北,陕西,西安,西安曲江服务中心,活动/社群,服务接待,2,6,负向,中,服务态度|服务解释,服务中心回复慢，问题没有一次讲明白，我不太愿意推荐。主要集中在服务态度、服务解释。这次我在西安西安曲江服务中心，时间是雨天到店，希望线上状态更准确。我主要关注后续闭环动作。样本号 MOCK-0104。,拒绝联系,是,false,txwj_user_0104,136****0104,陕A-DM0104,LFAKE000000000104,148,PC,true,mock-after-sales-v1,2026-06-09,baseline_passed_pending_presidio
fb_mock_000105,txwj_ans_000105,2026-05-01T14:45:00+08:00,问卷星,满意度与NPS售后回访问卷,短信链接,满意度/NPS型,19,区域服务体验追踪,满意度追踪,华东,上海,上海,上海浦东服务中心,到店服务,补能体验,2,5,负向,中,充电排队|费用理解,这次体验低于预期，等待时间长，问题解释也不够清楚。主要集中在充电排队、费用理解。这次我在上海上海浦东服务中心，时间是下班后，希望提前同步进度。我主要关注服务顾问口径。样本号 MOCK-0105。,已授权联系,否,false,txwj_user_0105,135****0105,沪A-MK105,LFAKE000000000105,165,iOS,true,mock-after-sales-v1,2026-06-09,baseline_passed_pending_presidio
fb_mock_000106,txwj_ans_000106,2026-05-04T11:58:00+08:00,问卷星,满意度与NPS售后回访问卷,企微,满意度/NPS型,19,服务口碑NPS复盘,满意度追踪,华北,山东,青岛,青岛市北服务中心,移动服务,用户运营,2,6,负向,中,权益感知|社群反馈,推荐意愿不高，主要因为服务结果和沟通都没有让我放心。主要集中在权益感知、社群反馈。这次我在青岛青岛市北服务中心，时间是午休时段，希望结果更可追溯。我主要关注预约变更提醒。样本号 MOCK-0106。,拒绝联系,否,false,txwj_user_0106,188****0106,鲁B-MK106,LFAKE000000000106,182,PC,true,mock-after-sales-v1,2026-06-09,baseline_passed_pending_presidio
fb_mock_000107,txwj_ans_000107,2026-05-07T18:11:00+08:00,问卷星,满意度与NPS售后回访问卷,小程序,满意度/NPS型,19,月度满意度回访,满意度追踪,西北,陕西,西安,西安曲江服务中心,补能体验,服务接待,1,3,负向,高,服务态度|服务解释,服务中心回复慢，问题没有一次讲明白，我不太愿意推荐。主要集中在服务态度、服务解释。这次我在西安西安曲江服务中心，时间是活动结束后，希望服务口径一致。我主要关注费用和权益解释。样本号 MOCK-0107。,拒绝联系,否,false,txwj_user_0107,177****0107,陕A-MK107,LFAKE000000000107,199,iOS,true,mock-after-sales-v1,2026-06-09,baseline_passed_pending_presidio
fb_mock_000108,txwj_ans_000108,2026-05-10T15:24:00+08:00,问卷星,满意度与NPS售后回访问卷,服务顾问代录,满意度/NPS型,19,区域服务体验追踪,满意度追踪,华东,上海,上海,上海浦东服务中心,App/OTA,补能体验,1,4,负向,高,充电排队|费用理解,这次体验低于预期，等待时间长，问题解释也不够清楚。主要集中在充电排队、费用理解。这次我在上海上海浦东服务中心，时间是工作日上午，希望减少等待。我主要关注问题复核安排。样本号 MOCK-0108。,已授权联系,是,false,txwj_user_0108,138****0108,沪A-DM0108,LFAKE000000000108,216,PC,true,mock-after-sales-v1,2026-06-09,baseline_passed_pending_presidio
fb_mock_000109,txwj_ans_000109,2026-05-13T12:37:00+08:00,问卷星,满意度与NPS售后回访问卷,App,满意度/NPS型,19,服务口碑NPS复盘,满意度追踪,华北,山东,青岛,青岛市北服务中心,活动/社群,用户运营,1,3,负向,高,权益感知|社群反馈,推荐意愿不高，主要因为服务结果和沟通都没有让我放心。主要集中在权益感知、社群反馈。这次我在青岛青岛市北服务中心，时间是工作日下午，希望后续有人回访。我主要关注跨渠道信息一致性。样本号 MOCK-0109。,拒绝联系,否,false,txwj_user_0109,139****0109,鲁B-MK109,LFAKE000000000109,233,iOS,true,mock-after-sales-v1,2026-06-09,baseline_passed_pending_presidio
fb_mock_000110,txwj_ans_000110,2026-05-16T09:50:00+08:00,腾讯问卷,满意度与NPS售后回访问卷,短信链接,满意度/NPS型,19,月度满意度回访,满意度追踪,西北,陕西,西安,西安曲江服务中心,到店服务,服务接待,4,8,正向,高,服务态度|服务解释,这次从预约到交付都比较顺，工作人员态度也很好。值得复用的点是服务态度。这次我在西安西安曲江服务中心，时间是周末上午，希望解释更直接。我主要关注首次响应。样本号 MOCK-0110。,未询问,是,true,txwj_user_0110,136****0110,陕A-MK110,LFAKE000000000110,250,PC,true,mock-after-sales-v1,2026-06-09,baseline_passed_pending_presidio
fb_mock_000111,txwj_ans_000111,2026-05-19T16:03:00+08:00,腾讯问卷,满意度与NPS售后回访问卷,企微,满意度/NPS型,19,区域服务体验追踪,满意度追踪,华东,上海,上海,上海浦东服务中心,移动服务,补能体验,5,9,正向,低,充电排队|费用理解,整体体验比上次好，接待主动，问题解释清楚，所以愿意推荐。值得复用的点是充电排队。这次我在上海上海浦东服务中心，时间是周末傍晚，希望线上状态更准确。我主要关注交付前说明。样本号 MOCK-0111。,拒绝联系,是,false,txwj_user_0111,135****0111,沪A-MK111,LFAKE000000000111,267,iOS,true,mock-after-sales-v1,2026-06-09,baseline_passed_pending_presidio
fb_mock_000112,txwj_ans_000112,2026-05-22T13:16:00+08:00,腾讯问卷,满意度与NPS售后回访问卷,小程序,满意度/NPS型,19,服务口碑NPS复盘,满意度追踪,华北,山东,青岛,青岛市北服务中心,补能体验,用户运营,4,8,正向,低,权益感知|社群反馈,服务中心响应很快，过程透明，最后结果也符合预期。值得复用的点是权益感知。这次我在青岛青岛市北服务中心，时间是节前高峰，希望提前同步进度。我主要关注线上状态同步。样本号 MOCK-0112。,拒绝联系,是,false,txwj_user_0112,188****0112,鲁B-DM0112,LFAKE000000000112,284,PC,true,mock-after-sales-v1,2026-06-09,baseline_passed_pending_presidio
fb_mock_000113,txwj_ans_000113,2026-05-25T10:29:00+08:00,腾讯问卷,满意度与NPS售后回访问卷,服务顾问代录,满意度/NPS型,19,月度满意度回访,满意度追踪,西北,陕西,西安,西安曲江服务中心,App/OTA,服务接待,4,8,正向,低,服务态度|服务解释,这次从预约到交付都比较顺，工作人员态度也很好。值得复用的点是服务态度。这次我在西安西安曲江服务中心，时间是雨天到店，希望结果更可追溯。我主要关注现场等待安排。样本号 MOCK-0113。,拒绝联系,是,false,txwj_user_0113,177****0113,陕A-MK113,LFAKE000000000113,61,iOS,true,mock-after-sales-v1,2026-06-09,baseline_passed_pending_presidio
fb_mock_000114,txwj_ans_000114,2026-05-28T17:42:00+08:00,腾讯问卷,满意度与NPS售后回访问卷,App,满意度/NPS型,19,区域服务体验追踪,满意度追踪,华东,上海,上海,上海浦东服务中心,活动/社群,补能体验,5,10,正向,低,充电排队|费用理解,整体体验比上次好，接待主动，问题解释清楚，所以愿意推荐。值得复用的点是充电排队。这次我在上海上海浦东服务中心，时间是下班后，希望服务口径一致。我主要关注后续闭环动作。样本号 MOCK-0114。,拒绝联系,是,false,txwj_user_0114,138****0114,沪A-MK114,LFAKE000000000114,78,PC,true,mock-after-sales-v1,2026-06-09,baseline_passed_pending_presidio
fb_mock_000115,txwj_ans_000115,2026-05-31T14:55:00+08:00,腾讯问卷,满意度与NPS售后回访问卷,短信链接,满意度/NPS型,19,服务口碑NPS复盘,满意度追踪,华北,山东,青岛,青岛市北服务中心,到店服务,用户运营,4,8,正向,低,权益感知|社群反馈,服务中心响应很快，过程透明，最后结果也符合预期。值得复用的点是权益感知。这次我在青岛青岛市北服务中心，时间是午休时段，希望减少等待。我主要关注服务顾问口径。样本号 MOCK-0115。,未询问,是,false,txwj_user_0115,139****0115,鲁B-MK115,LFAKE000000000115,95,iOS,true,mock-after-sales-v1,2026-06-09,baseline_passed_pending_presidio
fb_mock_000116,txwj_ans_000116,2026-06-03T11:08:00+08:00,腾讯问卷,满意度与NPS售后回访问卷,企微,满意度/NPS型,19,月度满意度回访,满意度追踪,西北,陕西,西安,西安曲江服务中心,移动服务,服务接待,3,8,中性,低,服务态度|服务解释,满意度中等，主要是沟通效率还有提升空间。后续可继续观察服务态度。这次我在西安西安曲江服务中心，时间是活动结束后，希望后续有人回访。我主要关注预约变更提醒。样本号 MOCK-0116。,拒绝联系,是,false,txwj_user_0116,136****0116,陕A-DM0116,LFAKE000000000116,112,PC,true,mock-after-sales-v1,2026-06-09,baseline_passed_pending_presidio
fb_mock_000117,txwj_ans_000117,2026-06-06T18:21:00+08:00,App内问卷,满意度与NPS售后回访问卷,小程序,满意度/NPS型,19,区域服务体验追踪,满意度追踪,华东,上海,上海,上海浦东服务中心,补能体验,补能体验,3,7,中性,低,充电排队|费用理解,整体还可以，但有些流程提醒不够清楚，所以推荐意愿一般。后续可继续观察充电排队。这次我在上海上海浦东服务中心，时间是工作日上午，希望解释更直接。我主要关注费用和权益解释。样本号 MOCK-0117。,拒绝联系,不确定,false,txwj_user_0117,135****0117,沪A-MK117,LFAKE000000000117,129,iOS,true,mock-after-sales-v1,2026-06-09,baseline_passed_pending_presidio
fb_mock_000118,txwj_ans_000118,2026-06-09T15:34:00+08:00,App内问卷,满意度与NPS售后回访问卷,服务顾问代录,满意度/NPS型,19,服务口碑NPS复盘,满意度追踪,华北,山东,青岛,青岛市北服务中心,App/OTA,用户运营,3,8,中性,低,权益感知|社群反馈,服务结果没问题，等待时间略长，体验没有明显惊喜。后续可继续观察权益感知。这次我在青岛青岛市北服务中心，时间是工作日下午，希望线上状态更准确。我主要关注问题复核安排。样本号 MOCK-0118。,拒绝联系,是,false,txwj_user_0118,188****0118,鲁B-MK118,LFAKE000000000118,146,PC,true,mock-after-sales-v1,2026-06-09,baseline_passed_pending_presidio
fb_mock_000119,txwj_ans_000119,2026-06-12T12:47:00+08:00,短信链接,满意度与NPS售后回访问卷,App,满意度/NPS型,19,月度满意度回访,满意度追踪,西北,陕西,西安,西安曲江服务中心,活动/社群,服务接待,3,7,中性,低,服务态度|服务解释,满意度中等，主要是沟通效率还有提升空间。后续可继续观察服务态度。这次我在西安西安曲江服务中心，时间是周末上午，希望提前同步进度。我主要关注跨渠道信息一致性。样本号 MOCK-0119。,拒绝联系,是,false,txwj_user_0119,177****0119,陕A-MK119,LFAKE000000000119,163,iOS,true,mock-after-sales-v1,2026-06-09,baseline_passed_pending_presidio
fb_mock_000120,txwj_ans_000120,2026-05-01T09:00:00+08:00,企微链接,满意度与NPS售后回访问卷,短信链接,满意度/NPS型,19,区域服务体验追踪,满意度追踪,华东,上海,上海,上海浦东服务中心,到店服务,补能体验,3,8,中性,高,充电排队|费用理解,整体还可以，但有些流程提醒不够清楚，所以推荐意愿一般。后续可继续观察充电排队。这次我在上海上海浦东服务中心，时间是周末傍晚，希望结果更可追溯。我主要关注首次响应。样本号 MOCK-0120。,已授权联系,不确定,true,txwj_user_0120,138****0120,沪A-DM0120,LFAKE000000000120,180,PC,true,mock-after-sales-v1,2026-06-09,baseline_passed_pending_presidio
fb_mock_000121,txwj_ans_000121,2026-05-04T16:13:00+08:00,问卷星,满意度与NPS售后回访问卷,企微,满意度/NPS型,19,服务口碑NPS复盘,满意度追踪,华北,山东,青岛,青岛市北服务中心,移动服务,用户运营,2,5,负向,中,权益感知|社群反馈,推荐意愿不高，主要因为服务结果和沟通都没有让我放心。主要集中在权益感知、社群反馈。这次我在青岛青岛市北服务中心，时间是节前高峰，希望服务口径一致。我主要关注交付前说明。样本号 MOCK-0121。,拒绝联系,否,false,txwj_user_0121,139****0121,鲁B-MK121,LFAKE000000000121,197,iOS,true,mock-after-sales-v1,2026-06-09,baseline_passed_pending_presidio
fb_mock_000122,txwj_ans_000122,2026-05-07T13:26:00+08:00,问卷星,满意度与NPS售后回访问卷,小程序,满意度/NPS型,19,月度满意度回访,满意度追踪,西北,陕西,西安,西安曲江服务中心,补能体验,服务接待,2,6,负向,中,服务态度|服务解释,服务中心回复慢，问题没有一次讲明白，我不太愿意推荐。主要集中在服务态度、服务解释。这次我在西安西安曲江服务中心，时间是雨天到店，希望减少等待。我主要关注线上状态同步。样本号 MOCK-0122。,拒绝联系,否,false,txwj_user_0122,136****0122,陕A-MK122,LFAKE000000000122,214,PC,true,mock-after-sales-v1,2026-06-09,baseline_passed_pending_presidio
fb_mock_000123,txwj_ans_000123,2026-05-10T10:39:00+08:00,问卷星,满意度与NPS售后回访问卷,服务顾问代录,满意度/NPS型,19,区域服务体验追踪,满意度追踪,华东,上海,上海,上海浦东服务中心,App/OTA,补能体验,2,5,负向,中,充电排队|费用理解,这次体验低于预期，等待时间长，问题解释也不够清楚。主要集中在充电排队、费用理解。这次我在上海上海浦东服务中心，时间是下班后，希望后续有人回访。我主要关注现场等待安排。样本号 MOCK-0123。,已授权联系,否,false,txwj_user_0123,135****0123,沪A-MK123,LFAKE000000000123,231,iOS,true,mock-after-sales-v1,2026-06-09,baseline_passed_pending_presidio
fb_mock_000124,txwj_ans_000124,2026-05-13T17:52:00+08:00,问卷星,满意度与NPS售后回访问卷,App,满意度/NPS型,19,服务口碑NPS复盘,满意度追踪,华北,山东,青岛,青岛市北服务中心,活动/社群,用户运营,2,6,负向,中,权益感知|社群反馈,推荐意愿不高，主要因为服务结果和沟通都没有让我放心。主要集中在权益感知、社群反馈。这次我在青岛青岛市北服务中心，时间是午休时段，希望解释更直接。我主要关注后续闭环动作。样本号 MOCK-0124。,拒绝联系,是,false,txwj_user_0124,188****0124,鲁B-DM0124,LFAKE000000000124,248,PC,true,mock-after-sales-v1,2026-06-09,baseline_passed_pending_presidio
fb_mock_000125,txwj_ans_000125,2026-05-16T14:05:00+08:00,问卷星,满意度与NPS售后回访问卷,短信链接,满意度/NPS型,19,月度满意度回访,满意度追踪,西北,陕西,西安,西安曲江服务中心,到店服务,服务接待,2,5,负向,中,服务态度|服务解释,服务中心回复慢，问题没有一次讲明白，我不太愿意推荐。主要集中在服务态度、服务解释。这次我在西安西安曲江服务中心，时间是活动结束后，希望线上状态更准确。我主要关注服务顾问口径。样本号 MOCK-0125。,未询问,否,false,txwj_user_0125,177****0125,陕A-MK125,LFAKE000000000125,265,iOS,true,mock-after-sales-v1,2026-06-09,baseline_passed_pending_presidio
fb_mock_000126,txwj_ans_000126,2026-05-19T11:18:00+08:00,问卷星,满意度与NPS售后回访问卷,企微,满意度/NPS型,19,区域服务体验追踪,满意度追踪,华东,上海,上海,上海浦东服务中心,移动服务,补能体验,2,6,负向,中,充电排队|费用理解,这次体验低于预期，等待时间长，问题解释也不够清楚。主要集中在充电排队、费用理解。这次我在上海上海浦东服务中心，时间是工作日上午，希望提前同步进度。我主要关注预约变更提醒。样本号 MOCK-0126。,已授权联系,否,false,txwj_user_0126,138****0126,沪A-MK126,LFAKE000000000126,282,PC,true,mock-after-sales-v1,2026-06-09,baseline_passed_pending_presidio
fb_mock_000127,txwj_ans_000127,2026-05-22T18:31:00+08:00,问卷星,满意度与NPS售后回访问卷,小程序,满意度/NPS型,19,服务口碑NPS复盘,满意度追踪,华北,山东,青岛,青岛市北服务中心,补能体验,用户运营,1,3,负向,高,权益感知|社群反馈,推荐意愿不高，主要因为服务结果和沟通都没有让我放心。主要集中在权益感知、社群反馈。这次我在青岛青岛市北服务中心，时间是工作日下午，希望结果更可追溯。我主要关注费用和权益解释。样本号 MOCK-0127。,拒绝联系,否,false,txwj_user_0127,139****0127,鲁B-MK127,LFAKE000000000127,299,iOS,true,mock-after-sales-v1,2026-06-09,baseline_passed_pending_presidio
fb_mock_000128,txwj_ans_000128,2026-05-25T15:44:00+08:00,问卷星,满意度与NPS售后回访问卷,服务顾问代录,满意度/NPS型,19,月度满意度回访,满意度追踪,西北,陕西,西安,西安曲江服务中心,App/OTA,服务接待,1,4,负向,高,服务态度|服务解释,服务中心回复慢，问题没有一次讲明白，我不太愿意推荐。主要集中在服务态度、服务解释。这次我在西安西安曲江服务中心，时间是周末上午，希望服务口径一致。我主要关注问题复核安排。样本号 MOCK-0128。,拒绝联系,是,false,txwj_user_0128,136****0128,陕A-DM0128,LFAKE000000000128,76,PC,true,mock-after-sales-v1,2026-06-09,baseline_passed_pending_presidio
fb_mock_000129,txwj_ans_000129,2026-05-28T12:57:00+08:00,问卷星,满意度与NPS售后回访问卷,App,满意度/NPS型,19,区域服务体验追踪,满意度追踪,华东,上海,上海,上海浦东服务中心,活动/社群,补能体验,1,3,负向,高,充电排队|费用理解,这次体验低于预期，等待时间长，问题解释也不够清楚。主要集中在充电排队、费用理解。这次我在上海上海浦东服务中心，时间是周末傍晚，希望减少等待。我主要关注跨渠道信息一致性。样本号 MOCK-0129。,已授权联系,否,false,txwj_user_0129,135****0129,沪A-MK129,LFAKE000000000129,93,iOS,true,mock-after-sales-v1,2026-06-09,baseline_passed_pending_presidio
fb_mock_000130,txwj_ans_000130,2026-05-31T09:10:00+08:00,腾讯问卷,满意度与NPS售后回访问卷,短信链接,满意度/NPS型,19,服务口碑NPS复盘,满意度追踪,华北,山东,青岛,青岛市北服务中心,到店服务,用户运营,4,8,正向,高,权益感知|社群反馈,服务中心响应很快，过程透明，最后结果也符合预期。值得复用的点是权益感知。这次我在青岛青岛市北服务中心，时间是节前高峰，希望后续有人回访。我主要关注首次响应。样本号 MOCK-0130。,未询问,是,true,txwj_user_0130,188****0130,鲁B-MK130,LFAKE000000000130,110,PC,true,mock-after-sales-v1,2026-06-09,baseline_passed_pending_presidio
fb_mock_000131,txwj_ans_000131,2026-06-03T16:23:00+08:00,腾讯问卷,满意度与NPS售后回访问卷,企微,满意度/NPS型,19,月度满意度回访,满意度追踪,西北,陕西,西安,西安曲江服务中心,移动服务,服务接待,4,8,正向,低,服务态度|服务解释,这次从预约到交付都比较顺，工作人员态度也很好。值得复用的点是服务态度。这次我在西安西安曲江服务中心，时间是雨天到店，希望解释更直接。我主要关注交付前说明。样本号 MOCK-0131。,拒绝联系,是,false,txwj_user_0131,177****0131,陕A-MK131,LFAKE000000000131,127,iOS,true,mock-after-sales-v1,2026-06-09,baseline_passed_pending_presidio
fb_mock_000132,txwj_ans_000132,2026-06-06T13:36:00+08:00,腾讯问卷,满意度与NPS售后回访问卷,小程序,满意度/NPS型,19,区域服务体验追踪,满意度追踪,华东,上海,上海,上海浦东服务中心,补能体验,补能体验,5,10,正向,低,充电排队|费用理解,整体体验比上次好，接待主动，问题解释清楚，所以愿意推荐。值得复用的点是充电排队。这次我在上海上海浦东服务中心，时间是下班后，希望线上状态更准确。我主要关注线上状态同步。样本号 MOCK-0132。,拒绝联系,是,false,txwj_user_0132,138****0132,沪A-DM0132,LFAKE000000000132,144,PC,true,mock-after-sales-v1,2026-06-09,baseline_passed_pending_presidio
fb_mock_000133,txwj_ans_000133,2026-06-09T10:49:00+08:00,腾讯问卷,满意度与NPS售后回访问卷,服务顾问代录,满意度/NPS型,19,服务口碑NPS复盘,满意度追踪,华北,山东,青岛,青岛市北服务中心,App/OTA,用户运营,4,8,正向,低,权益感知|社群反馈,服务中心响应很快，过程透明，最后结果也符合预期。值得复用的点是权益感知。这次我在青岛青岛市北服务中心，时间是午休时段，希望提前同步进度。我主要关注现场等待安排。样本号 MOCK-0133。,拒绝联系,是,false,txwj_user_0133,139****0133,鲁B-MK133,LFAKE000000000133,161,iOS,true,mock-after-sales-v1,2026-06-09,baseline_passed_pending_presidio
fb_mock_000134,txwj_ans_000134,2026-06-12T17:02:00+08:00,腾讯问卷,满意度与NPS售后回访问卷,App,满意度/NPS型,19,月度满意度回访,满意度追踪,西北,陕西,西安,西安曲江服务中心,活动/社群,服务接待,4,8,正向,低,服务态度|服务解释,这次从预约到交付都比较顺，工作人员态度也很好。值得复用的点是服务态度。这次我在西安西安曲江服务中心，时间是活动结束后，希望结果更可追溯。我主要关注后续闭环动作。样本号 MOCK-0134。,拒绝联系,是,false,txwj_user_0134,136****0134,陕A-MK134,LFAKE000000000134,178,PC,true,mock-after-sales-v1,2026-06-09,baseline_passed_pending_presidio
fb_mock_000135,txwj_ans_000135,2026-05-01T14:15:00+08:00,腾讯问卷,满意度与NPS售后回访问卷,短信链接,满意度/NPS型,19,区域服务体验追踪,满意度追踪,华东,上海,上海,上海浦东服务中心,到店服务,补能体验,5,9,正向,低,充电排队|费用理解,整体体验比上次好，接待主动，问题解释清楚，所以愿意推荐。值得复用的点是充电排队。这次我在上海上海浦东服务中心，时间是工作日上午，希望服务口径一致。我主要关注服务顾问口径。样本号 MOCK-0135。,已授权联系,是,false,txwj_user_0135,135****0135,沪A-MK135,LFAKE000000000135,195,iOS,true,mock-after-sales-v1,2026-06-09,baseline_passed_pending_presidio
fb_mock_000136,txwj_ans_000136,2026-05-04T11:28:00+08:00,腾讯问卷,满意度与NPS售后回访问卷,企微,满意度/NPS型,19,服务口碑NPS复盘,满意度追踪,华北,山东,青岛,青岛市北服务中心,移动服务,用户运营,3,8,中性,低,权益感知|社群反馈,服务结果没问题，等待时间略长，体验没有明显惊喜。后续可继续观察权益感知。这次我在青岛青岛市北服务中心，时间是工作日下午，希望减少等待。我主要关注预约变更提醒。样本号 MOCK-0136。,已授权联系,是,false,txwj_user_0136,188****0136,鲁B-DM0136,LFAKE000000000136,212,PC,true,mock-after-sales-v1,2026-06-09,baseline_passed_pending_presidio
fb_mock_000137,txwj_ans_000137,2026-05-07T18:41:00+08:00,App内问卷,满意度与NPS售后回访问卷,小程序,满意度/NPS型,19,月度满意度回访,满意度追踪,西北,陕西,西安,西安曲江服务中心,补能体验,服务接待,3,7,中性,低,服务态度|服务解释,满意度中等，主要是沟通效率还有提升空间。后续可继续观察服务态度。这次我在西安西安曲江服务中心，时间是周末上午，希望后续有人回访。我主要关注费用和权益解释。样本号 MOCK-0137。,拒绝联系,是,false,txwj_user_0137,177****0137,陕A-MK137,LFAKE000000000137,229,iOS,true,mock-after-sales-v1,2026-06-09,baseline_passed_pending_presidio
fb_mock_000138,txwj_ans_000138,2026-05-10T15:54:00+08:00,App内问卷,满意度与NPS售后回访问卷,服务顾问代录,满意度/NPS型,19,区域服务体验追踪,满意度追踪,华东,上海,上海,上海浦东服务中心,App/OTA,补能体验,3,8,中性,低,充电排队|费用理解,整体还可以，但有些流程提醒不够清楚，所以推荐意愿一般。后续可继续观察充电排队。这次我在上海上海浦东服务中心，时间是周末傍晚，希望解释更直接。我主要关注问题复核安排。样本号 MOCK-0138。,拒绝联系,不确定,false,txwj_user_0138,138****0138,沪A-MK138,LFAKE000000000138,246,PC,true,mock-after-sales-v1,2026-06-09,baseline_passed_pending_presidio
fb_mock_000139,txwj_ans_000139,2026-05-13T12:07:00+08:00,短信链接,满意度与NPS售后回访问卷,App,满意度/NPS型,19,服务口碑NPS复盘,满意度追踪,华北,山东,青岛,青岛市北服务中心,活动/社群,用户运营,3,7,中性,低,权益感知|社群反馈,服务结果没问题，等待时间略长，体验没有明显惊喜。后续可继续观察权益感知。这次我在青岛青岛市北服务中心，时间是节前高峰，希望线上状态更准确。我主要关注跨渠道信息一致性。样本号 MOCK-0139。,拒绝联系,是,false,txwj_user_0139,139****0139,鲁B-MK139,LFAKE000000000139,263,iOS,true,mock-after-sales-v1,2026-06-09,baseline_passed_pending_presidio
fb_mock_000140,txwj_ans_000140,2026-05-16T09:20:00+08:00,企微链接,满意度与NPS售后回访问卷,短信链接,满意度/NPS型,19,月度满意度回访,满意度追踪,西北,陕西,西安,西安曲江服务中心,到店服务,服务接待,3,8,中性,高,服务态度|服务解释,满意度中等，主要是沟通效率还有提升空间。后续可继续观察服务态度。这次我在西安西安曲江服务中心，时间是雨天到店，希望提前同步进度。我主要关注首次响应。样本号 MOCK-0140。,未询问,是,true,txwj_user_0140,136****0140,陕A-DM0140,LFAKE000000000140,280,PC,true,mock-after-sales-v1,2026-06-09,baseline_passed_pending_presidio
fb_mock_000141,txwj_ans_000141,2026-05-19T16:33:00+08:00,问卷星,满意度与NPS售后回访问卷,企微,满意度/NPS型,19,区域服务体验追踪,满意度追踪,华东,上海,上海,上海浦东服务中心,移动服务,补能体验,2,5,负向,中,充电排队|费用理解,这次体验低于预期，等待时间长，问题解释也不够清楚。主要集中在充电排队、费用理解。这次我在上海上海浦东服务中心，时间是下班后，希望结果更可追溯。我主要关注交付前说明。样本号 MOCK-0141。,已授权联系,否,false,txwj_user_0141,135****0141,沪A-MK141,LFAKE000000000141,297,iOS,true,mock-after-sales-v1,2026-06-09,baseline_passed_pending_presidio
fb_mock_000142,txwj_ans_000142,2026-05-22T13:46:00+08:00,问卷星,满意度与NPS售后回访问卷,小程序,满意度/NPS型,19,服务口碑NPS复盘,满意度追踪,华北,山东,青岛,青岛市北服务中心,补能体验,用户运营,2,6,负向,中,权益感知|社群反馈,推荐意愿不高，主要因为服务结果和沟通都没有让我放心。主要集中在权益感知、社群反馈。这次我在青岛青岛市北服务中心，时间是午休时段，希望服务口径一致。我主要关注线上状态同步。样本号 MOCK-0142。,拒绝联系,否,false,txwj_user_0142,188****0142,鲁B-MK142,LFAKE000000000142,74,PC,true,mock-after-sales-v1,2026-06-09,baseline_passed_pending_presidio
fb_mock_000143,txwj_ans_000143,2026-05-25T10:59:00+08:00,问卷星,满意度与NPS售后回访问卷,服务顾问代录,满意度/NPS型,19,月度满意度回访,满意度追踪,西北,陕西,西安,西安曲江服务中心,App/OTA,服务接待,2,5,负向,中,服务态度|服务解释,服务中心回复慢，问题没有一次讲明白，我不太愿意推荐。主要集中在服务态度、服务解释。这次我在西安西安曲江服务中心，时间是活动结束后，希望减少等待。我主要关注现场等待安排。样本号 MOCK-0143。,拒绝联系,否,false,txwj_user_0143,177****0143,陕A-MK143,LFAKE000000000143,91,iOS,true,mock-after-sales-v1,2026-06-09,baseline_passed_pending_presidio
fb_mock_000144,txwj_ans_000144,2026-05-28T17:12:00+08:00,问卷星,满意度与NPS售后回访问卷,App,满意度/NPS型,19,区域服务体验追踪,满意度追踪,华东,上海,上海,上海浦东服务中心,活动/社群,补能体验,2,6,负向,中,充电排队|费用理解,这次体验低于预期，等待时间长，问题解释也不够清楚。主要集中在充电排队、费用理解。这次我在上海上海浦东服务中心，时间是工作日上午，希望后续有人回访。我主要关注后续闭环动作。样本号 MOCK-0144。,已授权联系,是,false,txwj_user_0144,138****0144,沪A-DM0144,LFAKE000000000144,108,PC,true,mock-after-sales-v1,2026-06-09,baseline_passed_pending_presidio
fb_mock_000145,txwj_ans_000145,2026-05-31T14:25:00+08:00,问卷星,满意度与NPS售后回访问卷,短信链接,满意度/NPS型,19,服务口碑NPS复盘,满意度追踪,华北,山东,青岛,青岛市北服务中心,到店服务,用户运营,2,5,负向,中,权益感知|社群反馈,推荐意愿不高，主要因为服务结果和沟通都没有让我放心。主要集中在权益感知、社群反馈。这次我在青岛青岛市北服务中心，时间是工作日下午，希望解释更直接。我主要关注服务顾问口径。样本号 MOCK-0145。,未询问,否,false,txwj_user_0145,139****0145,鲁B-MK145,LFAKE000000000145,125,iOS,true,mock-after-sales-v1,2026-06-09,baseline_passed_pending_presidio
fb_mock_000146,txwj_ans_000146,2026-06-03T11:38:00+08:00,问卷星,满意度与NPS售后回访问卷,企微,满意度/NPS型,19,月度满意度回访,满意度追踪,西北,陕西,西安,西安曲江服务中心,移动服务,服务接待,2,6,负向,中,服务态度|服务解释,服务中心回复慢，问题没有一次讲明白，我不太愿意推荐。主要集中在服务态度、服务解释。这次我在西安西安曲江服务中心，时间是周末上午，希望线上状态更准确。我主要关注预约变更提醒。样本号 MOCK-0146。,拒绝联系,否,false,txwj_user_0146,136****0146,陕A-MK146,LFAKE000000000146,142,PC,true,mock-after-sales-v1,2026-06-09,baseline_passed_pending_presidio
fb_mock_000147,txwj_ans_000147,2026-06-06T18:51:00+08:00,问卷星,满意度与NPS售后回访问卷,小程序,满意度/NPS型,19,区域服务体验追踪,满意度追踪,华东,上海,上海,上海浦东服务中心,补能体验,补能体验,1,3,负向,高,充电排队|费用理解,这次体验低于预期，等待时间长，问题解释也不够清楚。主要集中在充电排队、费用理解。这次我在上海上海浦东服务中心，时间是周末傍晚，希望提前同步进度。我主要关注费用和权益解释。样本号 MOCK-0147。,已授权联系,否,false,txwj_user_0147,135****0147,沪A-MK147,LFAKE000000000147,159,iOS,true,mock-after-sales-v1,2026-06-09,baseline_passed_pending_presidio
fb_mock_000148,txwj_ans_000148,2026-06-09T15:04:00+08:00,问卷星,满意度与NPS售后回访问卷,服务顾问代录,满意度/NPS型,19,服务口碑NPS复盘,满意度追踪,华北,山东,青岛,青岛市北服务中心,App/OTA,用户运营,1,4,负向,高,权益感知|社群反馈,推荐意愿不高，主要因为服务结果和沟通都没有让我放心。主要集中在权益感知、社群反馈。这次我在青岛青岛市北服务中心，时间是节前高峰，希望结果更可追溯。我主要关注问题复核安排。样本号 MOCK-0148。,拒绝联系,是,false,txwj_user_0148,188****0148,鲁B-DM0148,LFAKE000000000148,176,PC,true,mock-after-sales-v1,2026-06-09,baseline_passed_pending_presidio
fb_mock_000149,txwj_ans_000149,2026-06-12T12:17:00+08:00,问卷星,满意度与NPS售后回访问卷,App,满意度/NPS型,19,月度满意度回访,满意度追踪,西北,陕西,西安,西安曲江服务中心,活动/社群,服务接待,1,3,负向,高,服务态度|服务解释,服务中心回复慢，问题没有一次讲明白，我不太愿意推荐。主要集中在服务态度、服务解释。这次我在西安西安曲江服务中心，时间是雨天到店，希望服务口径一致。我主要关注跨渠道信息一致性。样本号 MOCK-0149。,拒绝联系,否,false,txwj_user_0149,177****0149,陕A-MK149,LFAKE000000000149,193,iOS,true,mock-after-sales-v1,2026-06-09,baseline_passed_pending_presidio
fb_mock_000150,txwj_ans_000150,2026-05-01T09:30:00+08:00,腾讯问卷,满意度与NPS售后回访问卷,短信链接,满意度/NPS型,19,区域服务体验追踪,满意度追踪,华东,上海,上海,上海浦东服务中心,到店服务,补能体验,5,10,正向,高,充电排队|费用理解,整体体验比上次好，接待主动，问题解释清楚，所以愿意推荐。值得复用的点是充电排队。这次我在上海上海浦东服务中心，时间是下班后，希望减少等待。我主要关注首次响应。样本号 MOCK-0150。,已授权联系,是,true,txwj_user_0150,138****0150,沪A-MK150,LFAKE000000000150,210,PC,true,mock-after-sales-v1,2026-06-09,baseline_passed_pending_presidio
fb_mock_000151,txwj_ans_000151,2026-05-04T16:43:00+08:00,腾讯问卷,满意度与NPS售后回访问卷,企微,满意度/NPS型,19,服务口碑NPS复盘,满意度追踪,华北,山东,青岛,青岛市北服务中心,移动服务,用户运营,4,8,正向,低,权益感知|社群反馈,服务中心响应很快，过程透明，最后结果也符合预期。值得复用的点是权益感知。这次我在青岛青岛市北服务中心，时间是午休时段，希望后续有人回访。我主要关注交付前说明。样本号 MOCK-0151。,拒绝联系,是,false,txwj_user_0151,139****0151,鲁B-MK151,LFAKE000000000151,227,iOS,true,mock-after-sales-v1,2026-06-09,baseline_passed_pending_presidio
fb_mock_000152,txwj_ans_000152,2026-05-07T13:56:00+08:00,腾讯问卷,满意度与NPS售后回访问卷,小程序,满意度/NPS型,19,月度满意度回访,满意度追踪,西北,陕西,西安,西安曲江服务中心,补能体验,服务接待,4,8,正向,低,服务态度|服务解释,这次从预约到交付都比较顺，工作人员态度也很好。值得复用的点是服务态度。这次我在西安西安曲江服务中心，时间是活动结束后，希望解释更直接。我主要关注线上状态同步。样本号 MOCK-0152。,拒绝联系,是,false,txwj_user_0152,136****0152,陕A-DM0152,LFAKE000000000152,244,PC,true,mock-after-sales-v1,2026-06-09,baseline_passed_pending_presidio
fb_mock_000153,txwj_ans_000153,2026-05-10T10:09:00+08:00,腾讯问卷,满意度与NPS售后回访问卷,服务顾问代录,满意度/NPS型,19,区域服务体验追踪,满意度追踪,华东,上海,上海,上海浦东服务中心,App/OTA,补能体验,5,9,正向,低,充电排队|费用理解,整体体验比上次好，接待主动，问题解释清楚，所以愿意推荐。值得复用的点是充电排队。这次我在上海上海浦东服务中心，时间是工作日上午，希望线上状态更准确。我主要关注现场等待安排。样本号 MOCK-0153。,拒绝联系,是,false,txwj_user_0153,135****0153,沪A-MK153,LFAKE000000000153,261,iOS,true,mock-after-sales-v1,2026-06-09,baseline_passed_pending_presidio
fb_mock_000154,txwj_ans_000154,2026-05-13T17:22:00+08:00,腾讯问卷,满意度与NPS售后回访问卷,App,满意度/NPS型,19,服务口碑NPS复盘,满意度追踪,华北,山东,青岛,青岛市北服务中心,活动/社群,用户运营,4,8,正向,低,权益感知|社群反馈,服务中心响应很快，过程透明，最后结果也符合预期。值得复用的点是权益感知。这次我在青岛青岛市北服务中心，时间是工作日下午，希望提前同步进度。我主要关注后续闭环动作。样本号 MOCK-0154。,拒绝联系,是,false,txwj_user_0154,188****0154,鲁B-MK154,LFAKE000000000154,278,PC,true,mock-after-sales-v1,2026-06-09,baseline_passed_pending_presidio
fb_mock_000155,txwj_ans_000155,2026-05-16T14:35:00+08:00,腾讯问卷,满意度与NPS售后回访问卷,短信链接,满意度/NPS型,19,月度满意度回访,满意度追踪,西北,陕西,西安,西安曲江服务中心,到店服务,服务接待,4,8,正向,低,服务态度|服务解释,这次从预约到交付都比较顺，工作人员态度也很好。值得复用的点是服务态度。这次我在西安西安曲江服务中心，时间是周末上午，希望结果更可追溯。我主要关注服务顾问口径。样本号 MOCK-0155。,未询问,是,false,txwj_user_0155,177****0155,陕A-MK155,LFAKE000000000155,295,iOS,true,mock-after-sales-v1,2026-06-09,baseline_passed_pending_presidio
fb_mock_000156,txwj_ans_000156,2026-05-19T11:48:00+08:00,腾讯问卷,满意度与NPS售后回访问卷,企微,满意度/NPS型,19,区域服务体验追踪,满意度追踪,华东,上海,上海,上海浦东服务中心,移动服务,补能体验,3,8,中性,低,充电排队|费用理解,整体还可以，但有些流程提醒不够清楚，所以推荐意愿一般。后续可继续观察充电排队。这次我在上海上海浦东服务中心，时间是周末傍晚，希望服务口径一致。我主要关注预约变更提醒。样本号 MOCK-0156。,拒绝联系,不确定,false,txwj_user_0156,138****0156,沪A-DM0156,LFAKE000000000156,72,PC,true,mock-after-sales-v1,2026-06-09,baseline_passed_pending_presidio
fb_mock_000157,txwj_ans_000157,2026-05-22T18:01:00+08:00,App内问卷,满意度与NPS售后回访问卷,小程序,满意度/NPS型,19,服务口碑NPS复盘,满意度追踪,华北,山东,青岛,青岛市北服务中心,补能体验,用户运营,3,7,中性,低,权益感知|社群反馈,服务结果没问题，等待时间略长，体验没有明显惊喜。后续可继续观察权益感知。这次我在青岛青岛市北服务中心，时间是节前高峰，希望减少等待。我主要关注费用和权益解释。样本号 MOCK-0157。,拒绝联系,是,false,txwj_user_0157,139****0157,鲁B-MK157,LFAKE000000000157,89,iOS,true,mock-after-sales-v1,2026-06-09,baseline_passed_pending_presidio
fb_mock_000158,txwj_ans_000158,2026-05-25T15:14:00+08:00,App内问卷,满意度与NPS售后回访问卷,服务顾问代录,满意度/NPS型,19,月度满意度回访,满意度追踪,西北,陕西,西安,西安曲江服务中心,App/OTA,服务接待,3,8,中性,低,服务态度|服务解释,满意度中等，主要是沟通效率还有提升空间。后续可继续观察服务态度。这次我在西安西安曲江服务中心，时间是雨天到店，希望后续有人回访。我主要关注问题复核安排。样本号 MOCK-0158。,拒绝联系,是,false,txwj_user_0158,136****0158,陕A-MK158,LFAKE000000000158,106,PC,true,mock-after-sales-v1,2026-06-09,baseline_passed_pending_presidio
fb_mock_000159,txwj_ans_000159,2026-05-28T12:27:00+08:00,短信链接,满意度与NPS售后回访问卷,App,满意度/NPS型,19,区域服务体验追踪,满意度追踪,华东,上海,上海,上海浦东服务中心,活动/社群,补能体验,3,7,中性,低,充电排队|费用理解,整体还可以，但有些流程提醒不够清楚，所以推荐意愿一般。后续可继续观察充电排队。这次我在上海上海浦东服务中心，时间是下班后，希望解释更直接。我主要关注跨渠道信息一致性。样本号 MOCK-0159。,拒绝联系,不确定,false,txwj_user_0159,135****0159,沪A-MK159,LFAKE000000000159,123,iOS,true,mock-after-sales-v1,2026-06-09,baseline_passed_pending_presidio
fb_mock_000160,txwj_ans_000160,2026-05-31T09:40:00+08:00,企微链接,满意度与NPS售后回访问卷,短信链接,满意度/NPS型,19,服务口碑NPS复盘,满意度追踪,华北,山东,青岛,青岛市北服务中心,到店服务,用户运营,3,8,中性,高,权益感知|社群反馈,服务结果没问题，等待时间略长，体验没有明显惊喜。后续可继续观察权益感知。这次我在青岛青岛市北服务中心，时间是午休时段，希望线上状态更准确。我主要关注首次响应。样本号 MOCK-0160。,已授权联系,是,true,txwj_user_0160,188****0160,鲁B-DM0160,LFAKE000000000160,140,PC,true,mock-after-sales-v1,2026-06-09,baseline_passed_pending_presidio
fb_mock_000161,txwj_ans_000161,2026-06-03T16:53:00+08:00,问卷星,满意度与NPS售后回访问卷,企微,满意度/NPS型,19,月度满意度回访,满意度追踪,西北,陕西,西安,西安曲江服务中心,移动服务,服务接待,2,5,负向,中,服务态度|服务解释,服务中心回复慢，问题没有一次讲明白，我不太愿意推荐。主要集中在服务态度、服务解释。这次我在西安西安曲江服务中心，时间是活动结束后，希望提前同步进度。我主要关注交付前说明。样本号 MOCK-0161。,拒绝联系,否,false,txwj_user_0161,177****0161,陕A-MK161,LFAKE000000000161,157,iOS,true,mock-after-sales-v1,2026-06-09,baseline_passed_pending_presidio
fb_mock_000162,txwj_ans_000162,2026-06-06T13:06:00+08:00,问卷星,满意度与NPS售后回访问卷,小程序,满意度/NPS型,19,区域服务体验追踪,满意度追踪,华东,上海,上海,上海浦东服务中心,补能体验,补能体验,2,6,负向,中,充电排队|费用理解,这次体验低于预期，等待时间长，问题解释也不够清楚。主要集中在充电排队、费用理解。这次我在上海上海浦东服务中心，时间是工作日上午，希望结果更可追溯。我主要关注线上状态同步。样本号 MOCK-0162。,已授权联系,否,false,txwj_user_0162,138****0162,沪A-MK162,LFAKE000000000162,174,PC,true,mock-after-sales-v1,2026-06-09,baseline_passed_pending_presidio
fb_mock_000163,txwj_ans_000163,2026-06-09T10:19:00+08:00,问卷星,满意度与NPS售后回访问卷,服务顾问代录,满意度/NPS型,19,服务口碑NPS复盘,满意度追踪,华北,山东,青岛,青岛市北服务中心,App/OTA,用户运营,2,5,负向,中,权益感知|社群反馈,推荐意愿不高，主要因为服务结果和沟通都没有让我放心。主要集中在权益感知、社群反馈。这次我在青岛青岛市北服务中心，时间是工作日下午，希望服务口径一致。我主要关注现场等待安排。样本号 MOCK-0163。,拒绝联系,否,false,txwj_user_0163,139****0163,鲁B-MK163,LFAKE000000000163,191,iOS,true,mock-after-sales-v1,2026-06-09,baseline_passed_pending_presidio
fb_mock_000164,txwj_ans_000164,2026-06-12T17:32:00+08:00,问卷星,满意度与NPS售后回访问卷,App,满意度/NPS型,19,月度满意度回访,满意度追踪,西北,陕西,西安,西安曲江服务中心,活动/社群,服务接待,2,6,负向,中,服务态度|服务解释,服务中心回复慢，问题没有一次讲明白，我不太愿意推荐。主要集中在服务态度、服务解释。这次我在西安西安曲江服务中心，时间是周末上午，希望减少等待。我主要关注后续闭环动作。样本号 MOCK-0164。,拒绝联系,是,false,txwj_user_0164,136****0164,陕A-DM0164,LFAKE000000000164,208,PC,true,mock-after-sales-v1,2026-06-09,baseline_passed_pending_presidio
fb_mock_000165,txwj_ans_000165,2026-05-01T14:45:00+08:00,问卷星,满意度与NPS售后回访问卷,短信链接,满意度/NPS型,19,区域服务体验追踪,满意度追踪,华东,上海,上海,上海浦东服务中心,到店服务,补能体验,2,5,负向,中,充电排队|费用理解,这次体验低于预期，等待时间长，问题解释也不够清楚。主要集中在充电排队、费用理解。这次我在上海上海浦东服务中心，时间是周末傍晚，希望后续有人回访。我主要关注服务顾问口径。样本号 MOCK-0165。,已授权联系,否,false,txwj_user_0165,135****0165,沪A-MK165,LFAKE000000000165,225,iOS,true,mock-after-sales-v1,2026-06-09,baseline_passed_pending_presidio
fb_mock_000166,txwj_ans_000166,2026-05-04T11:58:00+08:00,问卷星,满意度与NPS售后回访问卷,企微,满意度/NPS型,19,服务口碑NPS复盘,满意度追踪,华北,山东,青岛,青岛市北服务中心,移动服务,用户运营,2,6,负向,中,权益感知|社群反馈,推荐意愿不高，主要因为服务结果和沟通都没有让我放心。主要集中在权益感知、社群反馈。这次我在青岛青岛市北服务中心，时间是节前高峰，希望解释更直接。我主要关注预约变更提醒。样本号 MOCK-0166。,拒绝联系,否,false,txwj_user_0166,188****0166,鲁B-MK166,LFAKE000000000166,242,PC,true,mock-after-sales-v1,2026-06-09,baseline_passed_pending_presidio
fb_mock_000167,txwj_ans_000167,2026-05-07T18:11:00+08:00,问卷星,满意度与NPS售后回访问卷,小程序,满意度/NPS型,19,月度满意度回访,满意度追踪,西北,陕西,西安,西安曲江服务中心,补能体验,服务接待,1,3,负向,高,服务态度|服务解释,服务中心回复慢，问题没有一次讲明白，我不太愿意推荐。主要集中在服务态度、服务解释。这次我在西安西安曲江服务中心，时间是雨天到店，希望线上状态更准确。我主要关注费用和权益解释。样本号 MOCK-0167。,拒绝联系,否,false,txwj_user_0167,177****0167,陕A-MK167,LFAKE000000000167,259,iOS,true,mock-after-sales-v1,2026-06-09,baseline_passed_pending_presidio
fb_mock_000168,txwj_ans_000168,2026-05-10T15:24:00+08:00,问卷星,满意度与NPS售后回访问卷,服务顾问代录,满意度/NPS型,19,区域服务体验追踪,满意度追踪,华东,上海,上海,上海浦东服务中心,App/OTA,补能体验,1,4,负向,高,充电排队|费用理解,这次体验低于预期，等待时间长，问题解释也不够清楚。主要集中在充电排队、费用理解。这次我在上海上海浦东服务中心，时间是下班后，希望提前同步进度。我主要关注问题复核安排。样本号 MOCK-0168。,已授权联系,是,false,txwj_user_0168,138****0168,沪A-DM0168,LFAKE000000000168,276,PC,true,mock-after-sales-v1,2026-06-09,baseline_passed_pending_presidio
fb_mock_000169,txwj_ans_000169,2026-05-13T12:37:00+08:00,问卷星,满意度与NPS售后回访问卷,App,满意度/NPS型,19,服务口碑NPS复盘,满意度追踪,华北,山东,青岛,青岛市北服务中心,活动/社群,用户运营,1,3,负向,高,权益感知|社群反馈,推荐意愿不高，主要因为服务结果和沟通都没有让我放心。主要集中在权益感知、社群反馈。这次我在青岛青岛市北服务中心，时间是午休时段，希望结果更可追溯。我主要关注跨渠道信息一致性。样本号 MOCK-0169。,拒绝联系,否,false,txwj_user_0169,139****0169,鲁B-MK169,LFAKE000000000169,293,iOS,true,mock-after-sales-v1,2026-06-09,baseline_passed_pending_presidio
fb_mock_000170,txwj_ans_000170,2026-05-16T09:50:00+08:00,腾讯问卷,满意度与NPS售后回访问卷,短信链接,满意度/NPS型,19,月度满意度回访,满意度追踪,西北,陕西,西安,西安曲江服务中心,到店服务,服务接待,4,8,正向,高,服务态度|服务解释,这次从预约到交付都比较顺，工作人员态度也很好。值得复用的点是服务态度。这次我在西安西安曲江服务中心，时间是活动结束后，希望服务口径一致。我主要关注首次响应。样本号 MOCK-0170。,未询问,是,true,txwj_user_0170,136****0170,陕A-MK170,LFAKE000000000170,70,PC,true,mock-after-sales-v1,2026-06-09,baseline_passed_pending_presidio
fb_mock_000171,txwj_ans_000171,2026-05-19T16:03:00+08:00,腾讯问卷,满意度与NPS售后回访问卷,企微,满意度/NPS型,19,区域服务体验追踪,满意度追踪,华东,上海,上海,上海浦东服务中心,移动服务,补能体验,5,9,正向,低,充电排队|费用理解,整体体验比上次好，接待主动，问题解释清楚，所以愿意推荐。值得复用的点是充电排队。这次我在上海上海浦东服务中心，时间是工作日上午，希望减少等待。我主要关注交付前说明。样本号 MOCK-0171。,拒绝联系,是,false,txwj_user_0171,135****0171,沪A-MK171,LFAKE000000000171,87,iOS,true,mock-after-sales-v1,2026-06-09,baseline_passed_pending_presidio
fb_mock_000172,txwj_ans_000172,2026-05-22T13:16:00+08:00,腾讯问卷,满意度与NPS售后回访问卷,小程序,满意度/NPS型,19,服务口碑NPS复盘,满意度追踪,华北,山东,青岛,青岛市北服务中心,补能体验,用户运营,4,8,正向,低,权益感知|社群反馈,服务中心响应很快，过程透明，最后结果也符合预期。值得复用的点是权益感知。这次我在青岛青岛市北服务中心，时间是工作日下午，希望后续有人回访。我主要关注线上状态同步。样本号 MOCK-0172。,拒绝联系,是,false,txwj_user_0172,188****0172,鲁B-DM0172,LFAKE000000000172,104,PC,true,mock-after-sales-v1,2026-06-09,baseline_passed_pending_presidio
fb_mock_000173,txwj_ans_000173,2026-05-25T10:29:00+08:00,腾讯问卷,满意度与NPS售后回访问卷,服务顾问代录,满意度/NPS型,19,月度满意度回访,满意度追踪,西北,陕西,西安,西安曲江服务中心,App/OTA,服务接待,4,8,正向,低,服务态度|服务解释,这次从预约到交付都比较顺，工作人员态度也很好。值得复用的点是服务态度。这次我在西安西安曲江服务中心，时间是周末上午，希望解释更直接。我主要关注现场等待安排。样本号 MOCK-0173。,拒绝联系,是,false,txwj_user_0173,177****0173,陕A-MK173,LFAKE000000000173,121,iOS,true,mock-after-sales-v1,2026-06-09,baseline_passed_pending_presidio
fb_mock_000174,txwj_ans_000174,2026-05-28T17:42:00+08:00,腾讯问卷,满意度与NPS售后回访问卷,App,满意度/NPS型,19,区域服务体验追踪,满意度追踪,华东,上海,上海,上海浦东服务中心,活动/社群,补能体验,5,10,正向,低,充电排队|费用理解,整体体验比上次好，接待主动，问题解释清楚，所以愿意推荐。值得复用的点是充电排队。这次我在上海上海浦东服务中心，时间是周末傍晚，希望线上状态更准确。我主要关注后续闭环动作。样本号 MOCK-0174。,拒绝联系,是,false,txwj_user_0174,138****0174,沪A-MK174,LFAKE000000000174,138,PC,true,mock-after-sales-v1,2026-06-09,baseline_passed_pending_presidio
fb_mock_000175,txwj_ans_000175,2026-05-31T14:55:00+08:00,腾讯问卷,满意度与NPS售后回访问卷,短信链接,满意度/NPS型,19,服务口碑NPS复盘,满意度追踪,华北,山东,青岛,青岛市北服务中心,到店服务,用户运营,4,8,正向,低,权益感知|社群反馈,服务中心响应很快，过程透明，最后结果也符合预期。值得复用的点是权益感知。这次我在青岛青岛市北服务中心，时间是节前高峰，希望提前同步进度。我主要关注服务顾问口径。样本号 MOCK-0175。,未询问,是,false,txwj_user_0175,139****0175,鲁B-MK175,LFAKE000000000175,155,iOS,true,mock-after-sales-v1,2026-06-09,baseline_passed_pending_presidio
fb_mock_000176,txwj_ans_000176,2026-06-03T11:08:00+08:00,腾讯问卷,满意度与NPS售后回访问卷,企微,满意度/NPS型,19,月度满意度回访,满意度追踪,西北,陕西,西安,西安曲江服务中心,移动服务,服务接待,3,8,中性,低,服务态度|服务解释,满意度中等，主要是沟通效率还有提升空间。后续可继续观察服务态度。这次我在西安西安曲江服务中心，时间是雨天到店，希望结果更可追溯。我主要关注预约变更提醒。样本号 MOCK-0176。,已授权联系,是,false,txwj_user_0176,136****0176,陕A-DM0176,LFAKE000000000176,172,PC,true,mock-after-sales-v1,2026-06-09,baseline_passed_pending_presidio
fb_mock_000177,txwj_ans_000177,2026-06-06T18:21:00+08:00,App内问卷,满意度与NPS售后回访问卷,小程序,满意度/NPS型,19,区域服务体验追踪,满意度追踪,华东,上海,上海,上海浦东服务中心,补能体验,补能体验,3,7,中性,低,充电排队|费用理解,整体还可以，但有些流程提醒不够清楚，所以推荐意愿一般。后续可继续观察充电排队。这次我在上海上海浦东服务中心，时间是下班后，希望服务口径一致。我主要关注费用和权益解释。样本号 MOCK-0177。,拒绝联系,不确定,false,txwj_user_0177,135****0177,沪A-MK177,LFAKE000000000177,189,iOS,true,mock-after-sales-v1,2026-06-09,baseline_passed_pending_presidio
fb_mock_000178,txwj_ans_000178,2026-06-09T15:34:00+08:00,App内问卷,满意度与NPS售后回访问卷,服务顾问代录,满意度/NPS型,19,服务口碑NPS复盘,满意度追踪,华北,山东,青岛,青岛市北服务中心,App/OTA,用户运营,3,8,中性,低,权益感知|社群反馈,服务结果没问题，等待时间略长，体验没有明显惊喜。后续可继续观察权益感知。这次我在青岛青岛市北服务中心，时间是午休时段，希望减少等待。我主要关注问题复核安排。样本号 MOCK-0178。,拒绝联系,是,false,txwj_user_0178,188****0178,鲁B-MK178,LFAKE000000000178,206,PC,true,mock-after-sales-v1,2026-06-09,baseline_passed_pending_presidio
fb_mock_000179,txwj_ans_000179,2026-06-12T12:47:00+08:00,短信链接,满意度与NPS售后回访问卷,App,满意度/NPS型,19,月度满意度回访,满意度追踪,西北,陕西,西安,西安曲江服务中心,活动/社群,服务接待,3,7,中性,低,服务态度|服务解释,满意度中等，主要是沟通效率还有提升空间。后续可继续观察服务态度。这次我在西安西安曲江服务中心，时间是活动结束后，希望后续有人回访。我主要关注跨渠道信息一致性。样本号 MOCK-0179。,拒绝联系,是,false,txwj_user_0179,177****0179,陕A-MK179,LFAKE000000000179,223,iOS,true,mock-after-sales-v1,2026-06-09,baseline_passed_pending_presidio
fb_mock_000180,txwj_ans_000180,2026-05-01T09:00:00+08:00,企微链接,满意度与NPS售后回访问卷,短信链接,满意度/NPS型,19,区域服务体验追踪,满意度追踪,华东,上海,上海,上海浦东服务中心,到店服务,补能体验,3,8,中性,高,充电排队|费用理解,整体还可以，但有些流程提醒不够清楚，所以推荐意愿一般。后续可继续观察充电排队。这次我在上海上海浦东服务中心，时间是工作日上午，希望解释更直接。我主要关注首次响应。样本号 MOCK-0180。,未询问,不确定,true,txwj_user_0180,138****0180,沪A-DM0180,LFAKE000000000180,240,PC,true,mock-after-sales-v1,2026-06-09,baseline_passed_pending_presidio
fb_mock_000181,txwj_ans_000181,2026-05-04T16:13:00+08:00,问卷星,满意度与NPS售后回访问卷,企微,满意度/NPS型,19,服务口碑NPS复盘,满意度追踪,华北,山东,青岛,青岛市北服务中心,移动服务,用户运营,2,5,负向,中,权益感知|社群反馈,推荐意愿不高，主要因为服务结果和沟通都没有让我放心。主要集中在权益感知、社群反馈。这次我在青岛青岛市北服务中心，时间是工作日下午，希望线上状态更准确。我主要关注交付前说明。样本号 MOCK-0181。,拒绝联系,否,false,txwj_user_0181,139****0181,鲁B-MK181,LFAKE000000000181,257,iOS,true,mock-after-sales-v1,2026-06-09,baseline_passed_pending_presidio
fb_mock_000182,txwj_ans_000182,2026-05-07T13:26:00+08:00,问卷星,满意度与NPS售后回访问卷,小程序,满意度/NPS型,19,月度满意度回访,满意度追踪,西北,陕西,西安,西安曲江服务中心,补能体验,服务接待,2,6,负向,中,服务态度|服务解释,服务中心回复慢，问题没有一次讲明白，我不太愿意推荐。主要集中在服务态度、服务解释。这次我在西安西安曲江服务中心，时间是周末上午，希望提前同步进度。我主要关注线上状态同步。样本号 MOCK-0182。,拒绝联系,否,false,txwj_user_0182,136****0182,陕A-MK182,LFAKE000000000182,274,PC,true,mock-after-sales-v1,2026-06-09,baseline_passed_pending_presidio
fb_mock_000183,txwj_ans_000183,2026-05-10T10:39:00+08:00,问卷星,满意度与NPS售后回访问卷,服务顾问代录,满意度/NPS型,19,区域服务体验追踪,满意度追踪,华东,上海,上海,上海浦东服务中心,App/OTA,补能体验,2,5,负向,中,充电排队|费用理解,这次体验低于预期，等待时间长，问题解释也不够清楚。主要集中在充电排队、费用理解。这次我在上海上海浦东服务中心，时间是周末傍晚，希望结果更可追溯。我主要关注现场等待安排。样本号 MOCK-0183。,已授权联系,否,false,txwj_user_0183,135****0183,沪A-MK183,LFAKE000000000183,291,iOS,true,mock-after-sales-v1,2026-06-09,baseline_passed_pending_presidio
fb_mock_000184,txwj_ans_000184,2026-05-13T17:52:00+08:00,问卷星,满意度与NPS售后回访问卷,App,满意度/NPS型,19,服务口碑NPS复盘,满意度追踪,华北,山东,青岛,青岛市北服务中心,活动/社群,用户运营,2,6,负向,中,权益感知|社群反馈,推荐意愿不高，主要因为服务结果和沟通都没有让我放心。主要集中在权益感知、社群反馈。这次我在青岛青岛市北服务中心，时间是节前高峰，希望服务口径一致。我主要关注后续闭环动作。样本号 MOCK-0184。,拒绝联系,是,false,txwj_user_0184,188****0184,鲁B-DM0184,LFAKE000000000184,68,PC,true,mock-after-sales-v1,2026-06-09,baseline_passed_pending_presidio
fb_mock_000185,txwj_ans_000185,2026-05-16T14:05:00+08:00,问卷星,满意度与NPS售后回访问卷,短信链接,满意度/NPS型,19,月度满意度回访,满意度追踪,西北,陕西,西安,西安曲江服务中心,到店服务,服务接待,2,5,负向,中,服务态度|服务解释,服务中心回复慢，问题没有一次讲明白，我不太愿意推荐。主要集中在服务态度、服务解释。这次我在西安西安曲江服务中心，时间是雨天到店，希望减少等待。我主要关注服务顾问口径。样本号 MOCK-0185。,未询问,否,false,txwj_user_0185,177****0185,陕A-MK185,LFAKE000000000185,85,iOS,true,mock-after-sales-v1,2026-06-09,baseline_passed_pending_presidio
fb_mock_000186,txwj_ans_000186,2026-05-19T11:18:00+08:00,问卷星,满意度与NPS售后回访问卷,企微,满意度/NPS型,19,区域服务体验追踪,满意度追踪,华东,上海,上海,上海浦东服务中心,移动服务,补能体验,2,6,负向,中,充电排队|费用理解,这次体验低于预期，等待时间长，问题解释也不够清楚。主要集中在充电排队、费用理解。这次我在上海上海浦东服务中心，时间是下班后，希望后续有人回访。我主要关注预约变更提醒。样本号 MOCK-0186。,已授权联系,否,false,txwj_user_0186,138****0186,沪A-MK186,LFAKE000000000186,102,PC,true,mock-after-sales-v1,2026-06-09,baseline_passed_pending_presidio
fb_mock_000187,txwj_ans_000187,2026-05-22T18:31:00+08:00,问卷星,满意度与NPS售后回访问卷,小程序,满意度/NPS型,19,服务口碑NPS复盘,满意度追踪,华北,山东,青岛,青岛市北服务中心,补能体验,用户运营,1,3,负向,高,权益感知|社群反馈,推荐意愿不高，主要因为服务结果和沟通都没有让我放心。主要集中在权益感知、社群反馈。这次我在青岛青岛市北服务中心，时间是午休时段，希望解释更直接。我主要关注费用和权益解释。样本号 MOCK-0187。,拒绝联系,否,false,txwj_user_0187,139****0187,鲁B-MK187,LFAKE000000000187,119,iOS,true,mock-after-sales-v1,2026-06-09,baseline_passed_pending_presidio
fb_mock_000188,txwj_ans_000188,2026-05-25T15:44:00+08:00,问卷星,满意度与NPS售后回访问卷,服务顾问代录,满意度/NPS型,19,月度满意度回访,满意度追踪,西北,陕西,西安,西安曲江服务中心,App/OTA,服务接待,1,4,负向,高,服务态度|服务解释,服务中心回复慢，问题没有一次讲明白，我不太愿意推荐。主要集中在服务态度、服务解释。这次我在西安西安曲江服务中心，时间是活动结束后，希望线上状态更准确。我主要关注问题复核安排。样本号 MOCK-0188。,拒绝联系,是,false,txwj_user_0188,136****0188,陕A-DM0188,LFAKE000000000188,136,PC,true,mock-after-sales-v1,2026-06-09,baseline_passed_pending_presidio
fb_mock_000189,txwj_ans_000189,2026-05-28T12:57:00+08:00,问卷星,满意度与NPS售后回访问卷,App,满意度/NPS型,19,区域服务体验追踪,满意度追踪,华东,上海,上海,上海浦东服务中心,活动/社群,补能体验,1,3,负向,高,充电排队|费用理解,这次体验低于预期，等待时间长，问题解释也不够清楚。主要集中在充电排队、费用理解。这次我在上海上海浦东服务中心，时间是工作日上午，希望提前同步进度。我主要关注跨渠道信息一致性。样本号 MOCK-0189。,已授权联系,否,false,txwj_user_0189,135****0189,沪A-MK189,LFAKE000000000189,153,iOS,true,mock-after-sales-v1,2026-06-09,baseline_passed_pending_presidio
fb_mock_000190,txwj_ans_000190,2026-05-31T09:10:00+08:00,腾讯问卷,满意度与NPS售后回访问卷,短信链接,满意度/NPS型,19,服务口碑NPS复盘,满意度追踪,华北,山东,青岛,青岛市北服务中心,到店服务,用户运营,4,8,正向,高,权益感知|社群反馈,服务中心响应很快，过程透明，最后结果也符合预期。值得复用的点是权益感知。这次我在青岛青岛市北服务中心，时间是工作日下午，希望结果更可追溯。我主要关注首次响应。样本号 MOCK-0190。,未询问,是,true,txwj_user_0190,188****0190,鲁B-MK190,LFAKE000000000190,170,PC,true,mock-after-sales-v1,2026-06-09,baseline_passed_pending_presidio
fb_mock_000191,txwj_ans_000191,2026-06-03T16:23:00+08:00,腾讯问卷,满意度与NPS售后回访问卷,企微,满意度/NPS型,19,月度满意度回访,满意度追踪,西北,陕西,西安,西安曲江服务中心,移动服务,服务接待,4,8,正向,低,服务态度|服务解释,这次从预约到交付都比较顺，工作人员态度也很好。值得复用的点是服务态度。这次我在西安西安曲江服务中心，时间是周末上午，希望服务口径一致。我主要关注交付前说明。样本号 MOCK-0191。,拒绝联系,是,false,txwj_user_0191,177****0191,陕A-MK191,LFAKE000000000191,187,iOS,true,mock-after-sales-v1,2026-06-09,baseline_passed_pending_presidio
fb_mock_000192,txwj_ans_000192,2026-06-06T13:36:00+08:00,腾讯问卷,满意度与NPS售后回访问卷,小程序,满意度/NPS型,19,区域服务体验追踪,满意度追踪,华东,上海,上海,上海浦东服务中心,补能体验,补能体验,5,10,正向,低,充电排队|费用理解,整体体验比上次好，接待主动，问题解释清楚，所以愿意推荐。值得复用的点是充电排队。这次我在上海上海浦东服务中心，时间是周末傍晚，希望减少等待。我主要关注线上状态同步。样本号 MOCK-0192。,拒绝联系,是,false,txwj_user_0192,138****0192,沪A-DM0192,LFAKE000000000192,204,PC,true,mock-after-sales-v1,2026-06-09,baseline_passed_pending_presidio
fb_mock_000193,txwj_ans_000193,2026-06-09T10:49:00+08:00,腾讯问卷,满意度与NPS售后回访问卷,服务顾问代录,满意度/NPS型,19,服务口碑NPS复盘,满意度追踪,华北,山东,青岛,青岛市北服务中心,App/OTA,用户运营,4,8,正向,低,权益感知|社群反馈,服务中心响应很快，过程透明，最后结果也符合预期。值得复用的点是权益感知。这次我在青岛青岛市北服务中心，时间是节前高峰，希望后续有人回访。我主要关注现场等待安排。样本号 MOCK-0193。,拒绝联系,是,false,txwj_user_0193,139****0193,鲁B-MK193,LFAKE000000000193,221,iOS,true,mock-after-sales-v1,2026-06-09,baseline_passed_pending_presidio
fb_mock_000194,txwj_ans_000194,2026-06-12T17:02:00+08:00,腾讯问卷,满意度与NPS售后回访问卷,App,满意度/NPS型,19,月度满意度回访,满意度追踪,西北,陕西,西安,西安曲江服务中心,活动/社群,服务接待,4,8,正向,低,服务态度|服务解释,这次从预约到交付都比较顺，工作人员态度也很好。值得复用的点是服务态度。这次我在西安西安曲江服务中心，时间是雨天到店，希望解释更直接。我主要关注后续闭环动作。样本号 MOCK-0194。,拒绝联系,是,false,txwj_user_0194,136****0194,陕A-MK194,LFAKE000000000194,238,PC,true,mock-after-sales-v1,2026-06-09,baseline_passed_pending_presidio
fb_mock_000195,txwj_ans_000195,2026-05-01T14:15:00+08:00,腾讯问卷,满意度与NPS售后回访问卷,短信链接,满意度/NPS型,19,区域服务体验追踪,满意度追踪,华东,上海,上海,上海浦东服务中心,到店服务,补能体验,5,9,正向,低,充电排队|费用理解,整体体验比上次好，接待主动，问题解释清楚，所以愿意推荐。值得复用的点是充电排队。这次我在上海上海浦东服务中心，时间是下班后，希望线上状态更准确。我主要关注服务顾问口径。样本号 MOCK-0195。,已授权联系,是,false,txwj_user_0195,135****0195,沪A-MK195,LFAKE000000000195,255,iOS,true,mock-after-sales-v1,2026-06-09,baseline_passed_pending_presidio
fb_mock_000196,txwj_ans_000196,2026-05-04T11:28:00+08:00,腾讯问卷,满意度与NPS售后回访问卷,企微,满意度/NPS型,19,服务口碑NPS复盘,满意度追踪,华北,山东,青岛,青岛市北服务中心,移动服务,用户运营,3,8,中性,低,权益感知|社群反馈,服务结果没问题，等待时间略长，体验没有明显惊喜。后续可继续观察权益感知。这次我在青岛青岛市北服务中心，时间是午休时段，希望提前同步进度。我主要关注预约变更提醒。样本号 MOCK-0196。,拒绝联系,是,false,txwj_user_0196,188****0196,鲁B-DM0196,LFAKE000000000196,272,PC,true,mock-after-sales-v1,2026-06-09,baseline_passed_pending_presidio
fb_mock_000197,txwj_ans_000197,2026-05-07T18:41:00+08:00,App内问卷,满意度与NPS售后回访问卷,小程序,满意度/NPS型,19,月度满意度回访,满意度追踪,西北,陕西,西安,西安曲江服务中心,补能体验,服务接待,3,7,中性,低,服务态度|服务解释,满意度中等，主要是沟通效率还有提升空间。后续可继续观察服务态度。这次我在西安西安曲江服务中心，时间是活动结束后，希望结果更可追溯。我主要关注费用和权益解释。样本号 MOCK-0197。,拒绝联系,是,false,txwj_user_0197,177****0197,陕A-MK197,LFAKE000000000197,289,iOS,true,mock-after-sales-v1,2026-06-09,baseline_passed_pending_presidio
fb_mock_000198,txwj_ans_000198,2026-05-10T15:54:00+08:00,App内问卷,满意度与NPS售后回访问卷,服务顾问代录,满意度/NPS型,19,区域服务体验追踪,满意度追踪,华东,上海,上海,上海浦东服务中心,App/OTA,补能体验,3,8,中性,低,充电排队|费用理解,整体还可以，但有些流程提醒不够清楚，所以推荐意愿一般。后续可继续观察充电排队。这次我在上海上海浦东服务中心，时间是工作日上午，希望服务口径一致。我主要关注问题复核安排。样本号 MOCK-0198。,拒绝联系,不确定,false,txwj_user_0198,138****0198,沪A-MK198,LFAKE000000000198,66,PC,true,mock-after-sales-v1,2026-06-09,baseline_passed_pending_presidio
fb_mock_000199,txwj_ans_000199,2026-05-13T12:07:00+08:00,短信链接,满意度与NPS售后回访问卷,App,满意度/NPS型,19,服务口碑NPS复盘,满意度追踪,华北,山东,青岛,青岛市北服务中心,活动/社群,用户运营,3,7,中性,低,权益感知|社群反馈,服务结果没问题，等待时间略长，体验没有明显惊喜。后续可继续观察权益感知。这次我在青岛青岛市北服务中心，时间是工作日下午，希望减少等待。我主要关注跨渠道信息一致性。样本号 MOCK-0199。,拒绝联系,是,false,txwj_user_0199,139****0199,鲁B-MK199,LFAKE000000000199,83,iOS,true,mock-after-sales-v1,2026-06-09,baseline_passed_pending_presidio
fb_mock_000200,txwj_ans_000200,2026-05-16T09:20:00+08:00,企微链接,满意度与NPS售后回访问卷,短信链接,满意度/NPS型,19,月度满意度回访,满意度追踪,西北,陕西,西安,西安曲江服务中心,到店服务,服务接待,3,8,中性,高,服务态度|服务解释,满意度中等，主要是沟通效率还有提升空间。后续可继续观察服务态度。这次我在西安西安曲江服务中心，时间是周末上午，希望后续有人回访。我主要关注首次响应。样本号 MOCK-0200。,已授权联系,是,true,txwj_user_0200,136****0200,陕A-DM0200,LFAKE000000000200,100,PC,true,mock-after-sales-v1,2026-06-09,baseline_passed_pending_presidio
fb_mock_000201,app_ans_000201,2026-05-19T16:33:00+08:00,问卷星,服务流程体验售后回访问卷,小程序,服务流程体验型,22,到店流程体验复盘,服务流程复盘,华东,江苏,苏州,苏州吴中服务中心,到店服务,服务发起,2,5,负向,中,App预约|移动服务,到店后等待时间太长，期间没人主动告诉我还要等多久。主要集中在App预约、移动服务。这次我在苏州苏州吴中服务中心，时间是周末傍晚，希望解释更直接。我主要关注交付前说明。样本号 MOCK-0201。,已授权联系,否,false,app_user_0201,135****0201,苏E-MK201,LFAKE000000000201,117,iOS,true,mock-after-sales-v1,2026-06-09,baseline_passed_pending_presidio
fb_mock_000202,app_ans_000202,2026-05-22T13:46:00+08:00,问卷星,服务流程体验售后回访问卷,服务顾问代录,服务流程体验型,22,移动服务流程回访,服务流程复盘,西南,云南,昆明,昆明呈贡服务中心,移动服务,服务发起,2,6,负向,中,移动服务|服务等待,预约时间改了两次，前后说法不一致，影响安排。主要集中在移动服务、服务等待。这次我在昆明昆明呈贡服务中心，时间是节前高峰，希望线上状态更准确。我主要关注线上状态同步。样本号 MOCK-0202。,拒绝联系,否,false,app_user_0202,188****0202,云A-MK202,LFAKE000000000202,134,PC,true,mock-after-sales-v1,2026-06-09,baseline_passed_pending_presidio
fb_mock_000203,app_ans_000203,2026-05-25T10:59:00+08:00,问卷星,服务流程体验售后回访问卷,App,服务流程体验型,22,端午服务保障复盘,服务流程复盘,东北,辽宁,大连,大连甘井子服务中心,到店服务,服务发起,2,5,负向,中,服务等待|App预约,服务过程中进度反馈少，我需要自己反复去问。主要集中在服务等待、App预约。这次我在大连大连甘井子服务中心，时间是雨天到店，希望提前同步进度。我主要关注现场等待安排。样本号 MOCK-0203。,拒绝联系,否,false,app_user_0203,177****0203,辽B-MK203,LFAKE000000000203,151,iOS,true,mock-after-sales-v1,2026-06-09,baseline_passed_pending_presidio
fb_mock_000204,app_ans_000204,2026-05-28T17:12:00+08:00,问卷星,服务流程体验售后回访问卷,短信链接,服务流程体验型,22,到店流程体验复盘,服务流程复盘,华东,江苏,苏州,苏州吴中服务中心,移动服务,服务发起,2,6,负向,中,App预约|移动服务,到店后等待时间太长，期间没人主动告诉我还要等多久。主要集中在App预约、移动服务。这次我在苏州苏州吴中服务中心，时间是下班后，希望结果更可追溯。我主要关注后续闭环动作。样本号 MOCK-0204。,已授权联系,是,false,app_user_0204,138****0204,苏E-DM0204,LFAKE000000000204,168,PC,true,mock-after-sales-v1,2026-06-09,baseline_passed_pending_presidio
fb_mock_000205,app_ans_000205,2026-05-31T14:25:00+08:00,问卷星,服务流程体验售后回访问卷,企微,服务流程体验型,22,移动服务流程回访,服务流程复盘,西南,云南,昆明,昆明呈贡服务中心,到店服务,服务发起,2,5,负向,中,移动服务|服务等待,预约时间改了两次，前后说法不一致，影响安排。主要集中在移动服务、服务等待。这次我在昆明昆明呈贡服务中心，时间是午休时段，希望服务口径一致。我主要关注服务顾问口径。样本号 MOCK-0205。,未询问,否,false,app_user_0205,139****0205,云A-MK205,LFAKE000000000205,185,iOS,true,mock-after-sales-v1,2026-06-09,baseline_passed_pending_presidio
fb_mock_000206,app_ans_000206,2026-06-03T11:38:00+08:00,问卷星,服务流程体验售后回访问卷,小程序,服务流程体验型,22,端午服务保障复盘,服务流程复盘,东北,辽宁,大连,大连甘井子服务中心,移动服务,服务发起,2,6,负向,中,服务等待|App预约,服务过程中进度反馈少，我需要自己反复去问。主要集中在服务等待、App预约。这次我在大连大连甘井子服务中心，时间是活动结束后，希望减少等待。我主要关注预约变更提醒。样本号 MOCK-0206。,拒绝联系,否,false,app_user_0206,136****0206,辽B-MK206,LFAKE000000000206,202,PC,true,mock-after-sales-v1,2026-06-09,baseline_passed_pending_presidio
fb_mock_000207,app_ans_000207,2026-06-06T18:51:00+08:00,问卷星,服务流程体验售后回访问卷,服务顾问代录,服务流程体验型,22,到店流程体验复盘,服务流程复盘,华东,江苏,苏州,苏州吴中服务中心,到店服务,服务发起,1,3,负向,高,App预约|移动服务,到店后等待时间太长，期间没人主动告诉我还要等多久。主要集中在App预约、移动服务。这次我在苏州苏州吴中服务中心，时间是工作日上午，希望后续有人回访。我主要关注费用和权益解释。样本号 MOCK-0207。,已授权联系,否,false,app_user_0207,135****0207,苏E-MK207,LFAKE000000000207,219,iOS,true,mock-after-sales-v1,2026-06-09,baseline_passed_pending_presidio
fb_mock_000208,app_ans_000208,2026-06-09T15:04:00+08:00,问卷星,服务流程体验售后回访问卷,App,服务流程体验型,22,移动服务流程回访,服务流程复盘,西南,云南,昆明,昆明呈贡服务中心,移动服务,服务发起,1,4,负向,高,移动服务|服务等待,预约时间改了两次，前后说法不一致，影响安排。主要集中在移动服务、服务等待。这次我在昆明昆明呈贡服务中心，时间是工作日下午，希望解释更直接。我主要关注问题复核安排。样本号 MOCK-0208。,拒绝联系,是,false,app_user_0208,188****0208,云A-DM0208,LFAKE000000000208,236,PC,true,mock-after-sales-v1,2026-06-09,baseline_passed_pending_presidio
fb_mock_000209,app_ans_000209,2026-06-12T12:17:00+08:00,问卷星,服务流程体验售后回访问卷,短信链接,服务流程体验型,22,端午服务保障复盘,服务流程复盘,东北,辽宁,大连,大连甘井子服务中心,到店服务,服务发起,1,3,负向,高,服务等待|App预约,服务过程中进度反馈少，我需要自己反复去问。主要集中在服务等待、App预约。这次我在大连大连甘井子服务中心，时间是周末上午，希望线上状态更准确。我主要关注跨渠道信息一致性。样本号 MOCK-0209。,拒绝联系,否,false,app_user_0209,177****0209,辽B-MK209,LFAKE000000000209,253,iOS,true,mock-after-sales-v1,2026-06-09,baseline_passed_pending_presidio
fb_mock_000210,app_ans_000210,2026-05-01T09:30:00+08:00,腾讯问卷,服务流程体验售后回访问卷,企微,服务流程体验型,22,到店流程体验复盘,服务流程复盘,华东,江苏,苏州,苏州吴中服务中心,移动服务,服务发起,5,10,正向,高,App预约|移动服务,预约后确认很快，到店有人及时接待，进度同步也比较主动。值得复用的点是App预约。这次我在苏州苏州吴中服务中心，时间是周末傍晚，希望提前同步进度。我主要关注首次响应。样本号 MOCK-0210。,已授权联系,是,true,app_user_0210,138****0210,苏E-MK210,LFAKE000000000210,270,PC,true,mock-after-sales-v1,2026-06-09,baseline_passed_pending_presidio
fb_mock_000211,app_ans_000211,2026-05-04T16:43:00+08:00,腾讯问卷,服务流程体验售后回访问卷,小程序,服务流程体验型,22,移动服务流程回访,服务流程复盘,西南,云南,昆明,昆明呈贡服务中心,到店服务,服务发起,4,8,正向,低,移动服务|服务等待,移动服务按约定时间到达，整个流程很顺，不用反复催。值得复用的点是移动服务。这次我在昆明昆明呈贡服务中心，时间是节前高峰，希望结果更可追溯。我主要关注交付前说明。样本号 MOCK-0211。,拒绝联系,是,false,app_user_0211,139****0211,云A-MK211,LFAKE000000000211,287,iOS,true,mock-after-sales-v1,2026-06-09,baseline_passed_pending_presidio
fb_mock_000212,app_ans_000212,2026-05-07T13:56:00+08:00,腾讯问卷,服务流程体验售后回访问卷,服务顾问代录,服务流程体验型,22,端午服务保障复盘,服务流程复盘,东北,辽宁,大连,大连甘井子服务中心,移动服务,服务发起,4,8,正向,低,服务等待|App预约,取车交付很顺畅，服务顾问把后续注意事项说清楚了。值得复用的点是服务等待。这次我在大连大连甘井子服务中心，时间是雨天到店，希望服务口径一致。我主要关注线上状态同步。样本号 MOCK-0212。,拒绝联系,是,false,app_user_0212,136****0212,辽B-DM0212,LFAKE000000000212,64,PC,true,mock-after-sales-v1,2026-06-09,baseline_passed_pending_presidio
fb_mock_000213,app_ans_000213,2026-05-10T10:09:00+08:00,腾讯问卷,服务流程体验售后回访问卷,App,服务流程体验型,22,到店流程体验复盘,服务流程复盘,华东,江苏,苏州,苏州吴中服务中心,到店服务,服务发起,5,9,正向,低,App预约|移动服务,预约后确认很快，到店有人及时接待，进度同步也比较主动。值得复用的点是App预约。这次我在苏州苏州吴中服务中心，时间是下班后，希望减少等待。我主要关注现场等待安排。样本号 MOCK-0213。,拒绝联系,是,false,app_user_0213,135****0213,苏E-MK213,LFAKE000000000213,81,iOS,true,mock-after-sales-v1,2026-06-09,baseline_passed_pending_presidio
fb_mock_000214,app_ans_000214,2026-05-13T17:22:00+08:00,腾讯问卷,服务流程体验售后回访问卷,短信链接,服务流程体验型,22,移动服务流程回访,服务流程复盘,西南,云南,昆明,昆明呈贡服务中心,移动服务,服务发起,4,8,正向,低,移动服务|服务等待,移动服务按约定时间到达，整个流程很顺，不用反复催。值得复用的点是移动服务。这次我在昆明昆明呈贡服务中心，时间是午休时段，希望后续有人回访。我主要关注后续闭环动作。样本号 MOCK-0214。,拒绝联系,是,false,app_user_0214,188****0214,云A-MK214,LFAKE000000000214,98,PC,true,mock-after-sales-v1,2026-06-09,baseline_passed_pending_presidio
fb_mock_000215,app_ans_000215,2026-05-16T14:35:00+08:00,腾讯问卷,服务流程体验售后回访问卷,企微,服务流程体验型,22,端午服务保障复盘,服务流程复盘,东北,辽宁,大连,大连甘井子服务中心,到店服务,服务发起,4,8,正向,低,服务等待|App预约,取车交付很顺畅，服务顾问把后续注意事项说清楚了。值得复用的点是服务等待。这次我在大连大连甘井子服务中心，时间是活动结束后，希望解释更直接。我主要关注服务顾问口径。样本号 MOCK-0215。,未询问,是,false,app_user_0215,177****0215,辽B-MK215,LFAKE000000000215,115,iOS,true,mock-after-sales-v1,2026-06-09,baseline_passed_pending_presidio
fb_mock_000216,app_ans_000216,2026-05-19T11:48:00+08:00,腾讯问卷,服务流程体验售后回访问卷,小程序,服务流程体验型,22,到店流程体验复盘,服务流程复盘,华东,江苏,苏州,苏州吴中服务中心,移动服务,服务发起,3,8,中性,低,App预约|移动服务,流程基本顺畅，但到店后等待区的进度提醒还可以更清楚。后续可继续观察App预约。这次我在苏州苏州吴中服务中心，时间是工作日上午，希望线上状态更准确。我主要关注预约变更提醒。样本号 MOCK-0216。,已授权联系,不确定,false,app_user_0216,138****0216,苏E-DM0216,LFAKE000000000216,132,PC,true,mock-after-sales-v1,2026-06-09,baseline_passed_pending_presidio
fb_mock_000217,app_ans_000217,2026-05-22T18:01:00+08:00,App内问卷,服务流程体验售后回访问卷,服务顾问代录,服务流程体验型,22,移动服务流程回访,服务流程复盘,西南,云南,昆明,昆明呈贡服务中心,到店服务,服务发起,3,7,中性,低,移动服务|服务等待,预约能完成，不过确认时间稍微有点长。后续可继续观察移动服务。这次我在昆明昆明呈贡服务中心，时间是工作日下午，希望提前同步进度。我主要关注费用和权益解释。样本号 MOCK-0217。,拒绝联系,是,false,app_user_0217,139****0217,云A-MK217,LFAKE000000000217,149,iOS,true,mock-after-sales-v1,2026-06-09,baseline_passed_pending_presidio
fb_mock_000218,app_ans_000218,2026-05-25T15:14:00+08:00,App内问卷,服务流程体验售后回访问卷,App,服务流程体验型,22,端午服务保障复盘,服务流程复盘,东北,辽宁,大连,大连甘井子服务中心,移动服务,服务发起,3,8,中性,低,服务等待|App预约,服务顾问态度可以，希望下次能提前说明预计等待时间。后续可继续观察服务等待。这次我在大连大连甘井子服务中心，时间是周末上午，希望结果更可追溯。我主要关注问题复核安排。样本号 MOCK-0218。,拒绝联系,是,false,app_user_0218,136****0218,辽B-MK218,LFAKE000000000218,166,PC,true,mock-after-sales-v1,2026-06-09,baseline_passed_pending_presidio
fb_mock_000219,app_ans_000219,2026-05-28T12:27:00+08:00,短信链接,服务流程体验售后回访问卷,短信链接,服务流程体验型,22,到店流程体验复盘,服务流程复盘,华东,江苏,苏州,苏州吴中服务中心,到店服务,服务发起,3,7,中性,低,App预约|移动服务,流程基本顺畅，但到店后等待区的进度提醒还可以更清楚。后续可继续观察App预约。这次我在苏州苏州吴中服务中心，时间是周末傍晚，希望服务口径一致。我主要关注跨渠道信息一致性。样本号 MOCK-0219。,拒绝联系,不确定,false,app_user_0219,135****0219,苏E-MK219,LFAKE000000000219,183,iOS,true,mock-after-sales-v1,2026-06-09,baseline_passed_pending_presidio
fb_mock_000220,app_ans_000220,2026-05-31T09:40:00+08:00,企微链接,服务流程体验售后回访问卷,企微,服务流程体验型,22,移动服务流程回访,服务流程复盘,西南,云南,昆明,昆明呈贡服务中心,移动服务,服务发起,3,8,中性,高,移动服务|服务等待,预约能完成，不过确认时间稍微有点长。后续可继续观察移动服务。这次我在昆明昆明呈贡服务中心，时间是节前高峰，希望减少等待。我主要关注首次响应。样本号 MOCK-0220。,未询问,是,true,app_user_0220,188****0220,云A-DM0220,LFAKE000000000220,200,PC,true,mock-after-sales-v1,2026-06-09,baseline_passed_pending_presidio
fb_mock_000221,app_ans_000221,2026-06-03T16:53:00+08:00,问卷星,服务流程体验售后回访问卷,小程序,服务流程体验型,22,端午服务保障复盘,服务流程复盘,东北,辽宁,大连,大连甘井子服务中心,到店服务,服务发起,2,5,负向,中,服务等待|App预约,服务过程中进度反馈少，我需要自己反复去问。主要集中在服务等待、App预约。这次我在大连大连甘井子服务中心，时间是雨天到店，希望后续有人回访。我主要关注交付前说明。样本号 MOCK-0221。,拒绝联系,否,false,app_user_0221,177****0221,辽B-MK221,LFAKE000000000221,217,iOS,true,mock-after-sales-v1,2026-06-09,baseline_passed_pending_presidio
fb_mock_000222,app_ans_000222,2026-06-06T13:06:00+08:00,问卷星,服务流程体验售后回访问卷,服务顾问代录,服务流程体验型,22,到店流程体验复盘,服务流程复盘,华东,江苏,苏州,苏州吴中服务中心,移动服务,服务发起,2,6,负向,中,App预约|移动服务,到店后等待时间太长，期间没人主动告诉我还要等多久。主要集中在App预约、移动服务。这次我在苏州苏州吴中服务中心，时间是下班后，希望解释更直接。我主要关注线上状态同步。样本号 MOCK-0222。,已授权联系,否,false,app_user_0222,138****0222,苏E-MK222,LFAKE000000000222,234,PC,true,mock-after-sales-v1,2026-06-09,baseline_passed_pending_presidio
fb_mock_000223,app_ans_000223,2026-06-09T10:19:00+08:00,问卷星,服务流程体验售后回访问卷,App,服务流程体验型,22,移动服务流程回访,服务流程复盘,西南,云南,昆明,昆明呈贡服务中心,到店服务,服务发起,2,5,负向,中,移动服务|服务等待,预约时间改了两次，前后说法不一致，影响安排。主要集中在移动服务、服务等待。这次我在昆明昆明呈贡服务中心，时间是午休时段，希望线上状态更准确。我主要关注现场等待安排。样本号 MOCK-0223。,拒绝联系,否,false,app_user_0223,139****0223,云A-MK223,LFAKE000000000223,251,iOS,true,mock-after-sales-v1,2026-06-09,baseline_passed_pending_presidio
fb_mock_000224,app_ans_000224,2026-06-12T17:32:00+08:00,问卷星,服务流程体验售后回访问卷,短信链接,服务流程体验型,22,端午服务保障复盘,服务流程复盘,东北,辽宁,大连,大连甘井子服务中心,移动服务,服务发起,2,6,负向,中,服务等待|App预约,服务过程中进度反馈少，我需要自己反复去问。主要集中在服务等待、App预约。这次我在大连大连甘井子服务中心，时间是活动结束后，希望提前同步进度。我主要关注后续闭环动作。样本号 MOCK-0224。,拒绝联系,是,false,app_user_0224,136****0224,辽B-DM0224,LFAKE000000000224,268,PC,true,mock-after-sales-v1,2026-06-09,baseline_passed_pending_presidio
fb_mock_000225,app_ans_000225,2026-05-01T14:45:00+08:00,问卷星,服务流程体验售后回访问卷,企微,服务流程体验型,22,到店流程体验复盘,服务流程复盘,华东,江苏,苏州,苏州吴中服务中心,到店服务,服务发起,2,5,负向,中,App预约|移动服务,到店后等待时间太长，期间没人主动告诉我还要等多久。主要集中在App预约、移动服务。这次我在苏州苏州吴中服务中心，时间是工作日上午，希望结果更可追溯。我主要关注服务顾问口径。样本号 MOCK-0225。,已授权联系,否,false,app_user_0225,135****0225,苏E-MK225,LFAKE000000000225,285,iOS,true,mock-after-sales-v1,2026-06-09,baseline_passed_pending_presidio
fb_mock_000226,app_ans_000226,2026-05-04T11:58:00+08:00,问卷星,服务流程体验售后回访问卷,小程序,服务流程体验型,22,移动服务流程回访,服务流程复盘,西南,云南,昆明,昆明呈贡服务中心,移动服务,服务发起,2,6,负向,中,移动服务|服务等待,预约时间改了两次，前后说法不一致，影响安排。主要集中在移动服务、服务等待。这次我在昆明昆明呈贡服务中心，时间是工作日下午，希望服务口径一致。我主要关注预约变更提醒。样本号 MOCK-0226。,拒绝联系,否,false,app_user_0226,188****0226,云A-MK226,LFAKE000000000226,62,PC,true,mock-after-sales-v1,2026-06-09,baseline_passed_pending_presidio
fb_mock_000227,app_ans_000227,2026-05-07T18:11:00+08:00,问卷星,服务流程体验售后回访问卷,服务顾问代录,服务流程体验型,22,端午服务保障复盘,服务流程复盘,东北,辽宁,大连,大连甘井子服务中心,到店服务,服务发起,1,3,负向,高,服务等待|App预约,服务过程中进度反馈少，我需要自己反复去问。主要集中在服务等待、App预约。这次我在大连大连甘井子服务中心，时间是周末上午，希望减少等待。我主要关注费用和权益解释。样本号 MOCK-0227。,拒绝联系,否,false,app_user_0227,177****0227,辽B-MK227,LFAKE000000000227,79,iOS,true,mock-after-sales-v1,2026-06-09,baseline_passed_pending_presidio
fb_mock_000228,app_ans_000228,2026-05-10T15:24:00+08:00,问卷星,服务流程体验售后回访问卷,App,服务流程体验型,22,到店流程体验复盘,服务流程复盘,华东,江苏,苏州,苏州吴中服务中心,移动服务,服务发起,1,4,负向,高,App预约|移动服务,到店后等待时间太长，期间没人主动告诉我还要等多久。主要集中在App预约、移动服务。这次我在苏州苏州吴中服务中心，时间是周末傍晚，希望后续有人回访。我主要关注问题复核安排。样本号 MOCK-0228。,已授权联系,是,false,app_user_0228,138****0228,苏E-DM0228,LFAKE000000000228,96,PC,true,mock-after-sales-v1,2026-06-09,baseline_passed_pending_presidio
fb_mock_000229,app_ans_000229,2026-05-13T12:37:00+08:00,问卷星,服务流程体验售后回访问卷,短信链接,服务流程体验型,22,移动服务流程回访,服务流程复盘,西南,云南,昆明,昆明呈贡服务中心,到店服务,服务发起,1,3,负向,高,移动服务|服务等待,预约时间改了两次，前后说法不一致，影响安排。主要集中在移动服务、服务等待。这次我在昆明昆明呈贡服务中心，时间是节前高峰，希望解释更直接。我主要关注跨渠道信息一致性。样本号 MOCK-0229。,拒绝联系,否,false,app_user_0229,139****0229,云A-MK229,LFAKE000000000229,113,iOS,true,mock-after-sales-v1,2026-06-09,baseline_passed_pending_presidio
fb_mock_000230,app_ans_000230,2026-05-16T09:50:00+08:00,腾讯问卷,服务流程体验售后回访问卷,企微,服务流程体验型,22,端午服务保障复盘,服务流程复盘,东北,辽宁,大连,大连甘井子服务中心,移动服务,服务发起,4,8,正向,高,服务等待|App预约,取车交付很顺畅，服务顾问把后续注意事项说清楚了。值得复用的点是服务等待。这次我在大连大连甘井子服务中心，时间是雨天到店，希望线上状态更准确。我主要关注首次响应。样本号 MOCK-0230。,未询问,是,true,app_user_0230,136****0230,辽B-MK230,LFAKE000000000230,130,PC,true,mock-after-sales-v1,2026-06-09,baseline_passed_pending_presidio
fb_mock_000231,app_ans_000231,2026-05-19T16:03:00+08:00,腾讯问卷,服务流程体验售后回访问卷,小程序,服务流程体验型,22,到店流程体验复盘,服务流程复盘,华东,江苏,苏州,苏州吴中服务中心,到店服务,服务发起,5,9,正向,低,App预约|移动服务,预约后确认很快，到店有人及时接待，进度同步也比较主动。值得复用的点是App预约。这次我在苏州苏州吴中服务中心，时间是下班后，希望提前同步进度。我主要关注交付前说明。样本号 MOCK-0231。,拒绝联系,是,false,app_user_0231,135****0231,苏E-MK231,LFAKE000000000231,147,iOS,true,mock-after-sales-v1,2026-06-09,baseline_passed_pending_presidio
fb_mock_000232,app_ans_000232,2026-05-22T13:16:00+08:00,腾讯问卷,服务流程体验售后回访问卷,服务顾问代录,服务流程体验型,22,移动服务流程回访,服务流程复盘,西南,云南,昆明,昆明呈贡服务中心,移动服务,服务发起,4,8,正向,低,移动服务|服务等待,移动服务按约定时间到达，整个流程很顺，不用反复催。值得复用的点是移动服务。这次我在昆明昆明呈贡服务中心，时间是午休时段，希望结果更可追溯。我主要关注线上状态同步。样本号 MOCK-0232。,拒绝联系,是,false,app_user_0232,188****0232,云A-DM0232,LFAKE000000000232,164,PC,true,mock-after-sales-v1,2026-06-09,baseline_passed_pending_presidio
fb_mock_000233,app_ans_000233,2026-05-25T10:29:00+08:00,腾讯问卷,服务流程体验售后回访问卷,App,服务流程体验型,22,端午服务保障复盘,服务流程复盘,东北,辽宁,大连,大连甘井子服务中心,到店服务,服务发起,4,8,正向,低,服务等待|App预约,取车交付很顺畅，服务顾问把后续注意事项说清楚了。值得复用的点是服务等待。这次我在大连大连甘井子服务中心，时间是活动结束后，希望服务口径一致。我主要关注现场等待安排。样本号 MOCK-0233。,拒绝联系,是,false,app_user_0233,177****0233,辽B-MK233,LFAKE000000000233,181,iOS,true,mock-after-sales-v1,2026-06-09,baseline_passed_pending_presidio
fb_mock_000234,app_ans_000234,2026-05-28T17:42:00+08:00,腾讯问卷,服务流程体验售后回访问卷,短信链接,服务流程体验型,22,到店流程体验复盘,服务流程复盘,华东,江苏,苏州,苏州吴中服务中心,移动服务,服务发起,5,10,正向,低,App预约|移动服务,预约后确认很快，到店有人及时接待，进度同步也比较主动。值得复用的点是App预约。这次我在苏州苏州吴中服务中心，时间是工作日上午，希望减少等待。我主要关注后续闭环动作。样本号 MOCK-0234。,拒绝联系,是,false,app_user_0234,138****0234,苏E-MK234,LFAKE000000000234,198,PC,true,mock-after-sales-v1,2026-06-09,baseline_passed_pending_presidio
fb_mock_000235,app_ans_000235,2026-05-31T14:55:00+08:00,腾讯问卷,服务流程体验售后回访问卷,企微,服务流程体验型,22,移动服务流程回访,服务流程复盘,西南,云南,昆明,昆明呈贡服务中心,到店服务,服务发起,4,8,正向,低,移动服务|服务等待,移动服务按约定时间到达，整个流程很顺，不用反复催。值得复用的点是移动服务。这次我在昆明昆明呈贡服务中心，时间是工作日下午，希望后续有人回访。我主要关注服务顾问口径。样本号 MOCK-0235。,未询问,是,false,app_user_0235,139****0235,云A-MK235,LFAKE000000000235,215,iOS,true,mock-after-sales-v1,2026-06-09,baseline_passed_pending_presidio
fb_mock_000236,app_ans_000236,2026-06-03T11:08:00+08:00,腾讯问卷,服务流程体验售后回访问卷,小程序,服务流程体验型,22,端午服务保障复盘,服务流程复盘,东北,辽宁,大连,大连甘井子服务中心,移动服务,服务发起,3,8,中性,低,服务等待|App预约,服务顾问态度可以，希望下次能提前说明预计等待时间。后续可继续观察服务等待。这次我在大连大连甘井子服务中心，时间是周末上午，希望解释更直接。我主要关注预约变更提醒。样本号 MOCK-0236。,拒绝联系,是,false,app_user_0236,136****0236,辽B-DM0236,LFAKE000000000236,232,PC,true,mock-after-sales-v1,2026-06-09,baseline_passed_pending_presidio
fb_mock_000237,app_ans_000237,2026-06-06T18:21:00+08:00,App内问卷,服务流程体验售后回访问卷,服务顾问代录,服务流程体验型,22,到店流程体验复盘,服务流程复盘,华东,江苏,苏州,苏州吴中服务中心,到店服务,服务发起,3,7,中性,低,App预约|移动服务,流程基本顺畅，但到店后等待区的进度提醒还可以更清楚。后续可继续观察App预约。这次我在苏州苏州吴中服务中心，时间是周末傍晚，希望线上状态更准确。我主要关注费用和权益解释。样本号 MOCK-0237。,拒绝联系,不确定,false,app_user_0237,135****0237,苏E-MK237,LFAKE000000000237,249,iOS,true,mock-after-sales-v1,2026-06-09,baseline_passed_pending_presidio
fb_mock_000238,app_ans_000238,2026-06-09T15:34:00+08:00,App内问卷,服务流程体验售后回访问卷,App,服务流程体验型,22,移动服务流程回访,服务流程复盘,西南,云南,昆明,昆明呈贡服务中心,移动服务,服务发起,3,8,中性,低,移动服务|服务等待,预约能完成，不过确认时间稍微有点长。后续可继续观察移动服务。这次我在昆明昆明呈贡服务中心，时间是节前高峰，希望提前同步进度。我主要关注问题复核安排。样本号 MOCK-0238。,拒绝联系,是,false,app_user_0238,188****0238,云A-MK238,LFAKE000000000238,266,PC,true,mock-after-sales-v1,2026-06-09,baseline_passed_pending_presidio
fb_mock_000239,app_ans_000239,2026-06-12T12:47:00+08:00,短信链接,服务流程体验售后回访问卷,短信链接,服务流程体验型,22,端午服务保障复盘,服务流程复盘,东北,辽宁,大连,大连甘井子服务中心,到店服务,服务发起,3,7,中性,低,服务等待|App预约,服务顾问态度可以，希望下次能提前说明预计等待时间。后续可继续观察服务等待。这次我在大连大连甘井子服务中心，时间是雨天到店，希望结果更可追溯。我主要关注跨渠道信息一致性。样本号 MOCK-0239。,拒绝联系,是,false,app_user_0239,177****0239,辽B-MK239,LFAKE000000000239,283,iOS,true,mock-after-sales-v1,2026-06-09,baseline_passed_pending_presidio
fb_mock_000240,app_ans_000240,2026-05-01T09:00:00+08:00,企微链接,服务流程体验售后回访问卷,企微,服务流程体验型,22,到店流程体验复盘,服务流程复盘,华东,江苏,苏州,苏州吴中服务中心,移动服务,服务发起,3,8,中性,高,App预约|移动服务,流程基本顺畅，但到店后等待区的进度提醒还可以更清楚。后续可继续观察App预约。这次我在苏州苏州吴中服务中心，时间是下班后，希望服务口径一致。我主要关注首次响应。样本号 MOCK-0240。,已授权联系,不确定,true,app_user_0240,138****0240,苏E-DM0240,LFAKE000000000240,60,PC,true,mock-after-sales-v1,2026-06-09,baseline_passed_pending_presidio
fb_mock_000241,app_ans_000241,2026-05-04T16:13:00+08:00,问卷星,服务流程体验售后回访问卷,小程序,服务流程体验型,22,移动服务流程回访,服务流程复盘,西南,云南,昆明,昆明呈贡服务中心,到店服务,服务发起,2,5,负向,中,移动服务|服务等待,预约时间改了两次，前后说法不一致，影响安排。主要集中在移动服务、服务等待。这次我在昆明昆明呈贡服务中心，时间是午休时段，希望减少等待。我主要关注交付前说明。样本号 MOCK-0241。,拒绝联系,否,false,app_user_0241,139****0241,云A-MK241,LFAKE000000000241,77,iOS,true,mock-after-sales-v1,2026-06-09,baseline_passed_pending_presidio
fb_mock_000242,app_ans_000242,2026-05-07T13:26:00+08:00,问卷星,服务流程体验售后回访问卷,服务顾问代录,服务流程体验型,22,端午服务保障复盘,服务流程复盘,东北,辽宁,大连,大连甘井子服务中心,移动服务,服务发起,2,6,负向,中,服务等待|App预约,服务过程中进度反馈少，我需要自己反复去问。主要集中在服务等待、App预约。这次我在大连大连甘井子服务中心，时间是活动结束后，希望后续有人回访。我主要关注线上状态同步。样本号 MOCK-0242。,拒绝联系,否,false,app_user_0242,136****0242,辽B-MK242,LFAKE000000000242,94,PC,true,mock-after-sales-v1,2026-06-09,baseline_passed_pending_presidio
fb_mock_000243,app_ans_000243,2026-05-10T10:39:00+08:00,问卷星,服务流程体验售后回访问卷,App,服务流程体验型,22,到店流程体验复盘,服务流程复盘,华东,江苏,苏州,苏州吴中服务中心,到店服务,服务发起,2,5,负向,中,App预约|移动服务,到店后等待时间太长，期间没人主动告诉我还要等多久。主要集中在App预约、移动服务。这次我在苏州苏州吴中服务中心，时间是工作日上午，希望解释更直接。我主要关注现场等待安排。样本号 MOCK-0243。,已授权联系,否,false,app_user_0243,135****0243,苏E-MK243,LFAKE000000000243,111,iOS,true,mock-after-sales-v1,2026-06-09,baseline_passed_pending_presidio
fb_mock_000244,app_ans_000244,2026-05-13T17:52:00+08:00,问卷星,服务流程体验售后回访问卷,短信链接,服务流程体验型,22,移动服务流程回访,服务流程复盘,西南,云南,昆明,昆明呈贡服务中心,移动服务,服务发起,2,6,负向,中,移动服务|服务等待,预约时间改了两次，前后说法不一致，影响安排。主要集中在移动服务、服务等待。这次我在昆明昆明呈贡服务中心，时间是工作日下午，希望线上状态更准确。我主要关注后续闭环动作。样本号 MOCK-0244。,拒绝联系,是,false,app_user_0244,188****0244,云A-DM0244,LFAKE000000000244,128,PC,true,mock-after-sales-v1,2026-06-09,baseline_passed_pending_presidio
fb_mock_000245,app_ans_000245,2026-05-16T14:05:00+08:00,问卷星,服务流程体验售后回访问卷,企微,服务流程体验型,22,端午服务保障复盘,服务流程复盘,东北,辽宁,大连,大连甘井子服务中心,到店服务,服务发起,2,5,负向,中,服务等待|App预约,服务过程中进度反馈少，我需要自己反复去问。主要集中在服务等待、App预约。这次我在大连大连甘井子服务中心，时间是周末上午，希望提前同步进度。我主要关注服务顾问口径。样本号 MOCK-0245。,未询问,否,false,app_user_0245,177****0245,辽B-MK245,LFAKE000000000245,145,iOS,true,mock-after-sales-v1,2026-06-09,baseline_passed_pending_presidio
fb_mock_000246,app_ans_000246,2026-05-19T11:18:00+08:00,问卷星,服务流程体验售后回访问卷,小程序,服务流程体验型,22,到店流程体验复盘,服务流程复盘,华东,江苏,苏州,苏州吴中服务中心,移动服务,服务发起,2,6,负向,中,App预约|移动服务,到店后等待时间太长，期间没人主动告诉我还要等多久。主要集中在App预约、移动服务。这次我在苏州苏州吴中服务中心，时间是周末傍晚，希望结果更可追溯。我主要关注预约变更提醒。样本号 MOCK-0246。,已授权联系,否,false,app_user_0246,138****0246,苏E-MK246,LFAKE000000000246,162,PC,true,mock-after-sales-v1,2026-06-09,baseline_passed_pending_presidio
fb_mock_000247,app_ans_000247,2026-05-22T18:31:00+08:00,问卷星,服务流程体验售后回访问卷,服务顾问代录,服务流程体验型,22,移动服务流程回访,服务流程复盘,西南,云南,昆明,昆明呈贡服务中心,到店服务,服务发起,1,3,负向,高,移动服务|服务等待,预约时间改了两次，前后说法不一致，影响安排。主要集中在移动服务、服务等待。这次我在昆明昆明呈贡服务中心，时间是节前高峰，希望服务口径一致。我主要关注费用和权益解释。样本号 MOCK-0247。,拒绝联系,否,false,app_user_0247,139****0247,云A-MK247,LFAKE000000000247,179,iOS,true,mock-after-sales-v1,2026-06-09,baseline_passed_pending_presidio
fb_mock_000248,app_ans_000248,2026-05-25T15:44:00+08:00,问卷星,服务流程体验售后回访问卷,App,服务流程体验型,22,端午服务保障复盘,服务流程复盘,东北,辽宁,大连,大连甘井子服务中心,移动服务,服务发起,1,4,负向,高,服务等待|App预约,服务过程中进度反馈少，我需要自己反复去问。主要集中在服务等待、App预约。这次我在大连大连甘井子服务中心，时间是雨天到店，希望减少等待。我主要关注问题复核安排。样本号 MOCK-0248。,拒绝联系,是,false,app_user_0248,136****0248,辽B-DM0248,LFAKE000000000248,196,PC,true,mock-after-sales-v1,2026-06-09,baseline_passed_pending_presidio
fb_mock_000249,app_ans_000249,2026-05-28T12:57:00+08:00,问卷星,服务流程体验售后回访问卷,短信链接,服务流程体验型,22,到店流程体验复盘,服务流程复盘,华东,江苏,苏州,苏州吴中服务中心,到店服务,服务发起,1,3,负向,高,App预约|移动服务,到店后等待时间太长，期间没人主动告诉我还要等多久。主要集中在App预约、移动服务。这次我在苏州苏州吴中服务中心，时间是下班后，希望后续有人回访。我主要关注跨渠道信息一致性。样本号 MOCK-0249。,已授权联系,否,false,app_user_0249,135****0249,苏E-MK249,LFAKE000000000249,213,iOS,true,mock-after-sales-v1,2026-06-09,baseline_passed_pending_presidio
fb_mock_000250,app_ans_000250,2026-05-31T09:10:00+08:00,腾讯问卷,服务流程体验售后回访问卷,企微,服务流程体验型,22,移动服务流程回访,服务流程复盘,西南,云南,昆明,昆明呈贡服务中心,移动服务,服务发起,4,8,正向,高,移动服务|服务等待,移动服务按约定时间到达，整个流程很顺，不用反复催。值得复用的点是移动服务。这次我在昆明昆明呈贡服务中心，时间是午休时段，希望解释更直接。我主要关注首次响应。样本号 MOCK-0250。,未询问,是,true,app_user_0250,188****0250,云A-MK250,LFAKE000000000250,230,PC,true,mock-after-sales-v1,2026-06-09,baseline_passed_pending_presidio
fb_mock_000251,app_ans_000251,2026-06-03T16:23:00+08:00,腾讯问卷,服务流程体验售后回访问卷,小程序,服务流程体验型,22,端午服务保障复盘,服务流程复盘,东北,辽宁,大连,大连甘井子服务中心,到店服务,服务发起,4,8,正向,低,服务等待|App预约,取车交付很顺畅，服务顾问把后续注意事项说清楚了。值得复用的点是服务等待。这次我在大连大连甘井子服务中心，时间是活动结束后，希望线上状态更准确。我主要关注交付前说明。样本号 MOCK-0251。,拒绝联系,是,false,app_user_0251,177****0251,辽B-MK251,LFAKE000000000251,247,iOS,true,mock-after-sales-v1,2026-06-09,baseline_passed_pending_presidio
fb_mock_000252,app_ans_000252,2026-06-06T13:36:00+08:00,腾讯问卷,服务流程体验售后回访问卷,服务顾问代录,服务流程体验型,22,到店流程体验复盘,服务流程复盘,华东,江苏,苏州,苏州吴中服务中心,移动服务,服务发起,5,10,正向,低,App预约|移动服务,预约后确认很快，到店有人及时接待，进度同步也比较主动。值得复用的点是App预约。这次我在苏州苏州吴中服务中心，时间是工作日上午，希望提前同步进度。我主要关注线上状态同步。样本号 MOCK-0252。,拒绝联系,是,false,app_user_0252,138****0252,苏E-DM0252,LFAKE000000000252,264,PC,true,mock-after-sales-v1,2026-06-09,baseline_passed_pending_presidio
fb_mock_000253,app_ans_000253,2026-06-09T10:49:00+08:00,腾讯问卷,服务流程体验售后回访问卷,App,服务流程体验型,22,移动服务流程回访,服务流程复盘,西南,云南,昆明,昆明呈贡服务中心,到店服务,服务发起,4,8,正向,低,移动服务|服务等待,移动服务按约定时间到达，整个流程很顺，不用反复催。值得复用的点是移动服务。这次我在昆明昆明呈贡服务中心，时间是工作日下午，希望结果更可追溯。我主要关注现场等待安排。样本号 MOCK-0253。,拒绝联系,是,false,app_user_0253,139****0253,云A-MK253,LFAKE000000000253,281,iOS,true,mock-after-sales-v1,2026-06-09,baseline_passed_pending_presidio
fb_mock_000254,app_ans_000254,2026-06-12T17:02:00+08:00,腾讯问卷,服务流程体验售后回访问卷,短信链接,服务流程体验型,22,端午服务保障复盘,服务流程复盘,东北,辽宁,大连,大连甘井子服务中心,移动服务,服务发起,4,8,正向,低,服务等待|App预约,取车交付很顺畅，服务顾问把后续注意事项说清楚了。值得复用的点是服务等待。这次我在大连大连甘井子服务中心，时间是周末上午，希望服务口径一致。我主要关注后续闭环动作。样本号 MOCK-0254。,拒绝联系,是,false,app_user_0254,136****0254,辽B-MK254,LFAKE000000000254,298,PC,true,mock-after-sales-v1,2026-06-09,baseline_passed_pending_presidio
fb_mock_000255,app_ans_000255,2026-05-01T14:15:00+08:00,腾讯问卷,服务流程体验售后回访问卷,企微,服务流程体验型,22,到店流程体验复盘,服务流程复盘,华东,江苏,苏州,苏州吴中服务中心,到店服务,服务发起,5,9,正向,低,App预约|移动服务,预约后确认很快，到店有人及时接待，进度同步也比较主动。值得复用的点是App预约。这次我在苏州苏州吴中服务中心，时间是周末傍晚，希望减少等待。我主要关注服务顾问口径。样本号 MOCK-0255。,已授权联系,是,false,app_user_0255,135****0255,苏E-MK255,LFAKE000000000255,75,iOS,true,mock-after-sales-v1,2026-06-09,baseline_passed_pending_presidio
fb_mock_000256,app_ans_000256,2026-05-04T11:28:00+08:00,腾讯问卷,服务流程体验售后回访问卷,小程序,服务流程体验型,22,移动服务流程回访,服务流程复盘,西南,云南,昆明,昆明呈贡服务中心,移动服务,服务发起,3,8,中性,低,移动服务|服务等待,预约能完成，不过确认时间稍微有点长。后续可继续观察移动服务。这次我在昆明昆明呈贡服务中心，时间是节前高峰，希望后续有人回访。我主要关注预约变更提醒。样本号 MOCK-0256。,已授权联系,是,false,app_user_0256,188****0256,云A-DM0256,LFAKE000000000256,92,PC,true,mock-after-sales-v1,2026-06-09,baseline_passed_pending_presidio
fb_mock_000257,app_ans_000257,2026-05-07T18:41:00+08:00,App内问卷,服务流程体验售后回访问卷,服务顾问代录,服务流程体验型,22,端午服务保障复盘,服务流程复盘,东北,辽宁,大连,大连甘井子服务中心,到店服务,服务发起,3,7,中性,低,服务等待|App预约,服务顾问态度可以，希望下次能提前说明预计等待时间。后续可继续观察服务等待。这次我在大连大连甘井子服务中心，时间是雨天到店，希望解释更直接。我主要关注费用和权益解释。样本号 MOCK-0257。,拒绝联系,是,false,app_user_0257,177****0257,辽B-MK257,LFAKE000000000257,109,iOS,true,mock-after-sales-v1,2026-06-09,baseline_passed_pending_presidio
fb_mock_000258,app_ans_000258,2026-05-10T15:54:00+08:00,App内问卷,服务流程体验售后回访问卷,App,服务流程体验型,22,到店流程体验复盘,服务流程复盘,华东,江苏,苏州,苏州吴中服务中心,移动服务,服务发起,3,8,中性,低,App预约|移动服务,流程基本顺畅，但到店后等待区的进度提醒还可以更清楚。后续可继续观察App预约。这次我在苏州苏州吴中服务中心，时间是下班后，希望线上状态更准确。我主要关注问题复核安排。样本号 MOCK-0258。,拒绝联系,不确定,false,app_user_0258,138****0258,苏E-MK258,LFAKE000000000258,126,PC,true,mock-after-sales-v1,2026-06-09,baseline_passed_pending_presidio
fb_mock_000259,app_ans_000259,2026-05-13T12:07:00+08:00,短信链接,服务流程体验售后回访问卷,短信链接,服务流程体验型,22,移动服务流程回访,服务流程复盘,西南,云南,昆明,昆明呈贡服务中心,到店服务,服务发起,3,7,中性,低,移动服务|服务等待,预约能完成，不过确认时间稍微有点长。后续可继续观察移动服务。这次我在昆明昆明呈贡服务中心，时间是午休时段，希望提前同步进度。我主要关注跨渠道信息一致性。样本号 MOCK-0259。,拒绝联系,是,false,app_user_0259,139****0259,云A-MK259,LFAKE000000000259,143,iOS,true,mock-after-sales-v1,2026-06-09,baseline_passed_pending_presidio
fb_mock_000260,app_ans_000260,2026-05-16T09:20:00+08:00,企微链接,服务流程体验售后回访问卷,企微,服务流程体验型,22,端午服务保障复盘,服务流程复盘,东北,辽宁,大连,大连甘井子服务中心,移动服务,服务发起,3,8,中性,高,服务等待|App预约,服务顾问态度可以，希望下次能提前说明预计等待时间。后续可继续观察服务等待。这次我在大连大连甘井子服务中心，时间是活动结束后，希望结果更可追溯。我主要关注首次响应。样本号 MOCK-0260。,未询问,是,true,app_user_0260,136****0260,辽B-DM0260,LFAKE000000000260,160,PC,true,mock-after-sales-v1,2026-06-09,baseline_passed_pending_presidio
fb_mock_000261,app_ans_000261,2026-05-19T16:33:00+08:00,问卷星,服务流程体验售后回访问卷,小程序,服务流程体验型,22,到店流程体验复盘,服务流程复盘,华东,江苏,苏州,苏州吴中服务中心,到店服务,服务发起,2,5,负向,中,App预约|移动服务,到店后等待时间太长，期间没人主动告诉我还要等多久。主要集中在App预约、移动服务。这次我在苏州苏州吴中服务中心，时间是工作日上午，希望服务口径一致。我主要关注交付前说明。样本号 MOCK-0261。,已授权联系,否,false,app_user_0261,135****0261,苏E-MK261,LFAKE000000000261,177,iOS,true,mock-after-sales-v1,2026-06-09,baseline_passed_pending_presidio
fb_mock_000262,app_ans_000262,2026-05-22T13:46:00+08:00,问卷星,服务流程体验售后回访问卷,服务顾问代录,服务流程体验型,22,移动服务流程回访,服务流程复盘,西南,云南,昆明,昆明呈贡服务中心,移动服务,服务发起,2,6,负向,中,移动服务|服务等待,预约时间改了两次，前后说法不一致，影响安排。主要集中在移动服务、服务等待。这次我在昆明昆明呈贡服务中心，时间是工作日下午，希望减少等待。我主要关注线上状态同步。样本号 MOCK-0262。,拒绝联系,否,false,app_user_0262,188****0262,云A-MK262,LFAKE000000000262,194,PC,true,mock-after-sales-v1,2026-06-09,baseline_passed_pending_presidio
fb_mock_000263,app_ans_000263,2026-05-25T10:59:00+08:00,问卷星,服务流程体验售后回访问卷,App,服务流程体验型,22,端午服务保障复盘,服务流程复盘,东北,辽宁,大连,大连甘井子服务中心,到店服务,服务发起,2,5,负向,中,服务等待|App预约,服务过程中进度反馈少，我需要自己反复去问。主要集中在服务等待、App预约。这次我在大连大连甘井子服务中心，时间是周末上午，希望后续有人回访。我主要关注现场等待安排。样本号 MOCK-0263。,拒绝联系,否,false,app_user_0263,177****0263,辽B-MK263,LFAKE000000000263,211,iOS,true,mock-after-sales-v1,2026-06-09,baseline_passed_pending_presidio
fb_mock_000264,app_ans_000264,2026-05-28T17:12:00+08:00,问卷星,服务流程体验售后回访问卷,短信链接,服务流程体验型,22,到店流程体验复盘,服务流程复盘,华东,江苏,苏州,苏州吴中服务中心,移动服务,服务发起,2,6,负向,中,App预约|移动服务,到店后等待时间太长，期间没人主动告诉我还要等多久。主要集中在App预约、移动服务。这次我在苏州苏州吴中服务中心，时间是周末傍晚，希望解释更直接。我主要关注后续闭环动作。样本号 MOCK-0264。,已授权联系,是,false,app_user_0264,138****0264,苏E-DM0264,LFAKE000000000264,228,PC,true,mock-after-sales-v1,2026-06-09,baseline_passed_pending_presidio
fb_mock_000265,app_ans_000265,2026-05-31T14:25:00+08:00,问卷星,服务流程体验售后回访问卷,企微,服务流程体验型,22,移动服务流程回访,服务流程复盘,西南,云南,昆明,昆明呈贡服务中心,到店服务,服务发起,2,5,负向,中,移动服务|服务等待,预约时间改了两次，前后说法不一致，影响安排。主要集中在移动服务、服务等待。这次我在昆明昆明呈贡服务中心，时间是节前高峰，希望线上状态更准确。我主要关注服务顾问口径。样本号 MOCK-0265。,未询问,否,false,app_user_0265,139****0265,云A-MK265,LFAKE000000000265,245,iOS,true,mock-after-sales-v1,2026-06-09,baseline_passed_pending_presidio
fb_mock_000266,app_ans_000266,2026-06-03T11:38:00+08:00,问卷星,服务流程体验售后回访问卷,小程序,服务流程体验型,22,端午服务保障复盘,服务流程复盘,东北,辽宁,大连,大连甘井子服务中心,移动服务,服务发起,2,6,负向,中,服务等待|App预约,服务过程中进度反馈少，我需要自己反复去问。主要集中在服务等待、App预约。这次我在大连大连甘井子服务中心，时间是雨天到店，希望提前同步进度。我主要关注预约变更提醒。样本号 MOCK-0266。,拒绝联系,否,false,app_user_0266,136****0266,辽B-MK266,LFAKE000000000266,262,PC,true,mock-after-sales-v1,2026-06-09,baseline_passed_pending_presidio
fb_mock_000267,app_ans_000267,2026-06-06T18:51:00+08:00,问卷星,服务流程体验售后回访问卷,服务顾问代录,服务流程体验型,22,到店流程体验复盘,服务流程复盘,华东,江苏,苏州,苏州吴中服务中心,到店服务,服务发起,1,3,负向,高,App预约|移动服务,到店后等待时间太长，期间没人主动告诉我还要等多久。主要集中在App预约、移动服务。这次我在苏州苏州吴中服务中心，时间是下班后，希望结果更可追溯。我主要关注费用和权益解释。样本号 MOCK-0267。,已授权联系,否,false,app_user_0267,135****0267,苏E-MK267,LFAKE000000000267,279,iOS,true,mock-after-sales-v1,2026-06-09,baseline_passed_pending_presidio
fb_mock_000268,app_ans_000268,2026-06-09T15:04:00+08:00,问卷星,服务流程体验售后回访问卷,App,服务流程体验型,22,移动服务流程回访,服务流程复盘,西南,云南,昆明,昆明呈贡服务中心,移动服务,服务发起,1,4,负向,高,移动服务|服务等待,预约时间改了两次，前后说法不一致，影响安排。主要集中在移动服务、服务等待。这次我在昆明昆明呈贡服务中心，时间是午休时段，希望服务口径一致。我主要关注问题复核安排。样本号 MOCK-0268。,拒绝联系,是,false,app_user_0268,188****0268,云A-DM0268,LFAKE000000000268,296,PC,true,mock-after-sales-v1,2026-06-09,baseline_passed_pending_presidio
fb_mock_000269,app_ans_000269,2026-06-12T12:17:00+08:00,问卷星,服务流程体验售后回访问卷,短信链接,服务流程体验型,22,端午服务保障复盘,服务流程复盘,东北,辽宁,大连,大连甘井子服务中心,到店服务,服务发起,1,3,负向,高,服务等待|App预约,服务过程中进度反馈少，我需要自己反复去问。主要集中在服务等待、App预约。这次我在大连大连甘井子服务中心，时间是活动结束后，希望减少等待。我主要关注跨渠道信息一致性。样本号 MOCK-0269。,拒绝联系,否,false,app_user_0269,177****0269,辽B-MK269,LFAKE000000000269,73,iOS,true,mock-after-sales-v1,2026-06-09,baseline_passed_pending_presidio
fb_mock_000270,app_ans_000270,2026-05-01T09:30:00+08:00,腾讯问卷,服务流程体验售后回访问卷,企微,服务流程体验型,22,到店流程体验复盘,服务流程复盘,华东,江苏,苏州,苏州吴中服务中心,移动服务,服务发起,5,10,正向,高,App预约|移动服务,预约后确认很快，到店有人及时接待，进度同步也比较主动。值得复用的点是App预约。这次我在苏州苏州吴中服务中心，时间是工作日上午，希望后续有人回访。我主要关注首次响应。样本号 MOCK-0270。,已授权联系,是,true,app_user_0270,138****0270,苏E-MK270,LFAKE000000000270,90,PC,true,mock-after-sales-v1,2026-06-09,baseline_passed_pending_presidio
fb_mock_000271,app_ans_000271,2026-05-04T16:43:00+08:00,腾讯问卷,服务流程体验售后回访问卷,小程序,服务流程体验型,22,移动服务流程回访,服务流程复盘,西南,云南,昆明,昆明呈贡服务中心,到店服务,服务发起,4,8,正向,低,移动服务|服务等待,移动服务按约定时间到达，整个流程很顺，不用反复催。值得复用的点是移动服务。这次我在昆明昆明呈贡服务中心，时间是工作日下午，希望解释更直接。我主要关注交付前说明。样本号 MOCK-0271。,拒绝联系,是,false,app_user_0271,139****0271,云A-MK271,LFAKE000000000271,107,iOS,true,mock-after-sales-v1,2026-06-09,baseline_passed_pending_presidio
fb_mock_000272,app_ans_000272,2026-05-07T13:56:00+08:00,腾讯问卷,服务流程体验售后回访问卷,服务顾问代录,服务流程体验型,22,端午服务保障复盘,服务流程复盘,东北,辽宁,大连,大连甘井子服务中心,移动服务,服务发起,4,8,正向,低,服务等待|App预约,取车交付很顺畅，服务顾问把后续注意事项说清楚了。值得复用的点是服务等待。这次我在大连大连甘井子服务中心，时间是周末上午，希望线上状态更准确。我主要关注线上状态同步。样本号 MOCK-0272。,拒绝联系,是,false,app_user_0272,136****0272,辽B-DM0272,LFAKE000000000272,124,PC,true,mock-after-sales-v1,2026-06-09,baseline_passed_pending_presidio
fb_mock_000273,app_ans_000273,2026-05-10T10:09:00+08:00,腾讯问卷,服务流程体验售后回访问卷,App,服务流程体验型,22,到店流程体验复盘,服务流程复盘,华东,江苏,苏州,苏州吴中服务中心,到店服务,服务发起,5,9,正向,低,App预约|移动服务,预约后确认很快，到店有人及时接待，进度同步也比较主动。值得复用的点是App预约。这次我在苏州苏州吴中服务中心，时间是周末傍晚，希望提前同步进度。我主要关注现场等待安排。样本号 MOCK-0273。,拒绝联系,是,false,app_user_0273,135****0273,苏E-MK273,LFAKE000000000273,141,iOS,true,mock-after-sales-v1,2026-06-09,baseline_passed_pending_presidio
fb_mock_000274,app_ans_000274,2026-05-13T17:22:00+08:00,腾讯问卷,服务流程体验售后回访问卷,短信链接,服务流程体验型,22,移动服务流程回访,服务流程复盘,西南,云南,昆明,昆明呈贡服务中心,移动服务,服务发起,4,8,正向,低,移动服务|服务等待,移动服务按约定时间到达，整个流程很顺，不用反复催。值得复用的点是移动服务。这次我在昆明昆明呈贡服务中心，时间是节前高峰，希望结果更可追溯。我主要关注后续闭环动作。样本号 MOCK-0274。,拒绝联系,是,false,app_user_0274,188****0274,云A-MK274,LFAKE000000000274,158,PC,true,mock-after-sales-v1,2026-06-09,baseline_passed_pending_presidio
fb_mock_000275,app_ans_000275,2026-05-16T14:35:00+08:00,腾讯问卷,服务流程体验售后回访问卷,企微,服务流程体验型,22,端午服务保障复盘,服务流程复盘,东北,辽宁,大连,大连甘井子服务中心,到店服务,服务发起,4,8,正向,低,服务等待|App预约,取车交付很顺畅，服务顾问把后续注意事项说清楚了。值得复用的点是服务等待。这次我在大连大连甘井子服务中心，时间是雨天到店，希望服务口径一致。我主要关注服务顾问口径。样本号 MOCK-0275。,未询问,是,false,app_user_0275,177****0275,辽B-MK275,LFAKE000000000275,175,iOS,true,mock-after-sales-v1,2026-06-09,baseline_passed_pending_presidio
fb_mock_000276,app_ans_000276,2026-05-19T11:48:00+08:00,腾讯问卷,服务流程体验售后回访问卷,小程序,服务流程体验型,22,到店流程体验复盘,服务流程复盘,华东,江苏,苏州,苏州吴中服务中心,移动服务,服务发起,3,8,中性,低,App预约|移动服务,流程基本顺畅，但到店后等待区的进度提醒还可以更清楚。后续可继续观察App预约。这次我在苏州苏州吴中服务中心，时间是下班后，希望减少等待。我主要关注预约变更提醒。样本号 MOCK-0276。,拒绝联系,不确定,false,app_user_0276,138****0276,苏E-DM0276,LFAKE000000000276,192,PC,true,mock-after-sales-v1,2026-06-09,baseline_passed_pending_presidio
fb_mock_000277,app_ans_000277,2026-05-22T18:01:00+08:00,App内问卷,服务流程体验售后回访问卷,服务顾问代录,服务流程体验型,22,移动服务流程回访,服务流程复盘,西南,云南,昆明,昆明呈贡服务中心,到店服务,服务发起,3,7,中性,低,移动服务|服务等待,预约能完成，不过确认时间稍微有点长。后续可继续观察移动服务。这次我在昆明昆明呈贡服务中心，时间是午休时段，希望后续有人回访。我主要关注费用和权益解释。样本号 MOCK-0277。,拒绝联系,是,false,app_user_0277,139****0277,云A-MK277,LFAKE000000000277,209,iOS,true,mock-after-sales-v1,2026-06-09,baseline_passed_pending_presidio
fb_mock_000278,app_ans_000278,2026-05-25T15:14:00+08:00,App内问卷,服务流程体验售后回访问卷,App,服务流程体验型,22,端午服务保障复盘,服务流程复盘,东北,辽宁,大连,大连甘井子服务中心,移动服务,服务发起,3,8,中性,低,服务等待|App预约,服务顾问态度可以，希望下次能提前说明预计等待时间。后续可继续观察服务等待。这次我在大连大连甘井子服务中心，时间是活动结束后，希望解释更直接。我主要关注问题复核安排。样本号 MOCK-0278。,拒绝联系,是,false,app_user_0278,136****0278,辽B-MK278,LFAKE000000000278,226,PC,true,mock-after-sales-v1,2026-06-09,baseline_passed_pending_presidio
fb_mock_000279,app_ans_000279,2026-05-28T12:27:00+08:00,短信链接,服务流程体验售后回访问卷,短信链接,服务流程体验型,22,到店流程体验复盘,服务流程复盘,华东,江苏,苏州,苏州吴中服务中心,到店服务,服务发起,3,7,中性,低,App预约|移动服务,流程基本顺畅，但到店后等待区的进度提醒还可以更清楚。后续可继续观察App预约。这次我在苏州苏州吴中服务中心，时间是工作日上午，希望线上状态更准确。我主要关注跨渠道信息一致性。样本号 MOCK-0279。,拒绝联系,不确定,false,app_user_0279,135****0279,苏E-MK279,LFAKE000000000279,243,iOS,true,mock-after-sales-v1,2026-06-09,baseline_passed_pending_presidio
fb_mock_000280,app_ans_000280,2026-05-31T09:40:00+08:00,企微链接,服务流程体验售后回访问卷,企微,服务流程体验型,22,移动服务流程回访,服务流程复盘,西南,云南,昆明,昆明呈贡服务中心,移动服务,服务发起,3,8,中性,高,移动服务|服务等待,预约能完成，不过确认时间稍微有点长。后续可继续观察移动服务。这次我在昆明昆明呈贡服务中心，时间是工作日下午，希望提前同步进度。我主要关注首次响应。样本号 MOCK-0280。,已授权联系,是,true,app_user_0280,188****0280,云A-DM0280,LFAKE000000000280,260,PC,true,mock-after-sales-v1,2026-06-09,baseline_passed_pending_presidio
fb_mock_000281,app_ans_000281,2026-06-03T16:53:00+08:00,问卷星,服务流程体验售后回访问卷,小程序,服务流程体验型,22,端午服务保障复盘,服务流程复盘,东北,辽宁,大连,大连甘井子服务中心,到店服务,服务发起,2,5,负向,中,服务等待|App预约,服务过程中进度反馈少，我需要自己反复去问。主要集中在服务等待、App预约。这次我在大连大连甘井子服务中心，时间是周末上午，希望结果更可追溯。我主要关注交付前说明。样本号 MOCK-0281。,拒绝联系,否,false,app_user_0281,177****0281,辽B-MK281,LFAKE000000000281,277,iOS,true,mock-after-sales-v1,2026-06-09,baseline_passed_pending_presidio
fb_mock_000282,app_ans_000282,2026-06-06T13:06:00+08:00,问卷星,服务流程体验售后回访问卷,服务顾问代录,服务流程体验型,22,到店流程体验复盘,服务流程复盘,华东,江苏,苏州,苏州吴中服务中心,移动服务,服务发起,2,6,负向,中,App预约|移动服务,到店后等待时间太长，期间没人主动告诉我还要等多久。主要集中在App预约、移动服务。这次我在苏州苏州吴中服务中心，时间是周末傍晚，希望服务口径一致。我主要关注线上状态同步。样本号 MOCK-0282。,已授权联系,否,false,app_user_0282,138****0282,苏E-MK282,LFAKE000000000282,294,PC,true,mock-after-sales-v1,2026-06-09,baseline_passed_pending_presidio
fb_mock_000283,app_ans_000283,2026-06-09T10:19:00+08:00,问卷星,服务流程体验售后回访问卷,App,服务流程体验型,22,移动服务流程回访,服务流程复盘,西南,云南,昆明,昆明呈贡服务中心,到店服务,服务发起,2,5,负向,中,移动服务|服务等待,预约时间改了两次，前后说法不一致，影响安排。主要集中在移动服务、服务等待。这次我在昆明昆明呈贡服务中心，时间是节前高峰，希望减少等待。我主要关注现场等待安排。样本号 MOCK-0283。,拒绝联系,否,false,app_user_0283,139****0283,云A-MK283,LFAKE000000000283,71,iOS,true,mock-after-sales-v1,2026-06-09,baseline_passed_pending_presidio
fb_mock_000284,app_ans_000284,2026-06-12T17:32:00+08:00,问卷星,服务流程体验售后回访问卷,短信链接,服务流程体验型,22,端午服务保障复盘,服务流程复盘,东北,辽宁,大连,大连甘井子服务中心,移动服务,服务发起,2,6,负向,中,服务等待|App预约,服务过程中进度反馈少，我需要自己反复去问。主要集中在服务等待、App预约。这次我在大连大连甘井子服务中心，时间是雨天到店，希望后续有人回访。我主要关注后续闭环动作。样本号 MOCK-0284。,拒绝联系,是,false,app_user_0284,136****0284,辽B-DM0284,LFAKE000000000284,88,PC,true,mock-after-sales-v1,2026-06-09,baseline_passed_pending_presidio
fb_mock_000285,app_ans_000285,2026-05-01T14:45:00+08:00,问卷星,服务流程体验售后回访问卷,企微,服务流程体验型,22,到店流程体验复盘,服务流程复盘,华东,江苏,苏州,苏州吴中服务中心,到店服务,服务发起,2,5,负向,中,App预约|移动服务,到店后等待时间太长，期间没人主动告诉我还要等多久。主要集中在App预约、移动服务。这次我在苏州苏州吴中服务中心，时间是下班后，希望解释更直接。我主要关注服务顾问口径。样本号 MOCK-0285。,已授权联系,否,false,app_user_0285,135****0285,苏E-MK285,LFAKE000000000285,105,iOS,true,mock-after-sales-v1,2026-06-09,baseline_passed_pending_presidio
fb_mock_000286,app_ans_000286,2026-05-04T11:58:00+08:00,问卷星,服务流程体验售后回访问卷,小程序,服务流程体验型,22,移动服务流程回访,服务流程复盘,西南,云南,昆明,昆明呈贡服务中心,移动服务,服务发起,2,6,负向,中,移动服务|服务等待,预约时间改了两次，前后说法不一致，影响安排。主要集中在移动服务、服务等待。这次我在昆明昆明呈贡服务中心，时间是午休时段，希望线上状态更准确。我主要关注预约变更提醒。样本号 MOCK-0286。,拒绝联系,否,false,app_user_0286,188****0286,云A-MK286,LFAKE000000000286,122,PC,true,mock-after-sales-v1,2026-06-09,baseline_passed_pending_presidio
fb_mock_000287,app_ans_000287,2026-05-07T18:11:00+08:00,问卷星,服务流程体验售后回访问卷,服务顾问代录,服务流程体验型,22,端午服务保障复盘,服务流程复盘,东北,辽宁,大连,大连甘井子服务中心,到店服务,服务发起,1,3,负向,高,服务等待|App预约,服务过程中进度反馈少，我需要自己反复去问。主要集中在服务等待、App预约。这次我在大连大连甘井子服务中心，时间是活动结束后，希望提前同步进度。我主要关注费用和权益解释。样本号 MOCK-0287。,拒绝联系,否,false,app_user_0287,177****0287,辽B-MK287,LFAKE000000000287,139,iOS,true,mock-after-sales-v1,2026-06-09,baseline_passed_pending_presidio
fb_mock_000288,app_ans_000288,2026-05-10T15:24:00+08:00,问卷星,服务流程体验售后回访问卷,App,服务流程体验型,22,到店流程体验复盘,服务流程复盘,华东,江苏,苏州,苏州吴中服务中心,移动服务,服务发起,1,4,负向,高,App预约|移动服务,到店后等待时间太长，期间没人主动告诉我还要等多久。主要集中在App预约、移动服务。这次我在苏州苏州吴中服务中心，时间是工作日上午，希望结果更可追溯。我主要关注问题复核安排。样本号 MOCK-0288。,已授权联系,是,false,app_user_0288,138****0288,苏E-DM0288,LFAKE000000000288,156,PC,true,mock-after-sales-v1,2026-06-09,baseline_passed_pending_presidio
fb_mock_000289,app_ans_000289,2026-05-13T12:37:00+08:00,问卷星,服务流程体验售后回访问卷,短信链接,服务流程体验型,22,移动服务流程回访,服务流程复盘,西南,云南,昆明,昆明呈贡服务中心,到店服务,服务发起,1,3,负向,高,移动服务|服务等待,预约时间改了两次，前后说法不一致，影响安排。主要集中在移动服务、服务等待。这次我在昆明昆明呈贡服务中心，时间是工作日下午，希望服务口径一致。我主要关注跨渠道信息一致性。样本号 MOCK-0289。,拒绝联系,否,false,app_user_0289,139****0289,云A-MK289,LFAKE000000000289,173,iOS,true,mock-after-sales-v1,2026-06-09,baseline_passed_pending_presidio
fb_mock_000290,app_ans_000290,2026-05-16T09:50:00+08:00,腾讯问卷,服务流程体验售后回访问卷,企微,服务流程体验型,22,端午服务保障复盘,服务流程复盘,东北,辽宁,大连,大连甘井子服务中心,移动服务,服务发起,4,8,正向,高,服务等待|App预约,取车交付很顺畅，服务顾问把后续注意事项说清楚了。值得复用的点是服务等待。这次我在大连大连甘井子服务中心，时间是周末上午，希望减少等待。我主要关注首次响应。样本号 MOCK-0290。,未询问,是,true,app_user_0290,136****0290,辽B-MK290,LFAKE000000000290,190,PC,true,mock-after-sales-v1,2026-06-09,baseline_passed_pending_presidio
fb_mock_000291,app_ans_000291,2026-05-19T16:03:00+08:00,腾讯问卷,服务流程体验售后回访问卷,小程序,服务流程体验型,22,到店流程体验复盘,服务流程复盘,华东,江苏,苏州,苏州吴中服务中心,到店服务,服务发起,5,9,正向,低,App预约|移动服务,预约后确认很快，到店有人及时接待，进度同步也比较主动。值得复用的点是App预约。这次我在苏州苏州吴中服务中心，时间是周末傍晚，希望后续有人回访。我主要关注交付前说明。样本号 MOCK-0291。,拒绝联系,是,false,app_user_0291,135****0291,苏E-MK291,LFAKE000000000291,207,iOS,true,mock-after-sales-v1,2026-06-09,baseline_passed_pending_presidio
fb_mock_000292,app_ans_000292,2026-05-22T13:16:00+08:00,腾讯问卷,服务流程体验售后回访问卷,服务顾问代录,服务流程体验型,22,移动服务流程回访,服务流程复盘,西南,云南,昆明,昆明呈贡服务中心,移动服务,服务发起,4,8,正向,低,移动服务|服务等待,移动服务按约定时间到达，整个流程很顺，不用反复催。值得复用的点是移动服务。这次我在昆明昆明呈贡服务中心，时间是节前高峰，希望解释更直接。我主要关注线上状态同步。样本号 MOCK-0292。,拒绝联系,是,false,app_user_0292,188****0292,云A-DM0292,LFAKE000000000292,224,PC,true,mock-after-sales-v1,2026-06-09,baseline_passed_pending_presidio
fb_mock_000293,app_ans_000293,2026-05-25T10:29:00+08:00,腾讯问卷,服务流程体验售后回访问卷,App,服务流程体验型,22,端午服务保障复盘,服务流程复盘,东北,辽宁,大连,大连甘井子服务中心,到店服务,服务发起,4,8,正向,低,服务等待|App预约,取车交付很顺畅，服务顾问把后续注意事项说清楚了。值得复用的点是服务等待。这次我在大连大连甘井子服务中心，时间是雨天到店，希望线上状态更准确。我主要关注现场等待安排。样本号 MOCK-0293。,拒绝联系,是,false,app_user_0293,177****0293,辽B-MK293,LFAKE000000000293,241,iOS,true,mock-after-sales-v1,2026-06-09,baseline_passed_pending_presidio
fb_mock_000294,app_ans_000294,2026-05-28T17:42:00+08:00,腾讯问卷,服务流程体验售后回访问卷,短信链接,服务流程体验型,22,到店流程体验复盘,服务流程复盘,华东,江苏,苏州,苏州吴中服务中心,移动服务,服务发起,5,10,正向,低,App预约|移动服务,预约后确认很快，到店有人及时接待，进度同步也比较主动。值得复用的点是App预约。这次我在苏州苏州吴中服务中心，时间是下班后，希望提前同步进度。我主要关注后续闭环动作。样本号 MOCK-0294。,拒绝联系,是,false,app_user_0294,138****0294,苏E-MK294,LFAKE000000000294,258,PC,true,mock-after-sales-v1,2026-06-09,baseline_passed_pending_presidio
fb_mock_000295,app_ans_000295,2026-05-31T14:55:00+08:00,腾讯问卷,服务流程体验售后回访问卷,企微,服务流程体验型,22,移动服务流程回访,服务流程复盘,西南,云南,昆明,昆明呈贡服务中心,到店服务,服务发起,4,8,正向,低,移动服务|服务等待,移动服务按约定时间到达，整个流程很顺，不用反复催。值得复用的点是移动服务。这次我在昆明昆明呈贡服务中心，时间是午休时段，希望结果更可追溯。我主要关注服务顾问口径。样本号 MOCK-0295。,未询问,是,false,app_user_0295,139****0295,云A-MK295,LFAKE000000000295,275,iOS,true,mock-after-sales-v1,2026-06-09,baseline_passed_pending_presidio
fb_mock_000296,app_ans_000296,2026-06-03T11:08:00+08:00,腾讯问卷,服务流程体验售后回访问卷,小程序,服务流程体验型,22,端午服务保障复盘,服务流程复盘,东北,辽宁,大连,大连甘井子服务中心,移动服务,服务发起,3,8,中性,低,服务等待|App预约,服务顾问态度可以，希望下次能提前说明预计等待时间。后续可继续观察服务等待。这次我在大连大连甘井子服务中心，时间是活动结束后，希望服务口径一致。我主要关注预约变更提醒。样本号 MOCK-0296。,已授权联系,是,false,app_user_0296,136****0296,辽B-DM0296,LFAKE000000000296,292,PC,true,mock-after-sales-v1,2026-06-09,baseline_passed_pending_presidio
fb_mock_000297,app_ans_000297,2026-06-06T18:21:00+08:00,App内问卷,服务流程体验售后回访问卷,服务顾问代录,服务流程体验型,22,到店流程体验复盘,服务流程复盘,华东,江苏,苏州,苏州吴中服务中心,到店服务,服务发起,3,7,中性,低,App预约|移动服务,流程基本顺畅，但到店后等待区的进度提醒还可以更清楚。后续可继续观察App预约。这次我在苏州苏州吴中服务中心，时间是工作日上午，希望减少等待。我主要关注费用和权益解释。样本号 MOCK-0297。,拒绝联系,不确定,false,app_user_0297,135****0297,苏E-MK297,LFAKE000000000297,69,iOS,true,mock-after-sales-v1,2026-06-09,baseline_passed_pending_presidio
fb_mock_000298,app_ans_000298,2026-06-09T15:34:00+08:00,App内问卷,服务流程体验售后回访问卷,App,服务流程体验型,22,移动服务流程回访,服务流程复盘,西南,云南,昆明,昆明呈贡服务中心,移动服务,服务发起,3,8,中性,低,移动服务|服务等待,预约能完成，不过确认时间稍微有点长。后续可继续观察移动服务。这次我在昆明昆明呈贡服务中心，时间是工作日下午，希望后续有人回访。我主要关注问题复核安排。样本号 MOCK-0298。,拒绝联系,是,false,app_user_0298,188****0298,云A-MK298,LFAKE000000000298,86,PC,true,mock-after-sales-v1,2026-06-09,baseline_passed_pending_presidio
fb_mock_000299,app_ans_000299,2026-06-12T12:47:00+08:00,短信链接,服务流程体验售后回访问卷,短信链接,服务流程体验型,22,端午服务保障复盘,服务流程复盘,东北,辽宁,大连,大连甘井子服务中心,到店服务,服务发起,3,7,中性,低,服务等待|App预约,服务顾问态度可以，希望下次能提前说明预计等待时间。后续可继续观察服务等待。这次我在大连大连甘井子服务中心，时间是周末上午，希望解释更直接。我主要关注跨渠道信息一致性。样本号 MOCK-0299。,拒绝联系,是,false,app_user_0299,177****0299,辽B-MK299,LFAKE000000000299,103,iOS,true,mock-after-sales-v1,2026-06-09,baseline_passed_pending_presidio
fb_mock_000300,app_ans_000300,2026-05-01T09:00:00+08:00,企微链接,服务流程体验售后回访问卷,企微,服务流程体验型,22,到店流程体验复盘,服务流程复盘,华东,江苏,苏州,苏州吴中服务中心,移动服务,服务发起,3,8,中性,高,App预约|移动服务,流程基本顺畅，但到店后等待区的进度提醒还可以更清楚。后续可继续观察App预约。这次我在苏州苏州吴中服务中心，时间是周末傍晚，希望线上状态更准确。我主要关注首次响应。样本号 MOCK-0300。,未询问,不确定,true,app_user_0300,138****0300,苏E-DM0300,LFAKE000000000300,120,PC,true,mock-after-sales-v1,2026-06-09,baseline_passed_pending_presidio
fb_mock_000301,app_ans_000301,2026-05-04T16:13:00+08:00,问卷星,补能App智能化体验问卷,服务顾问代录,补能/App/智能化体验型,20,夏季补能体验回访,数字化触点复盘,华中,河南,郑州,郑州高新服务中心,App/OTA,补能体验,2,5,负向,中,费用理解|补能效率,充电排队信息不准确，到现场才知道要等很久。主要集中在费用理解、补能效率。这次我在郑州郑州高新服务中心，时间是节前高峰，希望提前同步进度。我主要关注交付前说明。样本号 MOCK-0301。,拒绝联系,否,false,app_user_0301,139****0301,豫A-MK301,LFAKE000000000301,137,iOS,true,mock-after-sales-v1,2026-06-09,baseline_passed_pending_presidio
fb_mock_000302,app_ans_000302,2026-05-07T13:26:00+08:00,问卷星,补能App智能化体验问卷,App,补能/App/智能化体验型,20,App预约体验复盘,数字化触点复盘,华南,广东,东莞,东莞南城服务中心,补能体验,服务发起,2,6,负向,中,服务等待|App预约,OTA失败原因不清楚，客服也没有给到明确处理方式。主要集中在服务等待、App预约。这次我在东莞东莞南城服务中心，时间是雨天到店，希望结果更可追溯。我主要关注线上状态同步。样本号 MOCK-0302。,拒绝联系,否,false,app_user_0302,136****0302,粤S-MK302,LFAKE000000000302,154,PC,true,mock-after-sales-v1,2026-06-09,baseline_passed_pending_presidio
fb_mock_000303,app_ans_000303,2026-05-10T10:39:00+08:00,问卷星,补能App智能化体验问卷,短信链接,补能/App/智能化体验型,20,OTA功能理解回访,数字化触点复盘,华北,山东,济南,济南高新服务中心,App/OTA,软件与智能化,2,5,负向,中,App使用|OTA理解,App预约失败后没有明确提示，只能反复提交。主要集中在App使用、OTA理解。这次我在济南济南高新服务中心，时间是下班后，希望服务口径一致。我主要关注现场等待安排。样本号 MOCK-0303。,已授权联系,否,false,app_user_0303,135****0303,鲁A-MK303,LFAKE000000000303,171,iOS,true,mock-after-sales-v1,2026-06-09,baseline_passed_pending_presidio
fb_mock_000304,app_ans_000304,2026-05-13T17:52:00+08:00,问卷星,补能App智能化体验问卷,企微,补能/App/智能化体验型,20,夏季补能体验回访,数字化触点复盘,华中,河南,郑州,郑州高新服务中心,补能体验,补能体验,2,6,负向,中,费用理解|补能效率,充电排队信息不准确，到现场才知道要等很久。主要集中在费用理解、补能效率。这次我在郑州郑州高新服务中心，时间是午休时段，希望减少等待。我主要关注后续闭环动作。样本号 MOCK-0304。,拒绝联系,是,false,app_user_0304,188****0304,豫A-DM0304,LFAKE000000000304,188,PC,true,mock-after-sales-v1,2026-06-09,baseline_passed_pending_presidio
fb_mock_000305,app_ans_000305,2026-05-16T14:05:00+08:00,问卷星,补能App智能化体验问卷,小程序,补能/App/智能化体验型,20,App预约体验复盘,数字化触点复盘,华南,广东,东莞,东莞南城服务中心,App/OTA,服务发起,2,5,负向,中,服务等待|App预约,OTA失败原因不清楚，客服也没有给到明确处理方式。主要集中在服务等待、App预约。这次我在东莞东莞南城服务中心，时间是活动结束后，希望后续有人回访。我主要关注服务顾问口径。样本号 MOCK-0305。,未询问,否,false,app_user_0305,177****0305,粤S-MK305,LFAKE000000000305,205,iOS,true,mock-after-sales-v1,2026-06-09,baseline_passed_pending_presidio
fb_mock_000306,app_ans_000306,2026-05-19T11:18:00+08:00,问卷星,补能App智能化体验问卷,服务顾问代录,补能/App/智能化体验型,20,OTA功能理解回访,数字化触点复盘,华北,山东,济南,济南高新服务中心,补能体验,软件与智能化,2,6,负向,中,App使用|OTA理解,App预约失败后没有明确提示，只能反复提交。主要集中在App使用、OTA理解。这次我在济南济南高新服务中心，时间是工作日上午，希望解释更直接。我主要关注预约变更提醒。样本号 MOCK-0306。,已授权联系,否,false,app_user_0306,138****0306,鲁A-MK306,LFAKE000000000306,222,PC,true,mock-after-sales-v1,2026-06-09,baseline_passed_pending_presidio
fb_mock_000307,app_ans_000307,2026-05-22T18:31:00+08:00,问卷星,补能App智能化体验问卷,App,补能/App/智能化体验型,20,夏季补能体验回访,数字化触点复盘,华中,河南,郑州,郑州高新服务中心,App/OTA,补能体验,1,3,负向,高,费用理解|补能效率,充电排队信息不准确，到现场才知道要等很久。主要集中在费用理解、补能效率。这次我在郑州郑州高新服务中心，时间是工作日下午，希望线上状态更准确。我主要关注费用和权益解释。样本号 MOCK-0307。,拒绝联系,否,false,app_user_0307,139****0307,豫A-MK307,LFAKE000000000307,239,iOS,true,mock-after-sales-v1,2026-06-09,baseline_passed_pending_presidio
fb_mock_000308,app_ans_000308,2026-05-25T15:44:00+08:00,问卷星,补能App智能化体验问卷,短信链接,补能/App/智能化体验型,20,App预约体验复盘,数字化触点复盘,华南,广东,东莞,东莞南城服务中心,补能体验,服务发起,1,4,负向,高,服务等待|App预约,OTA失败原因不清楚，客服也没有给到明确处理方式。主要集中在服务等待、App预约。这次我在东莞东莞南城服务中心，时间是周末上午，希望提前同步进度。我主要关注问题复核安排。样本号 MOCK-0308。,拒绝联系,是,false,app_user_0308,136****0308,粤S-DM0308,LFAKE000000000308,256,PC,true,mock-after-sales-v1,2026-06-09,baseline_passed_pending_presidio
fb_mock_000309,app_ans_000309,2026-05-28T12:57:00+08:00,问卷星,补能App智能化体验问卷,企微,补能/App/智能化体验型,20,OTA功能理解回访,数字化触点复盘,华北,山东,济南,济南高新服务中心,App/OTA,软件与智能化,1,3,负向,高,App使用|OTA理解,App预约失败后没有明确提示，只能反复提交。主要集中在App使用、OTA理解。这次我在济南济南高新服务中心，时间是周末傍晚，希望结果更可追溯。我主要关注跨渠道信息一致性。样本号 MOCK-0309。,已授权联系,否,false,app_user_0309,135****0309,鲁A-MK309,LFAKE000000000309,273,iOS,true,mock-after-sales-v1,2026-06-09,baseline_passed_pending_presidio
fb_mock_000310,app_ans_000310,2026-05-31T09:10:00+08:00,腾讯问卷,补能App智能化体验问卷,小程序,补能/App/智能化体验型,20,夏季补能体验回访,数字化触点复盘,华中,河南,郑州,郑州高新服务中心,补能体验,补能体验,4,8,正向,高,费用理解|补能效率,补能站点指引比较清楚，现场人员能主动协调排队。值得复用的点是费用理解。这次我在郑州郑州高新服务中心，时间是节前高峰，希望服务口径一致。我主要关注首次响应。样本号 MOCK-0310。,未询问,是,true,app_user_0310,188****0310,豫A-MK310,LFAKE000000000310,290,PC,true,mock-after-sales-v1,2026-06-09,baseline_passed_pending_presidio
fb_mock_000311,app_ans_000311,2026-06-03T16:23:00+08:00,腾讯问卷,补能App智能化体验问卷,服务顾问代录,补能/App/智能化体验型,20,App预约体验复盘,数字化触点复盘,华南,广东,东莞,东莞南城服务中心,App/OTA,服务发起,4,8,正向,低,服务等待|App预约,OTA提示内容比较明确，升级后功能使用正常。值得复用的点是服务等待。这次我在东莞东莞南城服务中心，时间是雨天到店，希望减少等待。我主要关注交付前说明。样本号 MOCK-0311。,拒绝联系,是,false,app_user_0311,177****0311,粤S-MK311,LFAKE000000000311,67,iOS,true,mock-after-sales-v1,2026-06-09,baseline_passed_pending_presidio
fb_mock_000312,app_ans_000312,2026-06-06T13:36:00+08:00,腾讯问卷,补能App智能化体验问卷,App,补能/App/智能化体验型,20,OTA功能理解回访,数字化触点复盘,华北,山东,济南,济南高新服务中心,补能体验,软件与智能化,5,10,正向,低,App使用|OTA理解,App预约入口清楚，状态更新及时，服务中心也很快确认。值得复用的点是App使用。这次我在济南济南高新服务中心，时间是下班后，希望后续有人回访。我主要关注线上状态同步。样本号 MOCK-0312。,拒绝联系,是,false,app_user_0312,138****0312,鲁A-DM0312,LFAKE000000000312,84,PC,true,mock-after-sales-v1,2026-06-09,baseline_passed_pending_presidio
fb_mock_000313,app_ans_000313,2026-06-09T10:49:00+08:00,腾讯问卷,补能App智能化体验问卷,短信链接,补能/App/智能化体验型,20,夏季补能体验回访,数字化触点复盘,华中,河南,郑州,郑州高新服务中心,App/OTA,补能体验,4,8,正向,低,费用理解|补能效率,补能站点指引比较清楚，现场人员能主动协调排队。值得复用的点是费用理解。这次我在郑州郑州高新服务中心，时间是午休时段，希望解释更直接。我主要关注现场等待安排。样本号 MOCK-0313。,拒绝联系,是,false,app_user_0313,139****0313,豫A-MK313,LFAKE000000000313,101,iOS,true,mock-after-sales-v1,2026-06-09,baseline_passed_pending_presidio
fb_mock_000314,app_ans_000314,2026-06-12T17:02:00+08:00,腾讯问卷,补能App智能化体验问卷,企微,补能/App/智能化体验型,20,App预约体验复盘,数字化触点复盘,华南,广东,东莞,东莞南城服务中心,补能体验,服务发起,4,8,正向,低,服务等待|App预约,OTA提示内容比较明确，升级后功能使用正常。值得复用的点是服务等待。这次我在东莞东莞南城服务中心，时间是活动结束后，希望线上状态更准确。我主要关注后续闭环动作。样本号 MOCK-0314。,拒绝联系,是,false,app_user_0314,136****0314,粤S-MK314,LFAKE000000000314,118,PC,true,mock-after-sales-v1,2026-06-09,baseline_passed_pending_presidio
fb_mock_000315,app_ans_000315,2026-05-01T14:15:00+08:00,腾讯问卷,补能App智能化体验问卷,小程序,补能/App/智能化体验型,20,OTA功能理解回访,数字化触点复盘,华北,山东,济南,济南高新服务中心,App/OTA,软件与智能化,5,9,正向,低,App使用|OTA理解,App预约入口清楚，状态更新及时，服务中心也很快确认。值得复用的点是App使用。这次我在济南济南高新服务中心，时间是工作日上午，希望提前同步进度。我主要关注服务顾问口径。样本号 MOCK-0315。,已授权联系,是,false,app_user_0315,135****0315,鲁A-MK315,LFAKE000000000315,135,iOS,true,mock-after-sales-v1,2026-06-09,baseline_passed_pending_presidio
fb_mock_000316,app_ans_000316,2026-05-04T11:28:00+08:00,腾讯问卷,补能App智能化体验问卷,服务顾问代录,补能/App/智能化体验型,20,夏季补能体验回访,数字化触点复盘,华中,河南,郑州,郑州高新服务中心,补能体验,补能体验,3,8,中性,低,费用理解|补能效率,补能基本顺利，高峰期排队时间稍长。后续可继续观察费用理解。这次我在郑州郑州高新服务中心，时间是工作日下午，希望结果更可追溯。我主要关注预约变更提醒。样本号 MOCK-0316。,拒绝联系,是,false,app_user_0316,188****0316,豫A-DM0316,LFAKE000000000316,152,PC,true,mock-after-sales-v1,2026-06-09,baseline_passed_pending_presidio
fb_mock_000317,app_ans_000317,2026-05-07T18:41:00+08:00,App内问卷,补能App智能化体验问卷,App,补能/App/智能化体验型,20,App预约体验复盘,数字化触点复盘,华南,广东,东莞,东莞南城服务中心,App/OTA,服务发起,3,7,中性,低,服务等待|App预约,OTA升级完成了，希望失败提示和处理方式更清楚。后续可继续观察服务等待。这次我在东莞东莞南城服务中心，时间是周末上午，希望服务口径一致。我主要关注费用和权益解释。样本号 MOCK-0317。,拒绝联系,是,false,app_user_0317,177****0317,粤S-MK317,LFAKE000000000317,169,iOS,true,mock-after-sales-v1,2026-06-09,baseline_passed_pending_presidio
fb_mock_000318,app_ans_000318,2026-05-10T15:54:00+08:00,App内问卷,补能App智能化体验问卷,短信链接,补能/App/智能化体验型,20,OTA功能理解回访,数字化触点复盘,华北,山东,济南,济南高新服务中心,补能体验,软件与智能化,3,8,中性,低,App使用|OTA理解,App能完成预约，但状态文案不够直观，需要自己理解。后续可继续观察App使用。这次我在济南济南高新服务中心，时间是周末傍晚，希望减少等待。我主要关注问题复核安排。样本号 MOCK-0318。,拒绝联系,不确定,false,app_user_0318,138****0318,鲁A-MK318,LFAKE000000000318,186,PC,true,mock-after-sales-v1,2026-06-09,baseline_passed_pending_presidio
fb_mock_000319,app_ans_000319,2026-05-13T12:07:00+08:00,短信链接,补能App智能化体验问卷,企微,补能/App/智能化体验型,20,夏季补能体验回访,数字化触点复盘,华中,河南,郑州,郑州高新服务中心,App/OTA,补能体验,3,7,中性,低,费用理解|补能效率,补能基本顺利，高峰期排队时间稍长。后续可继续观察费用理解。这次我在郑州郑州高新服务中心，时间是节前高峰，希望后续有人回访。我主要关注跨渠道信息一致性。样本号 MOCK-0319。,拒绝联系,是,false,app_user_0319,139****0319,豫A-MK319,LFAKE000000000319,203,iOS,true,mock-after-sales-v1,2026-06-09,baseline_passed_pending_presidio
fb_mock_000320,app_ans_000320,2026-05-16T09:20:00+08:00,企微链接,补能App智能化体验问卷,小程序,补能/App/智能化体验型,20,App预约体验复盘,数字化触点复盘,华南,广东,东莞,东莞南城服务中心,补能体验,服务发起,3,8,中性,高,服务等待|App预约,OTA升级完成了，希望失败提示和处理方式更清楚。后续可继续观察服务等待。这次我在东莞东莞南城服务中心，时间是雨天到店，希望解释更直接。我主要关注首次响应。样本号 MOCK-0320。,已授权联系,是,true,app_user_0320,136****0320,粤S-DM0320,LFAKE000000000320,220,PC,true,mock-after-sales-v1,2026-06-09,baseline_passed_pending_presidio
fb_mock_000321,app_ans_000321,2026-05-19T16:33:00+08:00,问卷星,补能App智能化体验问卷,服务顾问代录,补能/App/智能化体验型,20,OTA功能理解回访,数字化触点复盘,华北,山东,济南,济南高新服务中心,App/OTA,软件与智能化,2,5,负向,中,App使用|OTA理解,App预约失败后没有明确提示，只能反复提交。主要集中在App使用、OTA理解。这次我在济南济南高新服务中心，时间是下班后，希望线上状态更准确。我主要关注交付前说明。样本号 MOCK-0321。,已授权联系,否,false,app_user_0321,135****0321,鲁A-MK321,LFAKE000000000321,237,iOS,true,mock-after-sales-v1,2026-06-09,baseline_passed_pending_presidio
fb_mock_000322,app_ans_000322,2026-05-22T13:46:00+08:00,问卷星,补能App智能化体验问卷,App,补能/App/智能化体验型,20,夏季补能体验回访,数字化触点复盘,华中,河南,郑州,郑州高新服务中心,补能体验,补能体验,2,6,负向,中,费用理解|补能效率,充电排队信息不准确，到现场才知道要等很久。主要集中在费用理解、补能效率。这次我在郑州郑州高新服务中心，时间是午休时段，希望提前同步进度。我主要关注线上状态同步。样本号 MOCK-0322。,拒绝联系,否,false,app_user_0322,188****0322,豫A-MK322,LFAKE000000000322,254,PC,true,mock-after-sales-v1,2026-06-09,baseline_passed_pending_presidio
fb_mock_000323,app_ans_000323,2026-05-25T10:59:00+08:00,问卷星,补能App智能化体验问卷,短信链接,补能/App/智能化体验型,20,App预约体验复盘,数字化触点复盘,华南,广东,东莞,东莞南城服务中心,App/OTA,服务发起,2,5,负向,中,服务等待|App预约,OTA失败原因不清楚，客服也没有给到明确处理方式。主要集中在服务等待、App预约。这次我在东莞东莞南城服务中心，时间是活动结束后，希望结果更可追溯。我主要关注现场等待安排。样本号 MOCK-0323。,拒绝联系,否,false,app_user_0323,177****0323,粤S-MK323,LFAKE000000000323,271,iOS,true,mock-after-sales-v1,2026-06-09,baseline_passed_pending_presidio
fb_mock_000324,app_ans_000324,2026-05-28T17:12:00+08:00,问卷星,补能App智能化体验问卷,企微,补能/App/智能化体验型,20,OTA功能理解回访,数字化触点复盘,华北,山东,济南,济南高新服务中心,补能体验,软件与智能化,2,6,负向,中,App使用|OTA理解,App预约失败后没有明确提示，只能反复提交。主要集中在App使用、OTA理解。这次我在济南济南高新服务中心，时间是工作日上午，希望服务口径一致。我主要关注后续闭环动作。样本号 MOCK-0324。,已授权联系,是,false,app_user_0324,138****0324,鲁A-DM0324,LFAKE000000000324,288,PC,true,mock-after-sales-v1,2026-06-09,baseline_passed_pending_presidio
fb_mock_000325,app_ans_000325,2026-05-31T14:25:00+08:00,问卷星,补能App智能化体验问卷,小程序,补能/App/智能化体验型,20,夏季补能体验回访,数字化触点复盘,华中,河南,郑州,郑州高新服务中心,App/OTA,补能体验,2,5,负向,中,费用理解|补能效率,充电排队信息不准确，到现场才知道要等很久。主要集中在费用理解、补能效率。这次我在郑州郑州高新服务中心，时间是工作日下午，希望减少等待。我主要关注服务顾问口径。样本号 MOCK-0325。,未询问,否,false,app_user_0325,139****0325,豫A-MK325,LFAKE000000000325,65,iOS,true,mock-after-sales-v1,2026-06-09,baseline_passed_pending_presidio
fb_mock_000326,app_ans_000326,2026-06-03T11:38:00+08:00,问卷星,补能App智能化体验问卷,服务顾问代录,补能/App/智能化体验型,20,App预约体验复盘,数字化触点复盘,华南,广东,东莞,东莞南城服务中心,补能体验,服务发起,2,6,负向,中,服务等待|App预约,OTA失败原因不清楚，客服也没有给到明确处理方式。主要集中在服务等待、App预约。这次我在东莞东莞南城服务中心，时间是周末上午，希望后续有人回访。我主要关注预约变更提醒。样本号 MOCK-0326。,拒绝联系,否,false,app_user_0326,136****0326,粤S-MK326,LFAKE000000000326,82,PC,true,mock-after-sales-v1,2026-06-09,baseline_passed_pending_presidio
fb_mock_000327,app_ans_000327,2026-06-06T18:51:00+08:00,问卷星,补能App智能化体验问卷,App,补能/App/智能化体验型,20,OTA功能理解回访,数字化触点复盘,华北,山东,济南,济南高新服务中心,App/OTA,软件与智能化,1,3,负向,高,App使用|OTA理解,App预约失败后没有明确提示，只能反复提交。主要集中在App使用、OTA理解。这次我在济南济南高新服务中心，时间是周末傍晚，希望解释更直接。我主要关注费用和权益解释。样本号 MOCK-0327。,已授权联系,否,false,app_user_0327,135****0327,鲁A-MK327,LFAKE000000000327,99,iOS,true,mock-after-sales-v1,2026-06-09,baseline_passed_pending_presidio
fb_mock_000328,app_ans_000328,2026-06-09T15:04:00+08:00,问卷星,补能App智能化体验问卷,短信链接,补能/App/智能化体验型,20,夏季补能体验回访,数字化触点复盘,华中,河南,郑州,郑州高新服务中心,补能体验,补能体验,1,4,负向,高,费用理解|补能效率,充电排队信息不准确，到现场才知道要等很久。主要集中在费用理解、补能效率。这次我在郑州郑州高新服务中心，时间是节前高峰，希望线上状态更准确。我主要关注问题复核安排。样本号 MOCK-0328。,拒绝联系,是,false,app_user_0328,188****0328,豫A-DM0328,LFAKE000000000328,116,PC,true,mock-after-sales-v1,2026-06-09,baseline_passed_pending_presidio
fb_mock_000329,app_ans_000329,2026-06-12T12:17:00+08:00,问卷星,补能App智能化体验问卷,企微,补能/App/智能化体验型,20,App预约体验复盘,数字化触点复盘,华南,广东,东莞,东莞南城服务中心,App/OTA,服务发起,1,3,负向,高,服务等待|App预约,OTA失败原因不清楚，客服也没有给到明确处理方式。主要集中在服务等待、App预约。这次我在东莞东莞南城服务中心，时间是雨天到店，希望提前同步进度。我主要关注跨渠道信息一致性。样本号 MOCK-0329。,拒绝联系,否,false,app_user_0329,177****0329,粤S-MK329,LFAKE000000000329,133,iOS,true,mock-after-sales-v1,2026-06-09,baseline_passed_pending_presidio
fb_mock_000330,app_ans_000330,2026-05-01T09:30:00+08:00,腾讯问卷,补能App智能化体验问卷,小程序,补能/App/智能化体验型,20,OTA功能理解回访,数字化触点复盘,华北,山东,济南,济南高新服务中心,补能体验,软件与智能化,5,10,正向,高,App使用|OTA理解,App预约入口清楚，状态更新及时，服务中心也很快确认。值得复用的点是App使用。这次我在济南济南高新服务中心，时间是下班后，希望结果更可追溯。我主要关注首次响应。样本号 MOCK-0330。,已授权联系,是,true,app_user_0330,138****0330,鲁A-MK330,LFAKE000000000330,150,PC,true,mock-after-sales-v1,2026-06-09,baseline_passed_pending_presidio
fb_mock_000331,app_ans_000331,2026-05-04T16:43:00+08:00,腾讯问卷,补能App智能化体验问卷,服务顾问代录,补能/App/智能化体验型,20,夏季补能体验回访,数字化触点复盘,华中,河南,郑州,郑州高新服务中心,App/OTA,补能体验,4,8,正向,低,费用理解|补能效率,补能站点指引比较清楚，现场人员能主动协调排队。值得复用的点是费用理解。这次我在郑州郑州高新服务中心，时间是午休时段，希望服务口径一致。我主要关注交付前说明。样本号 MOCK-0331。,拒绝联系,是,false,app_user_0331,139****0331,豫A-MK331,LFAKE000000000331,167,iOS,true,mock-after-sales-v1,2026-06-09,baseline_passed_pending_presidio
fb_mock_000332,app_ans_000332,2026-05-07T13:56:00+08:00,腾讯问卷,补能App智能化体验问卷,App,补能/App/智能化体验型,20,App预约体验复盘,数字化触点复盘,华南,广东,东莞,东莞南城服务中心,补能体验,服务发起,4,8,正向,低,服务等待|App预约,OTA提示内容比较明确，升级后功能使用正常。值得复用的点是服务等待。这次我在东莞东莞南城服务中心，时间是活动结束后，希望减少等待。我主要关注线上状态同步。样本号 MOCK-0332。,拒绝联系,是,false,app_user_0332,136****0332,粤S-DM0332,LFAKE000000000332,184,PC,true,mock-after-sales-v1,2026-06-09,baseline_passed_pending_presidio
fb_mock_000333,app_ans_000333,2026-05-10T10:09:00+08:00,腾讯问卷,补能App智能化体验问卷,短信链接,补能/App/智能化体验型,20,OTA功能理解回访,数字化触点复盘,华北,山东,济南,济南高新服务中心,App/OTA,软件与智能化,5,9,正向,低,App使用|OTA理解,App预约入口清楚，状态更新及时，服务中心也很快确认。值得复用的点是App使用。这次我在济南济南高新服务中心，时间是工作日上午，希望后续有人回访。我主要关注现场等待安排。样本号 MOCK-0333。,拒绝联系,是,false,app_user_0333,135****0333,鲁A-MK333,LFAKE000000000333,201,iOS,true,mock-after-sales-v1,2026-06-09,baseline_passed_pending_presidio
fb_mock_000334,app_ans_000334,2026-05-13T17:22:00+08:00,腾讯问卷,补能App智能化体验问卷,企微,补能/App/智能化体验型,20,夏季补能体验回访,数字化触点复盘,华中,河南,郑州,郑州高新服务中心,补能体验,补能体验,4,8,正向,低,费用理解|补能效率,补能站点指引比较清楚，现场人员能主动协调排队。值得复用的点是费用理解。这次我在郑州郑州高新服务中心，时间是工作日下午，希望解释更直接。我主要关注后续闭环动作。样本号 MOCK-0334。,拒绝联系,是,false,app_user_0334,188****0334,豫A-MK334,LFAKE000000000334,218,PC,true,mock-after-sales-v1,2026-06-09,baseline_passed_pending_presidio
fb_mock_000335,app_ans_000335,2026-05-16T14:35:00+08:00,腾讯问卷,补能App智能化体验问卷,小程序,补能/App/智能化体验型,20,App预约体验复盘,数字化触点复盘,华南,广东,东莞,东莞南城服务中心,App/OTA,服务发起,4,8,正向,低,服务等待|App预约,OTA提示内容比较明确，升级后功能使用正常。值得复用的点是服务等待。这次我在东莞东莞南城服务中心，时间是周末上午，希望线上状态更准确。我主要关注服务顾问口径。样本号 MOCK-0335。,未询问,是,false,app_user_0335,177****0335,粤S-MK335,LFAKE000000000335,235,iOS,true,mock-after-sales-v1,2026-06-09,baseline_passed_pending_presidio
fb_mock_000336,app_ans_000336,2026-05-19T11:48:00+08:00,腾讯问卷,补能App智能化体验问卷,服务顾问代录,补能/App/智能化体验型,20,OTA功能理解回访,数字化触点复盘,华北,山东,济南,济南高新服务中心,补能体验,软件与智能化,3,8,中性,低,App使用|OTA理解,App能完成预约，但状态文案不够直观，需要自己理解。后续可继续观察App使用。这次我在济南济南高新服务中心，时间是周末傍晚，希望提前同步进度。我主要关注预约变更提醒。样本号 MOCK-0336。,已授权联系,不确定,false,app_user_0336,138****0336,鲁A-DM0336,LFAKE000000000336,252,PC,true,mock-after-sales-v1,2026-06-09,baseline_passed_pending_presidio
fb_mock_000337,app_ans_000337,2026-05-22T18:01:00+08:00,App内问卷,补能App智能化体验问卷,App,补能/App/智能化体验型,20,夏季补能体验回访,数字化触点复盘,华中,河南,郑州,郑州高新服务中心,App/OTA,补能体验,3,7,中性,低,费用理解|补能效率,补能基本顺利，高峰期排队时间稍长。后续可继续观察费用理解。这次我在郑州郑州高新服务中心，时间是节前高峰，希望结果更可追溯。我主要关注费用和权益解释。样本号 MOCK-0337。,拒绝联系,是,false,app_user_0337,139****0337,豫A-MK337,LFAKE000000000337,269,iOS,true,mock-after-sales-v1,2026-06-09,baseline_passed_pending_presidio
fb_mock_000338,app_ans_000338,2026-05-25T15:14:00+08:00,App内问卷,补能App智能化体验问卷,短信链接,补能/App/智能化体验型,20,App预约体验复盘,数字化触点复盘,华南,广东,东莞,东莞南城服务中心,补能体验,服务发起,3,8,中性,低,服务等待|App预约,OTA升级完成了，希望失败提示和处理方式更清楚。后续可继续观察服务等待。这次我在东莞东莞南城服务中心，时间是雨天到店，希望服务口径一致。我主要关注问题复核安排。样本号 MOCK-0338。,拒绝联系,是,false,app_user_0338,136****0338,粤S-MK338,LFAKE000000000338,286,PC,true,mock-after-sales-v1,2026-06-09,baseline_passed_pending_presidio
fb_mock_000339,app_ans_000339,2026-05-28T12:27:00+08:00,短信链接,补能App智能化体验问卷,企微,补能/App/智能化体验型,20,OTA功能理解回访,数字化触点复盘,华北,山东,济南,济南高新服务中心,App/OTA,软件与智能化,3,7,中性,低,App使用|OTA理解,App能完成预约，但状态文案不够直观，需要自己理解。后续可继续观察App使用。这次我在济南济南高新服务中心，时间是下班后，希望减少等待。我主要关注跨渠道信息一致性。样本号 MOCK-0339。,拒绝联系,不确定,false,app_user_0339,135****0339,鲁A-MK339,LFAKE000000000339,63,iOS,true,mock-after-sales-v1,2026-06-09,baseline_passed_pending_presidio
fb_mock_000340,app_ans_000340,2026-05-31T09:40:00+08:00,企微链接,补能App智能化体验问卷,小程序,补能/App/智能化体验型,20,夏季补能体验回访,数字化触点复盘,华中,河南,郑州,郑州高新服务中心,补能体验,补能体验,3,8,中性,高,费用理解|补能效率,补能基本顺利，高峰期排队时间稍长。后续可继续观察费用理解。这次我在郑州郑州高新服务中心，时间是午休时段，希望后续有人回访。我主要关注首次响应。样本号 MOCK-0340。,未询问,是,true,app_user_0340,188****0340,豫A-DM0340,LFAKE000000000340,80,PC,true,mock-after-sales-v1,2026-06-09,baseline_passed_pending_presidio
fb_mock_000341,app_ans_000341,2026-06-03T16:53:00+08:00,问卷星,补能App智能化体验问卷,服务顾问代录,补能/App/智能化体验型,20,App预约体验复盘,数字化触点复盘,华南,广东,东莞,东莞南城服务中心,App/OTA,服务发起,2,5,负向,中,服务等待|App预约,OTA失败原因不清楚，客服也没有给到明确处理方式。主要集中在服务等待、App预约。这次我在东莞东莞南城服务中心，时间是活动结束后，希望解释更直接。我主要关注交付前说明。样本号 MOCK-0341。,拒绝联系,否,false,app_user_0341,177****0341,粤S-MK341,LFAKE000000000341,97,iOS,true,mock-after-sales-v1,2026-06-09,baseline_passed_pending_presidio
fb_mock_000342,app_ans_000342,2026-06-06T13:06:00+08:00,问卷星,补能App智能化体验问卷,App,补能/App/智能化体验型,20,OTA功能理解回访,数字化触点复盘,华北,山东,济南,济南高新服务中心,补能体验,软件与智能化,2,6,负向,中,App使用|OTA理解,App预约失败后没有明确提示，只能反复提交。主要集中在App使用、OTA理解。这次我在济南济南高新服务中心，时间是工作日上午，希望线上状态更准确。我主要关注线上状态同步。样本号 MOCK-0342。,已授权联系,否,false,app_user_0342,138****0342,鲁A-MK342,LFAKE000000000342,114,PC,true,mock-after-sales-v1,2026-06-09,baseline_passed_pending_presidio
fb_mock_000343,app_ans_000343,2026-06-09T10:19:00+08:00,问卷星,补能App智能化体验问卷,短信链接,补能/App/智能化体验型,20,夏季补能体验回访,数字化触点复盘,华中,河南,郑州,郑州高新服务中心,App/OTA,补能体验,2,5,负向,中,费用理解|补能效率,充电排队信息不准确，到现场才知道要等很久。主要集中在费用理解、补能效率。这次我在郑州郑州高新服务中心，时间是工作日下午，希望提前同步进度。我主要关注现场等待安排。样本号 MOCK-0343。,拒绝联系,否,false,app_user_0343,139****0343,豫A-MK343,LFAKE000000000343,131,iOS,true,mock-after-sales-v1,2026-06-09,baseline_passed_pending_presidio
fb_mock_000344,app_ans_000344,2026-06-12T17:32:00+08:00,问卷星,补能App智能化体验问卷,企微,补能/App/智能化体验型,20,App预约体验复盘,数字化触点复盘,华南,广东,东莞,东莞南城服务中心,补能体验,服务发起,2,6,负向,中,服务等待|App预约,OTA失败原因不清楚，客服也没有给到明确处理方式。主要集中在服务等待、App预约。这次我在东莞东莞南城服务中心，时间是周末上午，希望结果更可追溯。我主要关注后续闭环动作。样本号 MOCK-0344。,拒绝联系,是,false,app_user_0344,136****0344,粤S-DM0344,LFAKE000000000344,148,PC,true,mock-after-sales-v1,2026-06-09,baseline_passed_pending_presidio
fb_mock_000345,app_ans_000345,2026-05-01T14:45:00+08:00,问卷星,补能App智能化体验问卷,小程序,补能/App/智能化体验型,20,OTA功能理解回访,数字化触点复盘,华北,山东,济南,济南高新服务中心,App/OTA,软件与智能化,2,5,负向,中,App使用|OTA理解,App预约失败后没有明确提示，只能反复提交。主要集中在App使用、OTA理解。这次我在济南济南高新服务中心，时间是周末傍晚，希望服务口径一致。我主要关注服务顾问口径。样本号 MOCK-0345。,已授权联系,否,false,app_user_0345,135****0345,鲁A-MK345,LFAKE000000000345,165,iOS,true,mock-after-sales-v1,2026-06-09,baseline_passed_pending_presidio
fb_mock_000346,app_ans_000346,2026-05-04T11:58:00+08:00,问卷星,补能App智能化体验问卷,服务顾问代录,补能/App/智能化体验型,20,夏季补能体验回访,数字化触点复盘,华中,河南,郑州,郑州高新服务中心,补能体验,补能体验,2,6,负向,中,费用理解|补能效率,充电排队信息不准确，到现场才知道要等很久。主要集中在费用理解、补能效率。这次我在郑州郑州高新服务中心，时间是节前高峰，希望减少等待。我主要关注预约变更提醒。样本号 MOCK-0346。,拒绝联系,否,false,app_user_0346,188****0346,豫A-MK346,LFAKE000000000346,182,PC,true,mock-after-sales-v1,2026-06-09,baseline_passed_pending_presidio
fb_mock_000347,app_ans_000347,2026-05-07T18:11:00+08:00,问卷星,补能App智能化体验问卷,App,补能/App/智能化体验型,20,App预约体验复盘,数字化触点复盘,华南,广东,东莞,东莞南城服务中心,App/OTA,服务发起,1,3,负向,高,服务等待|App预约,OTA失败原因不清楚，客服也没有给到明确处理方式。主要集中在服务等待、App预约。这次我在东莞东莞南城服务中心，时间是雨天到店，希望后续有人回访。我主要关注费用和权益解释。样本号 MOCK-0347。,拒绝联系,否,false,app_user_0347,177****0347,粤S-MK347,LFAKE000000000347,199,iOS,true,mock-after-sales-v1,2026-06-09,baseline_passed_pending_presidio
fb_mock_000348,app_ans_000348,2026-05-10T15:24:00+08:00,问卷星,补能App智能化体验问卷,短信链接,补能/App/智能化体验型,20,OTA功能理解回访,数字化触点复盘,华北,山东,济南,济南高新服务中心,补能体验,软件与智能化,1,4,负向,高,App使用|OTA理解,App预约失败后没有明确提示，只能反复提交。主要集中在App使用、OTA理解。这次我在济南济南高新服务中心，时间是下班后，希望解释更直接。我主要关注问题复核安排。样本号 MOCK-0348。,已授权联系,是,false,app_user_0348,138****0348,鲁A-DM0348,LFAKE000000000348,216,PC,true,mock-after-sales-v1,2026-06-09,baseline_passed_pending_presidio
fb_mock_000349,app_ans_000349,2026-05-13T12:37:00+08:00,问卷星,补能App智能化体验问卷,企微,补能/App/智能化体验型,20,夏季补能体验回访,数字化触点复盘,华中,河南,郑州,郑州高新服务中心,App/OTA,补能体验,1,3,负向,高,费用理解|补能效率,充电排队信息不准确，到现场才知道要等很久。主要集中在费用理解、补能效率。这次我在郑州郑州高新服务中心，时间是午休时段，希望线上状态更准确。我主要关注跨渠道信息一致性。样本号 MOCK-0349。,拒绝联系,否,false,app_user_0349,139****0349,豫A-MK349,LFAKE000000000349,233,iOS,true,mock-after-sales-v1,2026-06-09,baseline_passed_pending_presidio
fb_mock_000350,app_ans_000350,2026-05-16T09:50:00+08:00,腾讯问卷,补能App智能化体验问卷,小程序,补能/App/智能化体验型,20,App预约体验复盘,数字化触点复盘,华南,广东,东莞,东莞南城服务中心,补能体验,服务发起,4,8,正向,高,服务等待|App预约,OTA提示内容比较明确，升级后功能使用正常。值得复用的点是服务等待。这次我在东莞东莞南城服务中心，时间是活动结束后，希望提前同步进度。我主要关注首次响应。样本号 MOCK-0350。,未询问,是,true,app_user_0350,136****0350,粤S-MK350,LFAKE000000000350,250,PC,true,mock-after-sales-v1,2026-06-09,baseline_passed_pending_presidio
fb_mock_000351,app_ans_000351,2026-05-19T16:03:00+08:00,腾讯问卷,补能App智能化体验问卷,服务顾问代录,补能/App/智能化体验型,20,OTA功能理解回访,数字化触点复盘,华北,山东,济南,济南高新服务中心,App/OTA,软件与智能化,5,9,正向,低,App使用|OTA理解,App预约入口清楚，状态更新及时，服务中心也很快确认。值得复用的点是App使用。这次我在济南济南高新服务中心，时间是工作日上午，希望结果更可追溯。我主要关注交付前说明。样本号 MOCK-0351。,拒绝联系,是,false,app_user_0351,135****0351,鲁A-MK351,LFAKE000000000351,267,iOS,true,mock-after-sales-v1,2026-06-09,baseline_passed_pending_presidio
fb_mock_000352,app_ans_000352,2026-05-22T13:16:00+08:00,腾讯问卷,补能App智能化体验问卷,App,补能/App/智能化体验型,20,夏季补能体验回访,数字化触点复盘,华中,河南,郑州,郑州高新服务中心,补能体验,补能体验,4,8,正向,低,费用理解|补能效率,补能站点指引比较清楚，现场人员能主动协调排队。值得复用的点是费用理解。这次我在郑州郑州高新服务中心，时间是工作日下午，希望服务口径一致。我主要关注线上状态同步。样本号 MOCK-0352。,拒绝联系,是,false,app_user_0352,188****0352,豫A-DM0352,LFAKE000000000352,284,PC,true,mock-after-sales-v1,2026-06-09,baseline_passed_pending_presidio
fb_mock_000353,app_ans_000353,2026-05-25T10:29:00+08:00,腾讯问卷,补能App智能化体验问卷,短信链接,补能/App/智能化体验型,20,App预约体验复盘,数字化触点复盘,华南,广东,东莞,东莞南城服务中心,App/OTA,服务发起,4,8,正向,低,服务等待|App预约,OTA提示内容比较明确，升级后功能使用正常。值得复用的点是服务等待。这次我在东莞东莞南城服务中心，时间是周末上午，希望减少等待。我主要关注现场等待安排。样本号 MOCK-0353。,拒绝联系,是,false,app_user_0353,177****0353,粤S-MK353,LFAKE000000000353,61,iOS,true,mock-after-sales-v1,2026-06-09,baseline_passed_pending_presidio
fb_mock_000354,app_ans_000354,2026-05-28T17:42:00+08:00,腾讯问卷,补能App智能化体验问卷,企微,补能/App/智能化体验型,20,OTA功能理解回访,数字化触点复盘,华北,山东,济南,济南高新服务中心,补能体验,软件与智能化,5,10,正向,低,App使用|OTA理解,App预约入口清楚，状态更新及时，服务中心也很快确认。值得复用的点是App使用。这次我在济南济南高新服务中心，时间是周末傍晚，希望后续有人回访。我主要关注后续闭环动作。样本号 MOCK-0354。,拒绝联系,是,false,app_user_0354,138****0354,鲁A-MK354,LFAKE000000000354,78,PC,true,mock-after-sales-v1,2026-06-09,baseline_passed_pending_presidio
fb_mock_000355,app_ans_000355,2026-05-31T14:55:00+08:00,腾讯问卷,补能App智能化体验问卷,小程序,补能/App/智能化体验型,20,夏季补能体验回访,数字化触点复盘,华中,河南,郑州,郑州高新服务中心,App/OTA,补能体验,4,8,正向,低,费用理解|补能效率,补能站点指引比较清楚，现场人员能主动协调排队。值得复用的点是费用理解。这次我在郑州郑州高新服务中心，时间是节前高峰，希望解释更直接。我主要关注服务顾问口径。样本号 MOCK-0355。,未询问,是,false,app_user_0355,139****0355,豫A-MK355,LFAKE000000000355,95,iOS,true,mock-after-sales-v1,2026-06-09,baseline_passed_pending_presidio
fb_mock_000356,app_ans_000356,2026-06-03T11:08:00+08:00,腾讯问卷,补能App智能化体验问卷,服务顾问代录,补能/App/智能化体验型,20,App预约体验复盘,数字化触点复盘,华南,广东,东莞,东莞南城服务中心,补能体验,服务发起,3,8,中性,低,服务等待|App预约,OTA升级完成了，希望失败提示和处理方式更清楚。后续可继续观察服务等待。这次我在东莞东莞南城服务中心，时间是雨天到店，希望线上状态更准确。我主要关注预约变更提醒。样本号 MOCK-0356。,拒绝联系,是,false,app_user_0356,136****0356,粤S-DM0356,LFAKE000000000356,112,PC,true,mock-after-sales-v1,2026-06-09,baseline_passed_pending_presidio
fb_mock_000357,app_ans_000357,2026-06-06T18:21:00+08:00,App内问卷,补能App智能化体验问卷,App,补能/App/智能化体验型,20,OTA功能理解回访,数字化触点复盘,华北,山东,济南,济南高新服务中心,App/OTA,软件与智能化,3,7,中性,低,App使用|OTA理解,App能完成预约，但状态文案不够直观，需要自己理解。后续可继续观察App使用。这次我在济南济南高新服务中心，时间是下班后，希望提前同步进度。我主要关注费用和权益解释。样本号 MOCK-0357。,拒绝联系,不确定,false,app_user_0357,135****0357,鲁A-MK357,LFAKE000000000357,129,iOS,true,mock-after-sales-v1,2026-06-09,baseline_passed_pending_presidio
fb_mock_000358,app_ans_000358,2026-06-09T15:34:00+08:00,App内问卷,补能App智能化体验问卷,短信链接,补能/App/智能化体验型,20,夏季补能体验回访,数字化触点复盘,华中,河南,郑州,郑州高新服务中心,补能体验,补能体验,3,8,中性,低,费用理解|补能效率,补能基本顺利，高峰期排队时间稍长。后续可继续观察费用理解。这次我在郑州郑州高新服务中心，时间是午休时段，希望结果更可追溯。我主要关注问题复核安排。样本号 MOCK-0358。,拒绝联系,是,false,app_user_0358,188****0358,豫A-MK358,LFAKE000000000358,146,PC,true,mock-after-sales-v1,2026-06-09,baseline_passed_pending_presidio
fb_mock_000359,app_ans_000359,2026-06-12T12:47:00+08:00,短信链接,补能App智能化体验问卷,企微,补能/App/智能化体验型,20,App预约体验复盘,数字化触点复盘,华南,广东,东莞,东莞南城服务中心,App/OTA,服务发起,3,7,中性,低,服务等待|App预约,OTA升级完成了，希望失败提示和处理方式更清楚。后续可继续观察服务等待。这次我在东莞东莞南城服务中心，时间是活动结束后，希望服务口径一致。我主要关注跨渠道信息一致性。样本号 MOCK-0359。,拒绝联系,是,false,app_user_0359,177****0359,粤S-MK359,LFAKE000000000359,163,iOS,true,mock-after-sales-v1,2026-06-09,baseline_passed_pending_presidio
fb_mock_000360,app_ans_000360,2026-05-01T09:00:00+08:00,企微链接,补能App智能化体验问卷,小程序,补能/App/智能化体验型,20,OTA功能理解回访,数字化触点复盘,华北,山东,济南,济南高新服务中心,补能体验,软件与智能化,3,8,中性,高,App使用|OTA理解,App能完成预约，但状态文案不够直观，需要自己理解。后续可继续观察App使用。这次我在济南济南高新服务中心，时间是工作日上午，希望减少等待。我主要关注首次响应。样本号 MOCK-0360。,已授权联系,不确定,true,app_user_0360,138****0360,鲁A-DM0360,LFAKE000000000360,180,PC,true,mock-after-sales-v1,2026-06-09,baseline_passed_pending_presidio
fb_mock_000361,app_ans_000361,2026-05-04T16:13:00+08:00,问卷星,补能App智能化体验问卷,服务顾问代录,补能/App/智能化体验型,20,夏季补能体验回访,数字化触点复盘,华中,河南,郑州,郑州高新服务中心,App/OTA,补能体验,2,5,负向,中,费用理解|补能效率,充电排队信息不准确，到现场才知道要等很久。主要集中在费用理解、补能效率。这次我在郑州郑州高新服务中心，时间是工作日下午，希望后续有人回访。我主要关注交付前说明。样本号 MOCK-0361。,拒绝联系,否,false,app_user_0361,139****0361,豫A-MK361,LFAKE000000000361,197,iOS,true,mock-after-sales-v1,2026-06-09,baseline_passed_pending_presidio
fb_mock_000362,app_ans_000362,2026-05-07T13:26:00+08:00,问卷星,补能App智能化体验问卷,App,补能/App/智能化体验型,20,App预约体验复盘,数字化触点复盘,华南,广东,东莞,东莞南城服务中心,补能体验,服务发起,2,6,负向,中,服务等待|App预约,OTA失败原因不清楚，客服也没有给到明确处理方式。主要集中在服务等待、App预约。这次我在东莞东莞南城服务中心，时间是周末上午，希望解释更直接。我主要关注线上状态同步。样本号 MOCK-0362。,拒绝联系,否,false,app_user_0362,136****0362,粤S-MK362,LFAKE000000000362,214,PC,true,mock-after-sales-v1,2026-06-09,baseline_passed_pending_presidio
fb_mock_000363,app_ans_000363,2026-05-10T10:39:00+08:00,问卷星,补能App智能化体验问卷,短信链接,补能/App/智能化体验型,20,OTA功能理解回访,数字化触点复盘,华北,山东,济南,济南高新服务中心,App/OTA,软件与智能化,2,5,负向,中,App使用|OTA理解,App预约失败后没有明确提示，只能反复提交。主要集中在App使用、OTA理解。这次我在济南济南高新服务中心，时间是周末傍晚，希望线上状态更准确。我主要关注现场等待安排。样本号 MOCK-0363。,已授权联系,否,false,app_user_0363,135****0363,鲁A-MK363,LFAKE000000000363,231,iOS,true,mock-after-sales-v1,2026-06-09,baseline_passed_pending_presidio
fb_mock_000364,app_ans_000364,2026-05-13T17:52:00+08:00,问卷星,补能App智能化体验问卷,企微,补能/App/智能化体验型,20,夏季补能体验回访,数字化触点复盘,华中,河南,郑州,郑州高新服务中心,补能体验,补能体验,2,6,负向,中,费用理解|补能效率,充电排队信息不准确，到现场才知道要等很久。主要集中在费用理解、补能效率。这次我在郑州郑州高新服务中心，时间是节前高峰，希望提前同步进度。我主要关注后续闭环动作。样本号 MOCK-0364。,拒绝联系,是,false,app_user_0364,188****0364,豫A-DM0364,LFAKE000000000364,248,PC,true,mock-after-sales-v1,2026-06-09,baseline_passed_pending_presidio
fb_mock_000365,app_ans_000365,2026-05-16T14:05:00+08:00,问卷星,补能App智能化体验问卷,小程序,补能/App/智能化体验型,20,App预约体验复盘,数字化触点复盘,华南,广东,东莞,东莞南城服务中心,App/OTA,服务发起,2,5,负向,中,服务等待|App预约,OTA失败原因不清楚，客服也没有给到明确处理方式。主要集中在服务等待、App预约。这次我在东莞东莞南城服务中心，时间是雨天到店，希望结果更可追溯。我主要关注服务顾问口径。样本号 MOCK-0365。,未询问,否,false,app_user_0365,177****0365,粤S-MK365,LFAKE000000000365,265,iOS,true,mock-after-sales-v1,2026-06-09,baseline_passed_pending_presidio
fb_mock_000366,app_ans_000366,2026-05-19T11:18:00+08:00,问卷星,补能App智能化体验问卷,服务顾问代录,补能/App/智能化体验型,20,OTA功能理解回访,数字化触点复盘,华北,山东,济南,济南高新服务中心,补能体验,软件与智能化,2,6,负向,中,App使用|OTA理解,App预约失败后没有明确提示，只能反复提交。主要集中在App使用、OTA理解。这次我在济南济南高新服务中心，时间是下班后，希望服务口径一致。我主要关注预约变更提醒。样本号 MOCK-0366。,已授权联系,否,false,app_user_0366,138****0366,鲁A-MK366,LFAKE000000000366,282,PC,true,mock-after-sales-v1,2026-06-09,baseline_passed_pending_presidio
fb_mock_000367,app_ans_000367,2026-05-22T18:31:00+08:00,问卷星,补能App智能化体验问卷,App,补能/App/智能化体验型,20,夏季补能体验回访,数字化触点复盘,华中,河南,郑州,郑州高新服务中心,App/OTA,补能体验,1,3,负向,高,费用理解|补能效率,充电排队信息不准确，到现场才知道要等很久。主要集中在费用理解、补能效率。这次我在郑州郑州高新服务中心，时间是午休时段，希望减少等待。我主要关注费用和权益解释。样本号 MOCK-0367。,拒绝联系,否,false,app_user_0367,139****0367,豫A-MK367,LFAKE000000000367,299,iOS,true,mock-after-sales-v1,2026-06-09,baseline_passed_pending_presidio
fb_mock_000368,app_ans_000368,2026-05-25T15:44:00+08:00,问卷星,补能App智能化体验问卷,短信链接,补能/App/智能化体验型,20,App预约体验复盘,数字化触点复盘,华南,广东,东莞,东莞南城服务中心,补能体验,服务发起,1,4,负向,高,服务等待|App预约,OTA失败原因不清楚，客服也没有给到明确处理方式。主要集中在服务等待、App预约。这次我在东莞东莞南城服务中心，时间是活动结束后，希望后续有人回访。我主要关注问题复核安排。样本号 MOCK-0368。,拒绝联系,是,false,app_user_0368,136****0368,粤S-DM0368,LFAKE000000000368,76,PC,true,mock-after-sales-v1,2026-06-09,baseline_passed_pending_presidio
fb_mock_000369,app_ans_000369,2026-05-28T12:57:00+08:00,问卷星,补能App智能化体验问卷,企微,补能/App/智能化体验型,20,OTA功能理解回访,数字化触点复盘,华北,山东,济南,济南高新服务中心,App/OTA,软件与智能化,1,3,负向,高,App使用|OTA理解,App预约失败后没有明确提示，只能反复提交。主要集中在App使用、OTA理解。这次我在济南济南高新服务中心，时间是工作日上午，希望解释更直接。我主要关注跨渠道信息一致性。样本号 MOCK-0369。,已授权联系,否,false,app_user_0369,135****0369,鲁A-MK369,LFAKE000000000369,93,iOS,true,mock-after-sales-v1,2026-06-09,baseline_passed_pending_presidio
fb_mock_000370,app_ans_000370,2026-05-31T09:10:00+08:00,腾讯问卷,补能App智能化体验问卷,小程序,补能/App/智能化体验型,20,夏季补能体验回访,数字化触点复盘,华中,河南,郑州,郑州高新服务中心,补能体验,补能体验,4,8,正向,高,费用理解|补能效率,补能站点指引比较清楚，现场人员能主动协调排队。值得复用的点是费用理解。这次我在郑州郑州高新服务中心，时间是工作日下午，希望线上状态更准确。我主要关注首次响应。样本号 MOCK-0370。,未询问,是,true,app_user_0370,188****0370,豫A-MK370,LFAKE000000000370,110,PC,true,mock-after-sales-v1,2026-06-09,baseline_passed_pending_presidio
fb_mock_000371,app_ans_000371,2026-06-03T16:23:00+08:00,腾讯问卷,补能App智能化体验问卷,服务顾问代录,补能/App/智能化体验型,20,App预约体验复盘,数字化触点复盘,华南,广东,东莞,东莞南城服务中心,App/OTA,服务发起,4,8,正向,低,服务等待|App预约,OTA提示内容比较明确，升级后功能使用正常。值得复用的点是服务等待。这次我在东莞东莞南城服务中心，时间是周末上午，希望提前同步进度。我主要关注交付前说明。样本号 MOCK-0371。,拒绝联系,是,false,app_user_0371,177****0371,粤S-MK371,LFAKE000000000371,127,iOS,true,mock-after-sales-v1,2026-06-09,baseline_passed_pending_presidio
fb_mock_000372,app_ans_000372,2026-06-06T13:36:00+08:00,腾讯问卷,补能App智能化体验问卷,App,补能/App/智能化体验型,20,OTA功能理解回访,数字化触点复盘,华北,山东,济南,济南高新服务中心,补能体验,软件与智能化,5,10,正向,低,App使用|OTA理解,App预约入口清楚，状态更新及时，服务中心也很快确认。值得复用的点是App使用。这次我在济南济南高新服务中心，时间是周末傍晚，希望结果更可追溯。我主要关注线上状态同步。样本号 MOCK-0372。,拒绝联系,是,false,app_user_0372,138****0372,鲁A-DM0372,LFAKE000000000372,144,PC,true,mock-after-sales-v1,2026-06-09,baseline_passed_pending_presidio
fb_mock_000373,app_ans_000373,2026-06-09T10:49:00+08:00,腾讯问卷,补能App智能化体验问卷,短信链接,补能/App/智能化体验型,20,夏季补能体验回访,数字化触点复盘,华中,河南,郑州,郑州高新服务中心,App/OTA,补能体验,4,8,正向,低,费用理解|补能效率,补能站点指引比较清楚，现场人员能主动协调排队。值得复用的点是费用理解。这次我在郑州郑州高新服务中心，时间是节前高峰，希望服务口径一致。我主要关注现场等待安排。样本号 MOCK-0373。,拒绝联系,是,false,app_user_0373,139****0373,豫A-MK373,LFAKE000000000373,161,iOS,true,mock-after-sales-v1,2026-06-09,baseline_passed_pending_presidio
fb_mock_000374,app_ans_000374,2026-06-12T17:02:00+08:00,腾讯问卷,补能App智能化体验问卷,企微,补能/App/智能化体验型,20,App预约体验复盘,数字化触点复盘,华南,广东,东莞,东莞南城服务中心,补能体验,服务发起,4,8,正向,低,服务等待|App预约,OTA提示内容比较明确，升级后功能使用正常。值得复用的点是服务等待。这次我在东莞东莞南城服务中心，时间是雨天到店，希望减少等待。我主要关注后续闭环动作。样本号 MOCK-0374。,拒绝联系,是,false,app_user_0374,136****0374,粤S-MK374,LFAKE000000000374,178,PC,true,mock-after-sales-v1,2026-06-09,baseline_passed_pending_presidio
fb_mock_000375,app_ans_000375,2026-05-01T14:15:00+08:00,腾讯问卷,补能App智能化体验问卷,小程序,补能/App/智能化体验型,20,OTA功能理解回访,数字化触点复盘,华北,山东,济南,济南高新服务中心,App/OTA,软件与智能化,5,9,正向,低,App使用|OTA理解,App预约入口清楚，状态更新及时，服务中心也很快确认。值得复用的点是App使用。这次我在济南济南高新服务中心，时间是下班后，希望后续有人回访。我主要关注服务顾问口径。样本号 MOCK-0375。,已授权联系,是,false,app_user_0375,135****0375,鲁A-MK375,LFAKE000000000375,195,iOS,true,mock-after-sales-v1,2026-06-09,baseline_passed_pending_presidio
fb_mock_000376,app_ans_000376,2026-05-04T11:28:00+08:00,腾讯问卷,补能App智能化体验问卷,服务顾问代录,补能/App/智能化体验型,20,夏季补能体验回访,数字化触点复盘,华中,河南,郑州,郑州高新服务中心,补能体验,补能体验,3,8,中性,低,费用理解|补能效率,补能基本顺利，高峰期排队时间稍长。后续可继续观察费用理解。这次我在郑州郑州高新服务中心，时间是午休时段，希望解释更直接。我主要关注预约变更提醒。样本号 MOCK-0376。,已授权联系,是,false,app_user_0376,188****0376,豫A-DM0376,LFAKE000000000376,212,PC,true,mock-after-sales-v1,2026-06-09,baseline_passed_pending_presidio
fb_mock_000377,app_ans_000377,2026-05-07T18:41:00+08:00,App内问卷,补能App智能化体验问卷,App,补能/App/智能化体验型,20,App预约体验复盘,数字化触点复盘,华南,广东,东莞,东莞南城服务中心,App/OTA,服务发起,3,7,中性,低,服务等待|App预约,OTA升级完成了，希望失败提示和处理方式更清楚。后续可继续观察服务等待。这次我在东莞东莞南城服务中心，时间是活动结束后，希望线上状态更准确。我主要关注费用和权益解释。样本号 MOCK-0377。,拒绝联系,是,false,app_user_0377,177****0377,粤S-MK377,LFAKE000000000377,229,iOS,true,mock-after-sales-v1,2026-06-09,baseline_passed_pending_presidio
fb_mock_000378,app_ans_000378,2026-05-10T15:54:00+08:00,App内问卷,补能App智能化体验问卷,短信链接,补能/App/智能化体验型,20,OTA功能理解回访,数字化触点复盘,华北,山东,济南,济南高新服务中心,补能体验,软件与智能化,3,8,中性,低,App使用|OTA理解,App能完成预约，但状态文案不够直观，需要自己理解。后续可继续观察App使用。这次我在济南济南高新服务中心，时间是工作日上午，希望提前同步进度。我主要关注问题复核安排。样本号 MOCK-0378。,拒绝联系,不确定,false,app_user_0378,138****0378,鲁A-MK378,LFAKE000000000378,246,PC,true,mock-after-sales-v1,2026-06-09,baseline_passed_pending_presidio
fb_mock_000379,app_ans_000379,2026-05-13T12:07:00+08:00,短信链接,补能App智能化体验问卷,企微,补能/App/智能化体验型,20,夏季补能体验回访,数字化触点复盘,华中,河南,郑州,郑州高新服务中心,App/OTA,补能体验,3,7,中性,低,费用理解|补能效率,补能基本顺利，高峰期排队时间稍长。后续可继续观察费用理解。这次我在郑州郑州高新服务中心，时间是工作日下午，希望结果更可追溯。我主要关注跨渠道信息一致性。样本号 MOCK-0379。,拒绝联系,是,false,app_user_0379,139****0379,豫A-MK379,LFAKE000000000379,263,iOS,true,mock-after-sales-v1,2026-06-09,baseline_passed_pending_presidio
fb_mock_000380,app_ans_000380,2026-05-16T09:20:00+08:00,企微链接,补能App智能化体验问卷,小程序,补能/App/智能化体验型,20,App预约体验复盘,数字化触点复盘,华南,广东,东莞,东莞南城服务中心,补能体验,服务发起,3,8,中性,高,服务等待|App预约,OTA升级完成了，希望失败提示和处理方式更清楚。后续可继续观察服务等待。这次我在东莞东莞南城服务中心，时间是周末上午，希望服务口径一致。我主要关注首次响应。样本号 MOCK-0380。,未询问,是,true,app_user_0380,136****0380,粤S-DM0380,LFAKE000000000380,280,PC,true,mock-after-sales-v1,2026-06-09,baseline_passed_pending_presidio
fb_mock_000381,app_ans_000381,2026-05-19T16:33:00+08:00,问卷星,补能App智能化体验问卷,服务顾问代录,补能/App/智能化体验型,20,OTA功能理解回访,数字化触点复盘,华北,山东,济南,济南高新服务中心,App/OTA,软件与智能化,2,5,负向,中,App使用|OTA理解,App预约失败后没有明确提示，只能反复提交。主要集中在App使用、OTA理解。这次我在济南济南高新服务中心，时间是周末傍晚，希望减少等待。我主要关注交付前说明。样本号 MOCK-0381。,已授权联系,否,false,app_user_0381,135****0381,鲁A-MK381,LFAKE000000000381,297,iOS,true,mock-after-sales-v1,2026-06-09,baseline_passed_pending_presidio
fb_mock_000382,app_ans_000382,2026-05-22T13:46:00+08:00,问卷星,补能App智能化体验问卷,App,补能/App/智能化体验型,20,夏季补能体验回访,数字化触点复盘,华中,河南,郑州,郑州高新服务中心,补能体验,补能体验,2,6,负向,中,费用理解|补能效率,充电排队信息不准确，到现场才知道要等很久。主要集中在费用理解、补能效率。这次我在郑州郑州高新服务中心，时间是节前高峰，希望后续有人回访。我主要关注线上状态同步。样本号 MOCK-0382。,拒绝联系,否,false,app_user_0382,188****0382,豫A-MK382,LFAKE000000000382,74,PC,true,mock-after-sales-v1,2026-06-09,baseline_passed_pending_presidio
fb_mock_000383,app_ans_000383,2026-05-25T10:59:00+08:00,问卷星,补能App智能化体验问卷,短信链接,补能/App/智能化体验型,20,App预约体验复盘,数字化触点复盘,华南,广东,东莞,东莞南城服务中心,App/OTA,服务发起,2,5,负向,中,服务等待|App预约,OTA失败原因不清楚，客服也没有给到明确处理方式。主要集中在服务等待、App预约。这次我在东莞东莞南城服务中心，时间是雨天到店，希望解释更直接。我主要关注现场等待安排。样本号 MOCK-0383。,拒绝联系,否,false,app_user_0383,177****0383,粤S-MK383,LFAKE000000000383,91,iOS,true,mock-after-sales-v1,2026-06-09,baseline_passed_pending_presidio
fb_mock_000384,app_ans_000384,2026-05-28T17:12:00+08:00,问卷星,补能App智能化体验问卷,企微,补能/App/智能化体验型,20,OTA功能理解回访,数字化触点复盘,华北,山东,济南,济南高新服务中心,补能体验,软件与智能化,2,6,负向,中,App使用|OTA理解,App预约失败后没有明确提示，只能反复提交。主要集中在App使用、OTA理解。这次我在济南济南高新服务中心，时间是下班后，希望线上状态更准确。我主要关注后续闭环动作。样本号 MOCK-0384。,已授权联系,是,false,app_user_0384,138****0384,鲁A-DM0384,LFAKE000000000384,108,PC,true,mock-after-sales-v1,2026-06-09,baseline_passed_pending_presidio
fb_mock_000385,app_ans_000385,2026-05-31T14:25:00+08:00,问卷星,补能App智能化体验问卷,小程序,补能/App/智能化体验型,20,夏季补能体验回访,数字化触点复盘,华中,河南,郑州,郑州高新服务中心,App/OTA,补能体验,2,5,负向,中,费用理解|补能效率,充电排队信息不准确，到现场才知道要等很久。主要集中在费用理解、补能效率。这次我在郑州郑州高新服务中心，时间是午休时段，希望提前同步进度。我主要关注服务顾问口径。样本号 MOCK-0385。,未询问,否,false,app_user_0385,139****0385,豫A-MK385,LFAKE000000000385,125,iOS,true,mock-after-sales-v1,2026-06-09,baseline_passed_pending_presidio
fb_mock_000386,app_ans_000386,2026-06-03T11:38:00+08:00,问卷星,补能App智能化体验问卷,服务顾问代录,补能/App/智能化体验型,20,App预约体验复盘,数字化触点复盘,华南,广东,东莞,东莞南城服务中心,补能体验,服务发起,2,6,负向,中,服务等待|App预约,OTA失败原因不清楚，客服也没有给到明确处理方式。主要集中在服务等待、App预约。这次我在东莞东莞南城服务中心，时间是活动结束后，希望结果更可追溯。我主要关注预约变更提醒。样本号 MOCK-0386。,拒绝联系,否,false,app_user_0386,136****0386,粤S-MK386,LFAKE000000000386,142,PC,true,mock-after-sales-v1,2026-06-09,baseline_passed_pending_presidio
fb_mock_000387,app_ans_000387,2026-06-06T18:51:00+08:00,问卷星,补能App智能化体验问卷,App,补能/App/智能化体验型,20,OTA功能理解回访,数字化触点复盘,华北,山东,济南,济南高新服务中心,App/OTA,软件与智能化,1,3,负向,高,App使用|OTA理解,App预约失败后没有明确提示，只能反复提交。主要集中在App使用、OTA理解。这次我在济南济南高新服务中心，时间是工作日上午，希望服务口径一致。我主要关注费用和权益解释。样本号 MOCK-0387。,已授权联系,否,false,app_user_0387,135****0387,鲁A-MK387,LFAKE000000000387,159,iOS,true,mock-after-sales-v1,2026-06-09,baseline_passed_pending_presidio
fb_mock_000388,app_ans_000388,2026-06-09T15:04:00+08:00,问卷星,补能App智能化体验问卷,短信链接,补能/App/智能化体验型,20,夏季补能体验回访,数字化触点复盘,华中,河南,郑州,郑州高新服务中心,补能体验,补能体验,1,4,负向,高,费用理解|补能效率,充电排队信息不准确，到现场才知道要等很久。主要集中在费用理解、补能效率。这次我在郑州郑州高新服务中心，时间是工作日下午，希望减少等待。我主要关注问题复核安排。样本号 MOCK-0388。,拒绝联系,是,false,app_user_0388,188****0388,豫A-DM0388,LFAKE000000000388,176,PC,true,mock-after-sales-v1,2026-06-09,baseline_passed_pending_presidio
fb_mock_000389,app_ans_000389,2026-06-12T12:17:00+08:00,问卷星,补能App智能化体验问卷,企微,补能/App/智能化体验型,20,App预约体验复盘,数字化触点复盘,华南,广东,东莞,东莞南城服务中心,App/OTA,服务发起,1,3,负向,高,服务等待|App预约,OTA失败原因不清楚，客服也没有给到明确处理方式。主要集中在服务等待、App预约。这次我在东莞东莞南城服务中心，时间是周末上午，希望后续有人回访。我主要关注跨渠道信息一致性。样本号 MOCK-0389。,拒绝联系,否,false,app_user_0389,177****0389,粤S-MK389,LFAKE000000000389,193,iOS,true,mock-after-sales-v1,2026-06-09,baseline_passed_pending_presidio
fb_mock_000390,app_ans_000390,2026-05-01T09:30:00+08:00,腾讯问卷,补能App智能化体验问卷,小程序,补能/App/智能化体验型,20,OTA功能理解回访,数字化触点复盘,华北,山东,济南,济南高新服务中心,补能体验,软件与智能化,5,10,正向,高,App使用|OTA理解,App预约入口清楚，状态更新及时，服务中心也很快确认。值得复用的点是App使用。这次我在济南济南高新服务中心，时间是周末傍晚，希望解释更直接。我主要关注首次响应。样本号 MOCK-0390。,已授权联系,是,true,app_user_0390,138****0390,鲁A-MK390,LFAKE000000000390,210,PC,true,mock-after-sales-v1,2026-06-09,baseline_passed_pending_presidio
fb_mock_000391,app_ans_000391,2026-05-04T16:43:00+08:00,腾讯问卷,补能App智能化体验问卷,服务顾问代录,补能/App/智能化体验型,20,夏季补能体验回访,数字化触点复盘,华中,河南,郑州,郑州高新服务中心,App/OTA,补能体验,4,8,正向,低,费用理解|补能效率,补能站点指引比较清楚，现场人员能主动协调排队。值得复用的点是费用理解。这次我在郑州郑州高新服务中心，时间是节前高峰，希望线上状态更准确。我主要关注交付前说明。样本号 MOCK-0391。,拒绝联系,是,false,app_user_0391,139****0391,豫A-MK391,LFAKE000000000391,227,iOS,true,mock-after-sales-v1,2026-06-09,baseline_passed_pending_presidio
fb_mock_000392,app_ans_000392,2026-05-07T13:56:00+08:00,腾讯问卷,补能App智能化体验问卷,App,补能/App/智能化体验型,20,App预约体验复盘,数字化触点复盘,华南,广东,东莞,东莞南城服务中心,补能体验,服务发起,4,8,正向,低,服务等待|App预约,OTA提示内容比较明确，升级后功能使用正常。值得复用的点是服务等待。这次我在东莞东莞南城服务中心，时间是雨天到店，希望提前同步进度。我主要关注线上状态同步。样本号 MOCK-0392。,拒绝联系,是,false,app_user_0392,136****0392,粤S-DM0392,LFAKE000000000392,244,PC,true,mock-after-sales-v1,2026-06-09,baseline_passed_pending_presidio
fb_mock_000393,app_ans_000393,2026-05-10T10:09:00+08:00,腾讯问卷,补能App智能化体验问卷,短信链接,补能/App/智能化体验型,20,OTA功能理解回访,数字化触点复盘,华北,山东,济南,济南高新服务中心,App/OTA,软件与智能化,5,9,正向,低,App使用|OTA理解,App预约入口清楚，状态更新及时，服务中心也很快确认。值得复用的点是App使用。这次我在济南济南高新服务中心，时间是下班后，希望结果更可追溯。我主要关注现场等待安排。样本号 MOCK-0393。,拒绝联系,是,false,app_user_0393,135****0393,鲁A-MK393,LFAKE000000000393,261,iOS,true,mock-after-sales-v1,2026-06-09,baseline_passed_pending_presidio
fb_mock_000394,app_ans_000394,2026-05-13T17:22:00+08:00,腾讯问卷,补能App智能化体验问卷,企微,补能/App/智能化体验型,20,夏季补能体验回访,数字化触点复盘,华中,河南,郑州,郑州高新服务中心,补能体验,补能体验,4,8,正向,低,费用理解|补能效率,补能站点指引比较清楚，现场人员能主动协调排队。值得复用的点是费用理解。这次我在郑州郑州高新服务中心，时间是午休时段，希望服务口径一致。我主要关注后续闭环动作。样本号 MOCK-0394。,拒绝联系,是,false,app_user_0394,188****0394,豫A-MK394,LFAKE000000000394,278,PC,true,mock-after-sales-v1,2026-06-09,baseline_passed_pending_presidio
fb_mock_000395,app_ans_000395,2026-05-16T14:35:00+08:00,腾讯问卷,补能App智能化体验问卷,小程序,补能/App/智能化体验型,20,App预约体验复盘,数字化触点复盘,华南,广东,东莞,东莞南城服务中心,App/OTA,服务发起,4,8,正向,低,服务等待|App预约,OTA提示内容比较明确，升级后功能使用正常。值得复用的点是服务等待。这次我在东莞东莞南城服务中心，时间是活动结束后，希望减少等待。我主要关注服务顾问口径。样本号 MOCK-0395。,未询问,是,false,app_user_0395,177****0395,粤S-MK395,LFAKE000000000395,295,iOS,true,mock-after-sales-v1,2026-06-09,baseline_passed_pending_presidio
fb_mock_000396,app_ans_000396,2026-05-19T11:48:00+08:00,腾讯问卷,补能App智能化体验问卷,服务顾问代录,补能/App/智能化体验型,20,OTA功能理解回访,数字化触点复盘,华北,山东,济南,济南高新服务中心,补能体验,软件与智能化,3,8,中性,低,App使用|OTA理解,App能完成预约，但状态文案不够直观，需要自己理解。后续可继续观察App使用。这次我在济南济南高新服务中心，时间是工作日上午，希望后续有人回访。我主要关注预约变更提醒。样本号 MOCK-0396。,拒绝联系,不确定,false,app_user_0396,138****0396,鲁A-DM0396,LFAKE000000000396,72,PC,true,mock-after-sales-v1,2026-06-09,baseline_passed_pending_presidio
fb_mock_000397,app_ans_000397,2026-05-22T18:01:00+08:00,App内问卷,补能App智能化体验问卷,App,补能/App/智能化体验型,20,夏季补能体验回访,数字化触点复盘,华中,河南,郑州,郑州高新服务中心,App/OTA,补能体验,3,7,中性,低,费用理解|补能效率,补能基本顺利，高峰期排队时间稍长。后续可继续观察费用理解。这次我在郑州郑州高新服务中心，时间是工作日下午，希望解释更直接。我主要关注费用和权益解释。样本号 MOCK-0397。,拒绝联系,是,false,app_user_0397,139****0397,豫A-MK397,LFAKE000000000397,89,iOS,true,mock-after-sales-v1,2026-06-09,baseline_passed_pending_presidio
fb_mock_000398,app_ans_000398,2026-05-25T15:14:00+08:00,App内问卷,补能App智能化体验问卷,短信链接,补能/App/智能化体验型,20,App预约体验复盘,数字化触点复盘,华南,广东,东莞,东莞南城服务中心,补能体验,服务发起,3,8,中性,低,服务等待|App预约,OTA升级完成了，希望失败提示和处理方式更清楚。后续可继续观察服务等待。这次我在东莞东莞南城服务中心，时间是周末上午，希望线上状态更准确。我主要关注问题复核安排。样本号 MOCK-0398。,拒绝联系,是,false,app_user_0398,136****0398,粤S-MK398,LFAKE000000000398,106,PC,true,mock-after-sales-v1,2026-06-09,baseline_passed_pending_presidio
fb_mock_000399,app_ans_000399,2026-05-28T12:27:00+08:00,短信链接,补能App智能化体验问卷,企微,补能/App/智能化体验型,20,OTA功能理解回访,数字化触点复盘,华北,山东,济南,济南高新服务中心,App/OTA,软件与智能化,3,7,中性,低,App使用|OTA理解,App能完成预约，但状态文案不够直观，需要自己理解。后续可继续观察App使用。这次我在济南济南高新服务中心，时间是周末傍晚，希望提前同步进度。我主要关注跨渠道信息一致性。样本号 MOCK-0399。,拒绝联系,不确定,false,app_user_0399,135****0399,鲁A-MK399,LFAKE000000000399,123,iOS,true,mock-after-sales-v1,2026-06-09,baseline_passed_pending_presidio
fb_mock_000400,app_ans_000400,2026-05-31T09:40:00+08:00,企微链接,补能App智能化体验问卷,小程序,补能/App/智能化体验型,20,夏季补能体验回访,数字化触点复盘,华中,河南,郑州,郑州高新服务中心,补能体验,补能体验,3,8,中性,高,费用理解|补能效率,补能基本顺利，高峰期排队时间稍长。后续可继续观察费用理解。这次我在郑州郑州高新服务中心，时间是节前高峰，希望结果更可追溯。我主要关注首次响应。样本号 MOCK-0400。,已授权联系,是,true,app_user_0400,188****0400,豫A-DM0400,LFAKE000000000400,140,PC,true,mock-after-sales-v1,2026-06-09,baseline_passed_pending_presidio
fb_mock_000401,wecom_ans_000401,2026-06-03T16:53:00+08:00,问卷星,活动用户运营与口碑风险问卷,App,活动/用户运营与口碑风险型,21,端午车主活动反馈,用户运营活动,华东,江苏,南京,南京建邺服务中心,活动/社群,用户运营,2,5,负向,中,社群反馈|活动体验,社群回复慢，活动变更没有提前通知，容易产生误解。主要集中在社群反馈、活动体验。这次我在南京南京建邺服务中心，时间是雨天到店，希望服务口径一致。我主要关注交付前说明。样本号 MOCK-0401。,拒绝联系,否,false,wecom_user_0401,177****0401,苏A-MK401,LFAKE000000000401,157,iOS,true,mock-after-sales-v1,2026-06-09,baseline_passed_pending_presidio
fb_mock_000402,wecom_ans_000402,2026-06-06T13:06:00+08:00,问卷星,活动用户运营与口碑风险问卷,短信链接,活动/用户运营与口碑风险型,21,车主社群权益回访,用户运营活动,西南,重庆,重庆,重庆南岸服务中心,活动/社群,用户运营,2,6,负向,中,活动体验|权益感知,活动权益说明不清楚，到现场才知道有限制条件。主要集中在活动体验、权益感知。这次我在重庆重庆南岸服务中心，时间是下班后，希望减少等待。我主要关注线上状态同步。样本号 MOCK-0402。,已授权联系,否,false,wecom_user_0402,138****0402,渝A-MK402,LFAKE000000000402,174,PC,true,mock-after-sales-v1,2026-06-09,baseline_passed_pending_presidio
fb_mock_000403,wecom_ans_000403,2026-06-09T10:19:00+08:00,问卷星,活动用户运营与口碑风险问卷,企微,活动/用户运营与口碑风险型,21,用户运营口碑素材复盘,用户运营活动,东北,辽宁,沈阳,沈阳铁西服务中心,活动/社群,用户运营,2,5,负向,中,权益感知|社群反馈,报名成功后通知太晚，差点错过集合时间。主要集中在权益感知、社群反馈。这次我在沈阳沈阳铁西服务中心，时间是午休时段，希望后续有人回访。我主要关注现场等待安排。样本号 MOCK-0403。,拒绝联系,否,false,wecom_user_0403,139****0403,辽A-MK403,LFAKE000000000403,191,iOS,true,mock-after-sales-v1,2026-06-09,baseline_passed_pending_presidio
fb_mock_000404,wecom_ans_000404,2026-06-12T17:32:00+08:00,问卷星,活动用户运营与口碑风险问卷,小程序,活动/用户运营与口碑风险型,21,端午车主活动反馈,用户运营活动,华东,江苏,南京,南京建邺服务中心,活动/社群,用户运营,2,6,负向,中,社群反馈|活动体验,社群回复慢，活动变更没有提前通知，容易产生误解。主要集中在社群反馈、活动体验。这次我在南京南京建邺服务中心，时间是活动结束后，希望解释更直接。我主要关注后续闭环动作。样本号 MOCK-0404。,拒绝联系,是,false,wecom_user_0404,136****0404,苏A-DM0404,LFAKE000000000404,208,PC,true,mock-after-sales-v1,2026-06-09,baseline_passed_pending_presidio
fb_mock_000405,wecom_ans_000405,2026-05-01T14:45:00+08:00,问卷星,活动用户运营与口碑风险问卷,服务顾问代录,活动/用户运营与口碑风险型,21,车主社群权益回访,用户运营活动,西南,重庆,重庆,重庆南岸服务中心,活动/社群,用户运营,2,5,负向,中,活动体验|权益感知,活动权益说明不清楚，到现场才知道有限制条件。主要集中在活动体验、权益感知。这次我在重庆重庆南岸服务中心，时间是工作日上午，希望线上状态更准确。我主要关注服务顾问口径。样本号 MOCK-0405。,已授权联系,否,false,wecom_user_0405,135****0405,渝A-MK405,LFAKE000000000405,225,iOS,true,mock-after-sales-v1,2026-06-09,baseline_passed_pending_presidio
fb_mock_000406,wecom_ans_000406,2026-05-04T11:58:00+08:00,问卷星,活动用户运营与口碑风险问卷,App,活动/用户运营与口碑风险型,21,用户运营口碑素材复盘,用户运营活动,东北,辽宁,沈阳,沈阳铁西服务中心,活动/社群,用户运营,2,6,负向,中,权益感知|社群反馈,报名成功后通知太晚，差点错过集合时间。主要集中在权益感知、社群反馈。这次我在沈阳沈阳铁西服务中心，时间是工作日下午，希望提前同步进度。我主要关注预约变更提醒。样本号 MOCK-0406。,拒绝联系,否,false,wecom_user_0406,188****0406,辽A-MK406,LFAKE000000000406,242,PC,true,mock-after-sales-v1,2026-06-09,baseline_passed_pending_presidio
fb_mock_000407,wecom_ans_000407,2026-05-07T18:11:00+08:00,问卷星,活动用户运营与口碑风险问卷,短信链接,活动/用户运营与口碑风险型,21,端午车主活动反馈,用户运营活动,华东,江苏,南京,南京建邺服务中心,活动/社群,用户运营,1,3,负向,高,社群反馈|活动体验,社群回复慢，活动变更没有提前通知，容易产生误解。主要集中在社群反馈、活动体验。这次我在南京南京建邺服务中心，时间是周末上午，希望结果更可追溯。我主要关注费用和权益解释。样本号 MOCK-0407。,拒绝联系,否,false,wecom_user_0407,177****0407,苏A-MK407,LFAKE000000000407,259,iOS,true,mock-after-sales-v1,2026-06-09,baseline_passed_pending_presidio
fb_mock_000408,wecom_ans_000408,2026-05-10T15:24:00+08:00,问卷星,活动用户运营与口碑风险问卷,企微,活动/用户运营与口碑风险型,21,车主社群权益回访,用户运营活动,西南,重庆,重庆,重庆南岸服务中心,活动/社群,用户运营,1,4,负向,高,活动体验|权益感知,活动权益说明不清楚，到现场才知道有限制条件。主要集中在活动体验、权益感知。这次我在重庆重庆南岸服务中心，时间是周末傍晚，希望服务口径一致。我主要关注问题复核安排。样本号 MOCK-0408。,已授权联系,是,false,wecom_user_0408,138****0408,渝A-DM0408,LFAKE000000000408,276,PC,true,mock-after-sales-v1,2026-06-09,baseline_passed_pending_presidio
fb_mock_000409,wecom_ans_000409,2026-05-13T12:37:00+08:00,问卷星,活动用户运营与口碑风险问卷,小程序,活动/用户运营与口碑风险型,21,用户运营口碑素材复盘,用户运营活动,东北,辽宁,沈阳,沈阳铁西服务中心,活动/社群,用户运营,1,3,负向,高,权益感知|社群反馈,报名成功后通知太晚，差点错过集合时间。主要集中在权益感知、社群反馈。这次我在沈阳沈阳铁西服务中心，时间是节前高峰，希望减少等待。我主要关注跨渠道信息一致性。样本号 MOCK-0409。,拒绝联系,否,false,wecom_user_0409,139****0409,辽A-MK409,LFAKE000000000409,293,iOS,true,mock-after-sales-v1,2026-06-09,baseline_passed_pending_presidio
fb_mock_000410,wecom_ans_000410,2026-05-16T09:50:00+08:00,腾讯问卷,活动用户运营与口碑风险问卷,服务顾问代录,活动/用户运营与口碑风险型,21,端午车主活动反馈,用户运营活动,华东,江苏,南京,南京建邺服务中心,活动/社群,用户运营,4,8,正向,高,社群反馈|活动体验,礼品和权益兑现符合预期，现场体验比预想更好。值得复用的点是社群反馈。这次我在南京南京建邺服务中心，时间是雨天到店，希望后续有人回访。我主要关注首次响应。样本号 MOCK-0410。,未询问,是,true,wecom_user_0410,136****0410,苏A-MK410,LFAKE000000000410,70,PC,true,mock-after-sales-v1,2026-06-09,baseline_passed_pending_presidio
fb_mock_000411,wecom_ans_000411,2026-05-19T16:03:00+08:00,腾讯问卷,活动用户运营与口碑风险问卷,App,活动/用户运营与口碑风险型,21,车主社群权益回访,用户运营活动,西南,重庆,重庆,重庆南岸服务中心,活动/社群,用户运营,5,9,正向,低,活动体验|权益感知,活动组织有序，权益说明清楚，工作人员能主动解答问题。值得复用的点是活动体验。这次我在重庆重庆南岸服务中心，时间是下班后，希望解释更直接。我主要关注交付前说明。样本号 MOCK-0411。,拒绝联系,是,false,wecom_user_0411,135****0411,渝A-MK411,LFAKE000000000411,87,iOS,true,mock-after-sales-v1,2026-06-09,baseline_passed_pending_presidio
fb_mock_000412,wecom_ans_000412,2026-05-22T13:16:00+08:00,腾讯问卷,活动用户运营与口碑风险问卷,短信链接,活动/用户运营与口碑风险型,21,用户运营口碑素材复盘,用户运营活动,东北,辽宁,沈阳,沈阳铁西服务中心,活动/社群,用户运营,4,8,正向,低,权益感知|社群反馈,社群提醒及时，车主课堂内容有价值，愿意继续参加。值得复用的点是权益感知。这次我在沈阳沈阳铁西服务中心，时间是午休时段，希望线上状态更准确。我主要关注线上状态同步。样本号 MOCK-0412。,拒绝联系,是,false,wecom_user_0412,188****0412,辽A-DM0412,LFAKE000000000412,104,PC,true,mock-after-sales-v1,2026-06-09,baseline_passed_pending_presidio
fb_mock_000413,wecom_ans_000413,2026-05-25T10:29:00+08:00,腾讯问卷,活动用户运营与口碑风险问卷,企微,活动/用户运营与口碑风险型,21,端午车主活动反馈,用户运营活动,华东,江苏,南京,南京建邺服务中心,活动/社群,用户运营,4,8,正向,低,社群反馈|活动体验,礼品和权益兑现符合预期，现场体验比预想更好。值得复用的点是社群反馈。这次我在南京南京建邺服务中心，时间是活动结束后，希望提前同步进度。我主要关注现场等待安排。样本号 MOCK-0413。,拒绝联系,是,false,wecom_user_0413,177****0413,苏A-MK413,LFAKE000000000413,121,iOS,true,mock-after-sales-v1,2026-06-09,baseline_passed_pending_presidio
fb_mock_000414,wecom_ans_000414,2026-05-28T17:42:00+08:00,腾讯问卷,活动用户运营与口碑风险问卷,小程序,活动/用户运营与口碑风险型,21,车主社群权益回访,用户运营活动,西南,重庆,重庆,重庆南岸服务中心,活动/社群,用户运营,5,10,正向,低,活动体验|权益感知,活动组织有序，权益说明清楚，工作人员能主动解答问题。值得复用的点是活动体验。这次我在重庆重庆南岸服务中心，时间是工作日上午，希望结果更可追溯。我主要关注后续闭环动作。样本号 MOCK-0414。,拒绝联系,是,false,wecom_user_0414,138****0414,渝A-MK414,LFAKE000000000414,138,PC,true,mock-after-sales-v1,2026-06-09,baseline_passed_pending_presidio
fb_mock_000415,wecom_ans_000415,2026-05-31T14:55:00+08:00,腾讯问卷,活动用户运营与口碑风险问卷,服务顾问代录,活动/用户运营与口碑风险型,21,用户运营口碑素材复盘,用户运营活动,东北,辽宁,沈阳,沈阳铁西服务中心,活动/社群,用户运营,4,8,正向,低,权益感知|社群反馈,社群提醒及时，车主课堂内容有价值，愿意继续参加。值得复用的点是权益感知。这次我在沈阳沈阳铁西服务中心，时间是工作日下午，希望服务口径一致。我主要关注服务顾问口径。样本号 MOCK-0415。,未询问,是,false,wecom_user_0415,139****0415,辽A-MK415,LFAKE000000000415,155,iOS,true,mock-after-sales-v1,2026-06-09,baseline_passed_pending_presidio
fb_mock_000416,wecom_ans_000416,2026-06-03T11:08:00+08:00,腾讯问卷,活动用户运营与口碑风险问卷,App,活动/用户运营与口碑风险型,21,端午车主活动反馈,用户运营活动,华东,江苏,南京,南京建邺服务中心,活动/社群,用户运营,3,8,中性,低,社群反馈|活动体验,权益兑现没有问题，但现场动线可以更清楚。后续可继续观察社群反馈。这次我在南京南京建邺服务中心，时间是周末上午，希望减少等待。我主要关注预约变更提醒。样本号 MOCK-0416。,已授权联系,是,false,wecom_user_0416,136****0416,苏A-DM0416,LFAKE000000000416,172,PC,true,mock-after-sales-v1,2026-06-09,baseline_passed_pending_presidio
fb_mock_000417,wecom_ans_000417,2026-06-06T18:21:00+08:00,App内问卷,活动用户运营与口碑风险问卷,短信链接,活动/用户运营与口碑风险型,21,车主社群权益回访,用户运营活动,西南,重庆,重庆,重庆南岸服务中心,活动/社群,用户运营,3,7,中性,低,活动体验|权益感知,活动内容还可以，但规则说明有点复杂，希望下次更简单。后续可继续观察活动体验。这次我在重庆重庆南岸服务中心，时间是周末傍晚，希望后续有人回访。我主要关注费用和权益解释。样本号 MOCK-0417。,拒绝联系,不确定,false,wecom_user_0417,135****0417,渝A-MK417,LFAKE000000000417,189,iOS,true,mock-after-sales-v1,2026-06-09,baseline_passed_pending_presidio
fb_mock_000418,wecom_ans_000418,2026-06-09T15:34:00+08:00,App内问卷,活动用户运营与口碑风险问卷,企微,活动/用户运营与口碑风险型,21,用户运营口碑素材复盘,用户运营活动,东北,辽宁,沈阳,沈阳铁西服务中心,活动/社群,用户运营,3,8,中性,低,权益感知|社群反馈,社群通知及时，报名确认稍慢，整体体验一般。后续可继续观察权益感知。这次我在沈阳沈阳铁西服务中心，时间是节前高峰，希望解释更直接。我主要关注问题复核安排。样本号 MOCK-0418。,拒绝联系,是,false,wecom_user_0418,188****0418,辽A-MK418,LFAKE000000000418,206,PC,true,mock-after-sales-v1,2026-06-09,baseline_passed_pending_presidio
fb_mock_000419,wecom_ans_000419,2026-06-12T12:47:00+08:00,短信链接,活动用户运营与口碑风险问卷,小程序,活动/用户运营与口碑风险型,21,端午车主活动反馈,用户运营活动,华东,江苏,南京,南京建邺服务中心,活动/社群,用户运营,3,7,中性,低,社群反馈|活动体验,权益兑现没有问题，但现场动线可以更清楚。后续可继续观察社群反馈。这次我在南京南京建邺服务中心，时间是雨天到店，希望线上状态更准确。我主要关注跨渠道信息一致性。样本号 MOCK-0419。,拒绝联系,是,false,wecom_user_0419,177****0419,苏A-MK419,LFAKE000000000419,223,iOS,true,mock-after-sales-v1,2026-06-09,baseline_passed_pending_presidio
fb_mock_000420,wecom_ans_000420,2026-05-01T09:00:00+08:00,企微链接,活动用户运营与口碑风险问卷,服务顾问代录,活动/用户运营与口碑风险型,21,车主社群权益回访,用户运营活动,西南,重庆,重庆,重庆南岸服务中心,活动/社群,用户运营,3,8,中性,高,活动体验|权益感知,活动内容还可以，但规则说明有点复杂，希望下次更简单。后续可继续观察活动体验。这次我在重庆重庆南岸服务中心，时间是下班后，希望提前同步进度。我主要关注首次响应。样本号 MOCK-0420。,未询问,不确定,true,wecom_user_0420,138****0420,渝A-DM0420,LFAKE000000000420,240,PC,true,mock-after-sales-v1,2026-06-09,baseline_passed_pending_presidio
fb_mock_000421,wecom_ans_000421,2026-05-04T16:13:00+08:00,问卷星,活动用户运营与口碑风险问卷,App,活动/用户运营与口碑风险型,21,用户运营口碑素材复盘,用户运营活动,东北,辽宁,沈阳,沈阳铁西服务中心,活动/社群,用户运营,2,5,负向,中,权益感知|社群反馈,报名成功后通知太晚，差点错过集合时间。主要集中在权益感知、社群反馈。这次我在沈阳沈阳铁西服务中心，时间是午休时段，希望结果更可追溯。我主要关注交付前说明。样本号 MOCK-0421。,拒绝联系,否,false,wecom_user_0421,139****0421,辽A-MK421,LFAKE000000000421,257,iOS,true,mock-after-sales-v1,2026-06-09,baseline_passed_pending_presidio
fb_mock_000422,wecom_ans_000422,2026-05-07T13:26:00+08:00,问卷星,活动用户运营与口碑风险问卷,短信链接,活动/用户运营与口碑风险型,21,端午车主活动反馈,用户运营活动,华东,江苏,南京,南京建邺服务中心,活动/社群,用户运营,2,6,负向,中,社群反馈|活动体验,社群回复慢，活动变更没有提前通知，容易产生误解。主要集中在社群反馈、活动体验。这次我在南京南京建邺服务中心，时间是活动结束后，希望服务口径一致。我主要关注线上状态同步。样本号 MOCK-0422。,拒绝联系,否,false,wecom_user_0422,136****0422,苏A-MK422,LFAKE000000000422,274,PC,true,mock-after-sales-v1,2026-06-09,baseline_passed_pending_presidio
fb_mock_000423,wecom_ans_000423,2026-05-10T10:39:00+08:00,问卷星,活动用户运营与口碑风险问卷,企微,活动/用户运营与口碑风险型,21,车主社群权益回访,用户运营活动,西南,重庆,重庆,重庆南岸服务中心,活动/社群,用户运营,2,5,负向,中,活动体验|权益感知,活动权益说明不清楚，到现场才知道有限制条件。主要集中在活动体验、权益感知。这次我在重庆重庆南岸服务中心，时间是工作日上午，希望减少等待。我主要关注现场等待安排。样本号 MOCK-0423。,已授权联系,否,false,wecom_user_0423,135****0423,渝A-MK423,LFAKE000000000423,291,iOS,true,mock-after-sales-v1,2026-06-09,baseline_passed_pending_presidio
fb_mock_000424,wecom_ans_000424,2026-05-13T17:52:00+08:00,问卷星,活动用户运营与口碑风险问卷,小程序,活动/用户运营与口碑风险型,21,用户运营口碑素材复盘,用户运营活动,东北,辽宁,沈阳,沈阳铁西服务中心,活动/社群,用户运营,2,6,负向,中,权益感知|社群反馈,报名成功后通知太晚，差点错过集合时间。主要集中在权益感知、社群反馈。这次我在沈阳沈阳铁西服务中心，时间是工作日下午，希望后续有人回访。我主要关注后续闭环动作。样本号 MOCK-0424。,拒绝联系,是,false,wecom_user_0424,188****0424,辽A-DM0424,LFAKE000000000424,68,PC,true,mock-after-sales-v1,2026-06-09,baseline_passed_pending_presidio
fb_mock_000425,wecom_ans_000425,2026-05-16T14:05:00+08:00,问卷星,活动用户运营与口碑风险问卷,服务顾问代录,活动/用户运营与口碑风险型,21,端午车主活动反馈,用户运营活动,华东,江苏,南京,南京建邺服务中心,活动/社群,用户运营,2,5,负向,中,社群反馈|活动体验,社群回复慢，活动变更没有提前通知，容易产生误解。主要集中在社群反馈、活动体验。这次我在南京南京建邺服务中心，时间是周末上午，希望解释更直接。我主要关注服务顾问口径。样本号 MOCK-0425。,未询问,否,false,wecom_user_0425,177****0425,苏A-MK425,LFAKE000000000425,85,iOS,true,mock-after-sales-v1,2026-06-09,baseline_passed_pending_presidio
fb_mock_000426,wecom_ans_000426,2026-05-19T11:18:00+08:00,问卷星,活动用户运营与口碑风险问卷,App,活动/用户运营与口碑风险型,21,车主社群权益回访,用户运营活动,西南,重庆,重庆,重庆南岸服务中心,活动/社群,用户运营,2,6,负向,中,活动体验|权益感知,活动权益说明不清楚，到现场才知道有限制条件。主要集中在活动体验、权益感知。这次我在重庆重庆南岸服务中心，时间是周末傍晚，希望线上状态更准确。我主要关注预约变更提醒。样本号 MOCK-0426。,已授权联系,否,false,wecom_user_0426,138****0426,渝A-MK426,LFAKE000000000426,102,PC,true,mock-after-sales-v1,2026-06-09,baseline_passed_pending_presidio
fb_mock_000427,wecom_ans_000427,2026-05-22T18:31:00+08:00,问卷星,活动用户运营与口碑风险问卷,短信链接,活动/用户运营与口碑风险型,21,用户运营口碑素材复盘,用户运营活动,东北,辽宁,沈阳,沈阳铁西服务中心,活动/社群,用户运营,1,3,负向,高,权益感知|社群反馈,报名成功后通知太晚，差点错过集合时间。主要集中在权益感知、社群反馈。这次我在沈阳沈阳铁西服务中心，时间是节前高峰，希望提前同步进度。我主要关注费用和权益解释。样本号 MOCK-0427。,拒绝联系,否,false,wecom_user_0427,139****0427,辽A-MK427,LFAKE000000000427,119,iOS,true,mock-after-sales-v1,2026-06-09,baseline_passed_pending_presidio
fb_mock_000428,wecom_ans_000428,2026-05-25T15:44:00+08:00,问卷星,活动用户运营与口碑风险问卷,企微,活动/用户运营与口碑风险型,21,端午车主活动反馈,用户运营活动,华东,江苏,南京,南京建邺服务中心,活动/社群,用户运营,1,4,负向,高,社群反馈|活动体验,社群回复慢，活动变更没有提前通知，容易产生误解。主要集中在社群反馈、活动体验。这次我在南京南京建邺服务中心，时间是雨天到店，希望结果更可追溯。我主要关注问题复核安排。样本号 MOCK-0428。,拒绝联系,是,false,wecom_user_0428,136****0428,苏A-DM0428,LFAKE000000000428,136,PC,true,mock-after-sales-v1,2026-06-09,baseline_passed_pending_presidio
fb_mock_000429,wecom_ans_000429,2026-05-28T12:57:00+08:00,问卷星,活动用户运营与口碑风险问卷,小程序,活动/用户运营与口碑风险型,21,车主社群权益回访,用户运营活动,西南,重庆,重庆,重庆南岸服务中心,活动/社群,用户运营,1,3,负向,高,活动体验|权益感知,活动权益说明不清楚，到现场才知道有限制条件。主要集中在活动体验、权益感知。这次我在重庆重庆南岸服务中心，时间是下班后，希望服务口径一致。我主要关注跨渠道信息一致性。样本号 MOCK-0429。,已授权联系,否,false,wecom_user_0429,135****0429,渝A-MK429,LFAKE000000000429,153,iOS,true,mock-after-sales-v1,2026-06-09,baseline_passed_pending_presidio
fb_mock_000430,wecom_ans_000430,2026-05-31T09:10:00+08:00,腾讯问卷,活动用户运营与口碑风险问卷,服务顾问代录,活动/用户运营与口碑风险型,21,用户运营口碑素材复盘,用户运营活动,东北,辽宁,沈阳,沈阳铁西服务中心,活动/社群,用户运营,4,8,正向,高,权益感知|社群反馈,社群提醒及时，车主课堂内容有价值，愿意继续参加。值得复用的点是权益感知。这次我在沈阳沈阳铁西服务中心，时间是午休时段，希望减少等待。我主要关注首次响应。样本号 MOCK-0430。,未询问,是,true,wecom_user_0430,188****0430,辽A-MK430,LFAKE000000000430,170,PC,true,mock-after-sales-v1,2026-06-09,baseline_passed_pending_presidio
fb_mock_000431,wecom_ans_000431,2026-06-03T16:23:00+08:00,腾讯问卷,活动用户运营与口碑风险问卷,App,活动/用户运营与口碑风险型,21,端午车主活动反馈,用户运营活动,华东,江苏,南京,南京建邺服务中心,活动/社群,用户运营,4,8,正向,低,社群反馈|活动体验,礼品和权益兑现符合预期，现场体验比预想更好。值得复用的点是社群反馈。这次我在南京南京建邺服务中心，时间是活动结束后，希望后续有人回访。我主要关注交付前说明。样本号 MOCK-0431。,拒绝联系,是,false,wecom_user_0431,177****0431,苏A-MK431,LFAKE000000000431,187,iOS,true,mock-after-sales-v1,2026-06-09,baseline_passed_pending_presidio
fb_mock_000432,wecom_ans_000432,2026-06-06T13:36:00+08:00,腾讯问卷,活动用户运营与口碑风险问卷,短信链接,活动/用户运营与口碑风险型,21,车主社群权益回访,用户运营活动,西南,重庆,重庆,重庆南岸服务中心,活动/社群,用户运营,5,10,正向,低,活动体验|权益感知,活动组织有序，权益说明清楚，工作人员能主动解答问题。值得复用的点是活动体验。这次我在重庆重庆南岸服务中心，时间是工作日上午，希望解释更直接。我主要关注线上状态同步。样本号 MOCK-0432。,拒绝联系,是,false,wecom_user_0432,138****0432,渝A-DM0432,LFAKE000000000432,204,PC,true,mock-after-sales-v1,2026-06-09,baseline_passed_pending_presidio
fb_mock_000433,wecom_ans_000433,2026-06-09T10:49:00+08:00,腾讯问卷,活动用户运营与口碑风险问卷,企微,活动/用户运营与口碑风险型,21,用户运营口碑素材复盘,用户运营活动,东北,辽宁,沈阳,沈阳铁西服务中心,活动/社群,用户运营,4,8,正向,低,权益感知|社群反馈,社群提醒及时，车主课堂内容有价值，愿意继续参加。值得复用的点是权益感知。这次我在沈阳沈阳铁西服务中心，时间是工作日下午，希望线上状态更准确。我主要关注现场等待安排。样本号 MOCK-0433。,拒绝联系,是,false,wecom_user_0433,139****0433,辽A-MK433,LFAKE000000000433,221,iOS,true,mock-after-sales-v1,2026-06-09,baseline_passed_pending_presidio
fb_mock_000434,wecom_ans_000434,2026-06-12T17:02:00+08:00,腾讯问卷,活动用户运营与口碑风险问卷,小程序,活动/用户运营与口碑风险型,21,端午车主活动反馈,用户运营活动,华东,江苏,南京,南京建邺服务中心,活动/社群,用户运营,4,8,正向,低,社群反馈|活动体验,礼品和权益兑现符合预期，现场体验比预想更好。值得复用的点是社群反馈。这次我在南京南京建邺服务中心，时间是周末上午，希望提前同步进度。我主要关注后续闭环动作。样本号 MOCK-0434。,拒绝联系,是,false,wecom_user_0434,136****0434,苏A-MK434,LFAKE000000000434,238,PC,true,mock-after-sales-v1,2026-06-09,baseline_passed_pending_presidio
fb_mock_000435,wecom_ans_000435,2026-05-01T14:15:00+08:00,腾讯问卷,活动用户运营与口碑风险问卷,服务顾问代录,活动/用户运营与口碑风险型,21,车主社群权益回访,用户运营活动,西南,重庆,重庆,重庆南岸服务中心,活动/社群,用户运营,5,9,正向,低,活动体验|权益感知,活动组织有序，权益说明清楚，工作人员能主动解答问题。值得复用的点是活动体验。这次我在重庆重庆南岸服务中心，时间是周末傍晚，希望结果更可追溯。我主要关注服务顾问口径。样本号 MOCK-0435。,已授权联系,是,false,wecom_user_0435,135****0435,渝A-MK435,LFAKE000000000435,255,iOS,true,mock-after-sales-v1,2026-06-09,baseline_passed_pending_presidio
fb_mock_000436,wecom_ans_000436,2026-05-04T11:28:00+08:00,腾讯问卷,活动用户运营与口碑风险问卷,App,活动/用户运营与口碑风险型,21,用户运营口碑素材复盘,用户运营活动,东北,辽宁,沈阳,沈阳铁西服务中心,活动/社群,用户运营,3,8,中性,低,权益感知|社群反馈,社群通知及时，报名确认稍慢，整体体验一般。后续可继续观察权益感知。这次我在沈阳沈阳铁西服务中心，时间是节前高峰，希望服务口径一致。我主要关注预约变更提醒。样本号 MOCK-0436。,拒绝联系,是,false,wecom_user_0436,188****0436,辽A-DM0436,LFAKE000000000436,272,PC,true,mock-after-sales-v1,2026-06-09,baseline_passed_pending_presidio
fb_mock_000437,wecom_ans_000437,2026-05-07T18:41:00+08:00,App内问卷,活动用户运营与口碑风险问卷,短信链接,活动/用户运营与口碑风险型,21,端午车主活动反馈,用户运营活动,华东,江苏,南京,南京建邺服务中心,活动/社群,用户运营,3,7,中性,低,社群反馈|活动体验,权益兑现没有问题，但现场动线可以更清楚。后续可继续观察社群反馈。这次我在南京南京建邺服务中心，时间是雨天到店，希望减少等待。我主要关注费用和权益解释。样本号 MOCK-0437。,拒绝联系,是,false,wecom_user_0437,177****0437,苏A-MK437,LFAKE000000000437,289,iOS,true,mock-after-sales-v1,2026-06-09,baseline_passed_pending_presidio
fb_mock_000438,wecom_ans_000438,2026-05-10T15:54:00+08:00,App内问卷,活动用户运营与口碑风险问卷,企微,活动/用户运营与口碑风险型,21,车主社群权益回访,用户运营活动,西南,重庆,重庆,重庆南岸服务中心,活动/社群,用户运营,3,8,中性,低,活动体验|权益感知,活动内容还可以，但规则说明有点复杂，希望下次更简单。后续可继续观察活动体验。这次我在重庆重庆南岸服务中心，时间是下班后，希望后续有人回访。我主要关注问题复核安排。样本号 MOCK-0438。,拒绝联系,不确定,false,wecom_user_0438,138****0438,渝A-MK438,LFAKE000000000438,66,PC,true,mock-after-sales-v1,2026-06-09,baseline_passed_pending_presidio
fb_mock_000439,wecom_ans_000439,2026-05-13T12:07:00+08:00,短信链接,活动用户运营与口碑风险问卷,小程序,活动/用户运营与口碑风险型,21,用户运营口碑素材复盘,用户运营活动,东北,辽宁,沈阳,沈阳铁西服务中心,活动/社群,用户运营,3,7,中性,低,权益感知|社群反馈,社群通知及时，报名确认稍慢，整体体验一般。后续可继续观察权益感知。这次我在沈阳沈阳铁西服务中心，时间是午休时段，希望解释更直接。我主要关注跨渠道信息一致性。样本号 MOCK-0439。,拒绝联系,是,false,wecom_user_0439,139****0439,辽A-MK439,LFAKE000000000439,83,iOS,true,mock-after-sales-v1,2026-06-09,baseline_passed_pending_presidio
fb_mock_000440,wecom_ans_000440,2026-05-16T09:20:00+08:00,企微链接,活动用户运营与口碑风险问卷,服务顾问代录,活动/用户运营与口碑风险型,21,端午车主活动反馈,用户运营活动,华东,江苏,南京,南京建邺服务中心,活动/社群,用户运营,3,8,中性,高,社群反馈|活动体验,权益兑现没有问题，但现场动线可以更清楚。后续可继续观察社群反馈。这次我在南京南京建邺服务中心，时间是活动结束后，希望线上状态更准确。我主要关注首次响应。样本号 MOCK-0440。,已授权联系,是,true,wecom_user_0440,136****0440,苏A-DM0440,LFAKE000000000440,100,PC,true,mock-after-sales-v1,2026-06-09,baseline_passed_pending_presidio
fb_mock_000441,wecom_ans_000441,2026-05-19T16:33:00+08:00,问卷星,活动用户运营与口碑风险问卷,App,活动/用户运营与口碑风险型,21,车主社群权益回访,用户运营活动,西南,重庆,重庆,重庆南岸服务中心,活动/社群,用户运营,2,5,负向,中,活动体验|权益感知,活动权益说明不清楚，到现场才知道有限制条件。主要集中在活动体验、权益感知。这次我在重庆重庆南岸服务中心，时间是工作日上午，希望提前同步进度。我主要关注交付前说明。样本号 MOCK-0441。,已授权联系,否,false,wecom_user_0441,135****0441,渝A-MK441,LFAKE000000000441,117,iOS,true,mock-after-sales-v1,2026-06-09,baseline_passed_pending_presidio
fb_mock_000442,wecom_ans_000442,2026-05-22T13:46:00+08:00,问卷星,活动用户运营与口碑风险问卷,短信链接,活动/用户运营与口碑风险型,21,用户运营口碑素材复盘,用户运营活动,东北,辽宁,沈阳,沈阳铁西服务中心,活动/社群,用户运营,2,6,负向,中,权益感知|社群反馈,报名成功后通知太晚，差点错过集合时间。主要集中在权益感知、社群反馈。这次我在沈阳沈阳铁西服务中心，时间是工作日下午，希望结果更可追溯。我主要关注线上状态同步。样本号 MOCK-0442。,拒绝联系,否,false,wecom_user_0442,188****0442,辽A-MK442,LFAKE000000000442,134,PC,true,mock-after-sales-v1,2026-06-09,baseline_passed_pending_presidio
fb_mock_000443,wecom_ans_000443,2026-05-25T10:59:00+08:00,问卷星,活动用户运营与口碑风险问卷,企微,活动/用户运营与口碑风险型,21,端午车主活动反馈,用户运营活动,华东,江苏,南京,南京建邺服务中心,活动/社群,用户运营,2,5,负向,中,社群反馈|活动体验,社群回复慢，活动变更没有提前通知，容易产生误解。主要集中在社群反馈、活动体验。这次我在南京南京建邺服务中心，时间是周末上午，希望服务口径一致。我主要关注现场等待安排。样本号 MOCK-0443。,拒绝联系,否,false,wecom_user_0443,177****0443,苏A-MK443,LFAKE000000000443,151,iOS,true,mock-after-sales-v1,2026-06-09,baseline_passed_pending_presidio
fb_mock_000444,wecom_ans_000444,2026-05-28T17:12:00+08:00,问卷星,活动用户运营与口碑风险问卷,小程序,活动/用户运营与口碑风险型,21,车主社群权益回访,用户运营活动,西南,重庆,重庆,重庆南岸服务中心,活动/社群,用户运营,2,6,负向,中,活动体验|权益感知,活动权益说明不清楚，到现场才知道有限制条件。主要集中在活动体验、权益感知。这次我在重庆重庆南岸服务中心，时间是周末傍晚，希望减少等待。我主要关注后续闭环动作。样本号 MOCK-0444。,已授权联系,是,false,wecom_user_0444,138****0444,渝A-DM0444,LFAKE000000000444,168,PC,true,mock-after-sales-v1,2026-06-09,baseline_passed_pending_presidio
fb_mock_000445,wecom_ans_000445,2026-05-31T14:25:00+08:00,问卷星,活动用户运营与口碑风险问卷,服务顾问代录,活动/用户运营与口碑风险型,21,用户运营口碑素材复盘,用户运营活动,东北,辽宁,沈阳,沈阳铁西服务中心,活动/社群,用户运营,2,5,负向,中,权益感知|社群反馈,报名成功后通知太晚，差点错过集合时间。主要集中在权益感知、社群反馈。这次我在沈阳沈阳铁西服务中心，时间是节前高峰，希望后续有人回访。我主要关注服务顾问口径。样本号 MOCK-0445。,未询问,否,false,wecom_user_0445,139****0445,辽A-MK445,LFAKE000000000445,185,iOS,true,mock-after-sales-v1,2026-06-09,baseline_passed_pending_presidio
fb_mock_000446,wecom_ans_000446,2026-06-03T11:38:00+08:00,问卷星,活动用户运营与口碑风险问卷,App,活动/用户运营与口碑风险型,21,端午车主活动反馈,用户运营活动,华东,江苏,南京,南京建邺服务中心,活动/社群,用户运营,2,6,负向,中,社群反馈|活动体验,社群回复慢，活动变更没有提前通知，容易产生误解。主要集中在社群反馈、活动体验。这次我在南京南京建邺服务中心，时间是雨天到店，希望解释更直接。我主要关注预约变更提醒。样本号 MOCK-0446。,拒绝联系,否,false,wecom_user_0446,136****0446,苏A-MK446,LFAKE000000000446,202,PC,true,mock-after-sales-v1,2026-06-09,baseline_passed_pending_presidio
fb_mock_000447,wecom_ans_000447,2026-06-06T18:51:00+08:00,问卷星,活动用户运营与口碑风险问卷,短信链接,活动/用户运营与口碑风险型,21,车主社群权益回访,用户运营活动,西南,重庆,重庆,重庆南岸服务中心,活动/社群,用户运营,1,3,负向,高,活动体验|权益感知,活动权益说明不清楚，到现场才知道有限制条件。主要集中在活动体验、权益感知。这次我在重庆重庆南岸服务中心，时间是下班后，希望线上状态更准确。我主要关注费用和权益解释。样本号 MOCK-0447。,已授权联系,否,false,wecom_user_0447,135****0447,渝A-MK447,LFAKE000000000447,219,iOS,true,mock-after-sales-v1,2026-06-09,baseline_passed_pending_presidio
fb_mock_000448,wecom_ans_000448,2026-06-09T15:04:00+08:00,问卷星,活动用户运营与口碑风险问卷,企微,活动/用户运营与口碑风险型,21,用户运营口碑素材复盘,用户运营活动,东北,辽宁,沈阳,沈阳铁西服务中心,活动/社群,用户运营,1,4,负向,高,权益感知|社群反馈,报名成功后通知太晚，差点错过集合时间。主要集中在权益感知、社群反馈。这次我在沈阳沈阳铁西服务中心，时间是午休时段，希望提前同步进度。我主要关注问题复核安排。样本号 MOCK-0448。,拒绝联系,是,false,wecom_user_0448,188****0448,辽A-DM0448,LFAKE000000000448,236,PC,true,mock-after-sales-v1,2026-06-09,baseline_passed_pending_presidio
fb_mock_000449,wecom_ans_000449,2026-06-12T12:17:00+08:00,问卷星,活动用户运营与口碑风险问卷,小程序,活动/用户运营与口碑风险型,21,端午车主活动反馈,用户运营活动,华东,江苏,南京,南京建邺服务中心,活动/社群,用户运营,1,3,负向,高,社群反馈|活动体验,社群回复慢，活动变更没有提前通知，容易产生误解。主要集中在社群反馈、活动体验。这次我在南京南京建邺服务中心，时间是活动结束后，希望结果更可追溯。我主要关注跨渠道信息一致性。样本号 MOCK-0449。,拒绝联系,否,false,wecom_user_0449,177****0449,苏A-MK449,LFAKE000000000449,253,iOS,true,mock-after-sales-v1,2026-06-09,baseline_passed_pending_presidio
fb_mock_000450,wecom_ans_000450,2026-05-01T09:30:00+08:00,腾讯问卷,活动用户运营与口碑风险问卷,服务顾问代录,活动/用户运营与口碑风险型,21,车主社群权益回访,用户运营活动,西南,重庆,重庆,重庆南岸服务中心,活动/社群,用户运营,5,10,正向,高,活动体验|权益感知,活动组织有序，权益说明清楚，工作人员能主动解答问题。值得复用的点是活动体验。这次我在重庆重庆南岸服务中心，时间是工作日上午，希望服务口径一致。我主要关注首次响应。样本号 MOCK-0450。,已授权联系,是,true,wecom_user_0450,138****0450,渝A-MK450,LFAKE000000000450,270,PC,true,mock-after-sales-v1,2026-06-09,baseline_passed_pending_presidio
fb_mock_000451,wecom_ans_000451,2026-05-04T16:43:00+08:00,腾讯问卷,活动用户运营与口碑风险问卷,App,活动/用户运营与口碑风险型,21,用户运营口碑素材复盘,用户运营活动,东北,辽宁,沈阳,沈阳铁西服务中心,活动/社群,用户运营,4,8,正向,低,权益感知|社群反馈,社群提醒及时，车主课堂内容有价值，愿意继续参加。值得复用的点是权益感知。这次我在沈阳沈阳铁西服务中心，时间是工作日下午，希望减少等待。我主要关注交付前说明。样本号 MOCK-0451。,拒绝联系,是,false,wecom_user_0451,139****0451,辽A-MK451,LFAKE000000000451,287,iOS,true,mock-after-sales-v1,2026-06-09,baseline_passed_pending_presidio
fb_mock_000452,wecom_ans_000452,2026-05-07T13:56:00+08:00,腾讯问卷,活动用户运营与口碑风险问卷,短信链接,活动/用户运营与口碑风险型,21,端午车主活动反馈,用户运营活动,华东,江苏,南京,南京建邺服务中心,活动/社群,用户运营,4,8,正向,低,社群反馈|活动体验,礼品和权益兑现符合预期，现场体验比预想更好。值得复用的点是社群反馈。这次我在南京南京建邺服务中心，时间是周末上午，希望后续有人回访。我主要关注线上状态同步。样本号 MOCK-0452。,拒绝联系,是,false,wecom_user_0452,136****0452,苏A-DM0452,LFAKE000000000452,64,PC,true,mock-after-sales-v1,2026-06-09,baseline_passed_pending_presidio
fb_mock_000453,wecom_ans_000453,2026-05-10T10:09:00+08:00,腾讯问卷,活动用户运营与口碑风险问卷,企微,活动/用户运营与口碑风险型,21,车主社群权益回访,用户运营活动,西南,重庆,重庆,重庆南岸服务中心,活动/社群,用户运营,5,9,正向,低,活动体验|权益感知,活动组织有序，权益说明清楚，工作人员能主动解答问题。值得复用的点是活动体验。这次我在重庆重庆南岸服务中心，时间是周末傍晚，希望解释更直接。我主要关注现场等待安排。样本号 MOCK-0453。,拒绝联系,是,false,wecom_user_0453,135****0453,渝A-MK453,LFAKE000000000453,81,iOS,true,mock-after-sales-v1,2026-06-09,baseline_passed_pending_presidio
fb_mock_000454,wecom_ans_000454,2026-05-13T17:22:00+08:00,腾讯问卷,活动用户运营与口碑风险问卷,小程序,活动/用户运营与口碑风险型,21,用户运营口碑素材复盘,用户运营活动,东北,辽宁,沈阳,沈阳铁西服务中心,活动/社群,用户运营,4,8,正向,低,权益感知|社群反馈,社群提醒及时，车主课堂内容有价值，愿意继续参加。值得复用的点是权益感知。这次我在沈阳沈阳铁西服务中心，时间是节前高峰，希望线上状态更准确。我主要关注后续闭环动作。样本号 MOCK-0454。,拒绝联系,是,false,wecom_user_0454,188****0454,辽A-MK454,LFAKE000000000454,98,PC,true,mock-after-sales-v1,2026-06-09,baseline_passed_pending_presidio
fb_mock_000455,wecom_ans_000455,2026-05-16T14:35:00+08:00,腾讯问卷,活动用户运营与口碑风险问卷,服务顾问代录,活动/用户运营与口碑风险型,21,端午车主活动反馈,用户运营活动,华东,江苏,南京,南京建邺服务中心,活动/社群,用户运营,4,8,正向,低,社群反馈|活动体验,礼品和权益兑现符合预期，现场体验比预想更好。值得复用的点是社群反馈。这次我在南京南京建邺服务中心，时间是雨天到店，希望提前同步进度。我主要关注服务顾问口径。样本号 MOCK-0455。,未询问,是,false,wecom_user_0455,177****0455,苏A-MK455,LFAKE000000000455,115,iOS,true,mock-after-sales-v1,2026-06-09,baseline_passed_pending_presidio
fb_mock_000456,wecom_ans_000456,2026-05-19T11:48:00+08:00,腾讯问卷,活动用户运营与口碑风险问卷,App,活动/用户运营与口碑风险型,21,车主社群权益回访,用户运营活动,西南,重庆,重庆,重庆南岸服务中心,活动/社群,用户运营,3,8,中性,低,活动体验|权益感知,活动内容还可以，但规则说明有点复杂，希望下次更简单。后续可继续观察活动体验。这次我在重庆重庆南岸服务中心，时间是下班后，希望结果更可追溯。我主要关注预约变更提醒。样本号 MOCK-0456。,已授权联系,不确定,false,wecom_user_0456,138****0456,渝A-DM0456,LFAKE000000000456,132,PC,true,mock-after-sales-v1,2026-06-09,baseline_passed_pending_presidio
fb_mock_000457,wecom_ans_000457,2026-05-22T18:01:00+08:00,App内问卷,活动用户运营与口碑风险问卷,短信链接,活动/用户运营与口碑风险型,21,用户运营口碑素材复盘,用户运营活动,东北,辽宁,沈阳,沈阳铁西服务中心,活动/社群,用户运营,3,7,中性,低,权益感知|社群反馈,社群通知及时，报名确认稍慢，整体体验一般。后续可继续观察权益感知。这次我在沈阳沈阳铁西服务中心，时间是午休时段，希望服务口径一致。我主要关注费用和权益解释。样本号 MOCK-0457。,拒绝联系,是,false,wecom_user_0457,139****0457,辽A-MK457,LFAKE000000000457,149,iOS,true,mock-after-sales-v1,2026-06-09,baseline_passed_pending_presidio
fb_mock_000458,wecom_ans_000458,2026-05-25T15:14:00+08:00,App内问卷,活动用户运营与口碑风险问卷,企微,活动/用户运营与口碑风险型,21,端午车主活动反馈,用户运营活动,华东,江苏,南京,南京建邺服务中心,活动/社群,用户运营,3,8,中性,低,社群反馈|活动体验,权益兑现没有问题，但现场动线可以更清楚。后续可继续观察社群反馈。这次我在南京南京建邺服务中心，时间是活动结束后，希望减少等待。我主要关注问题复核安排。样本号 MOCK-0458。,拒绝联系,是,false,wecom_user_0458,136****0458,苏A-MK458,LFAKE000000000458,166,PC,true,mock-after-sales-v1,2026-06-09,baseline_passed_pending_presidio
fb_mock_000459,wecom_ans_000459,2026-05-28T12:27:00+08:00,短信链接,活动用户运营与口碑风险问卷,小程序,活动/用户运营与口碑风险型,21,车主社群权益回访,用户运营活动,西南,重庆,重庆,重庆南岸服务中心,活动/社群,用户运营,3,7,中性,低,活动体验|权益感知,活动内容还可以，但规则说明有点复杂，希望下次更简单。后续可继续观察活动体验。这次我在重庆重庆南岸服务中心，时间是工作日上午，希望后续有人回访。我主要关注跨渠道信息一致性。样本号 MOCK-0459。,拒绝联系,不确定,false,wecom_user_0459,135****0459,渝A-MK459,LFAKE000000000459,183,iOS,true,mock-after-sales-v1,2026-06-09,baseline_passed_pending_presidio
fb_mock_000460,wecom_ans_000460,2026-05-31T09:40:00+08:00,企微链接,活动用户运营与口碑风险问卷,服务顾问代录,活动/用户运营与口碑风险型,21,用户运营口碑素材复盘,用户运营活动,东北,辽宁,沈阳,沈阳铁西服务中心,活动/社群,用户运营,3,8,中性,高,权益感知|社群反馈,社群通知及时，报名确认稍慢，整体体验一般。后续可继续观察权益感知。这次我在沈阳沈阳铁西服务中心，时间是工作日下午，希望解释更直接。我主要关注首次响应。样本号 MOCK-0460。,未询问,是,true,wecom_user_0460,188****0460,辽A-DM0460,LFAKE000000000460,200,PC,true,mock-after-sales-v1,2026-06-09,baseline_passed_pending_presidio
fb_mock_000461,wecom_ans_000461,2026-06-03T16:53:00+08:00,问卷星,活动用户运营与口碑风险问卷,App,活动/用户运营与口碑风险型,21,端午车主活动反馈,用户运营活动,华东,江苏,南京,南京建邺服务中心,活动/社群,用户运营,2,5,负向,中,社群反馈|活动体验,社群回复慢，活动变更没有提前通知，容易产生误解。主要集中在社群反馈、活动体验。这次我在南京南京建邺服务中心，时间是周末上午，希望线上状态更准确。我主要关注交付前说明。样本号 MOCK-0461。,拒绝联系,否,false,wecom_user_0461,177****0461,苏A-MK461,LFAKE000000000461,217,iOS,true,mock-after-sales-v1,2026-06-09,baseline_passed_pending_presidio
fb_mock_000462,wecom_ans_000462,2026-06-06T13:06:00+08:00,问卷星,活动用户运营与口碑风险问卷,短信链接,活动/用户运营与口碑风险型,21,车主社群权益回访,用户运营活动,西南,重庆,重庆,重庆南岸服务中心,活动/社群,用户运营,2,6,负向,中,活动体验|权益感知,活动权益说明不清楚，到现场才知道有限制条件。主要集中在活动体验、权益感知。这次我在重庆重庆南岸服务中心，时间是周末傍晚，希望提前同步进度。我主要关注线上状态同步。样本号 MOCK-0462。,已授权联系,否,false,wecom_user_0462,138****0462,渝A-MK462,LFAKE000000000462,234,PC,true,mock-after-sales-v1,2026-06-09,baseline_passed_pending_presidio
fb_mock_000463,wecom_ans_000463,2026-06-09T10:19:00+08:00,问卷星,活动用户运营与口碑风险问卷,企微,活动/用户运营与口碑风险型,21,用户运营口碑素材复盘,用户运营活动,东北,辽宁,沈阳,沈阳铁西服务中心,活动/社群,用户运营,2,5,负向,中,权益感知|社群反馈,报名成功后通知太晚，差点错过集合时间。主要集中在权益感知、社群反馈。这次我在沈阳沈阳铁西服务中心，时间是节前高峰，希望结果更可追溯。我主要关注现场等待安排。样本号 MOCK-0463。,拒绝联系,否,false,wecom_user_0463,139****0463,辽A-MK463,LFAKE000000000463,251,iOS,true,mock-after-sales-v1,2026-06-09,baseline_passed_pending_presidio
fb_mock_000464,wecom_ans_000464,2026-06-12T17:32:00+08:00,问卷星,活动用户运营与口碑风险问卷,小程序,活动/用户运营与口碑风险型,21,端午车主活动反馈,用户运营活动,华东,江苏,南京,南京建邺服务中心,活动/社群,用户运营,2,6,负向,中,社群反馈|活动体验,社群回复慢，活动变更没有提前通知，容易产生误解。主要集中在社群反馈、活动体验。这次我在南京南京建邺服务中心，时间是雨天到店，希望服务口径一致。我主要关注后续闭环动作。样本号 MOCK-0464。,拒绝联系,是,false,wecom_user_0464,136****0464,苏A-DM0464,LFAKE000000000464,268,PC,true,mock-after-sales-v1,2026-06-09,baseline_passed_pending_presidio
fb_mock_000465,wecom_ans_000465,2026-05-01T14:45:00+08:00,问卷星,活动用户运营与口碑风险问卷,服务顾问代录,活动/用户运营与口碑风险型,21,车主社群权益回访,用户运营活动,西南,重庆,重庆,重庆南岸服务中心,活动/社群,用户运营,2,5,负向,中,活动体验|权益感知,活动权益说明不清楚，到现场才知道有限制条件。主要集中在活动体验、权益感知。这次我在重庆重庆南岸服务中心，时间是下班后，希望减少等待。我主要关注服务顾问口径。样本号 MOCK-0465。,已授权联系,否,false,wecom_user_0465,135****0465,渝A-MK465,LFAKE000000000465,285,iOS,true,mock-after-sales-v1,2026-06-09,baseline_passed_pending_presidio
fb_mock_000466,wecom_ans_000466,2026-05-04T11:58:00+08:00,问卷星,活动用户运营与口碑风险问卷,App,活动/用户运营与口碑风险型,21,用户运营口碑素材复盘,用户运营活动,东北,辽宁,沈阳,沈阳铁西服务中心,活动/社群,用户运营,2,6,负向,中,权益感知|社群反馈,报名成功后通知太晚，差点错过集合时间。主要集中在权益感知、社群反馈。这次我在沈阳沈阳铁西服务中心，时间是午休时段，希望后续有人回访。我主要关注预约变更提醒。样本号 MOCK-0466。,拒绝联系,否,false,wecom_user_0466,188****0466,辽A-MK466,LFAKE000000000466,62,PC,true,mock-after-sales-v1,2026-06-09,baseline_passed_pending_presidio
fb_mock_000467,wecom_ans_000467,2026-05-07T18:11:00+08:00,问卷星,活动用户运营与口碑风险问卷,短信链接,活动/用户运营与口碑风险型,21,端午车主活动反馈,用户运营活动,华东,江苏,南京,南京建邺服务中心,活动/社群,用户运营,1,3,负向,高,社群反馈|活动体验,社群回复慢，活动变更没有提前通知，容易产生误解。主要集中在社群反馈、活动体验。这次我在南京南京建邺服务中心，时间是活动结束后，希望解释更直接。我主要关注费用和权益解释。样本号 MOCK-0467。,拒绝联系,否,false,wecom_user_0467,177****0467,苏A-MK467,LFAKE000000000467,79,iOS,true,mock-after-sales-v1,2026-06-09,baseline_passed_pending_presidio
fb_mock_000468,wecom_ans_000468,2026-05-10T15:24:00+08:00,问卷星,活动用户运营与口碑风险问卷,企微,活动/用户运营与口碑风险型,21,车主社群权益回访,用户运营活动,西南,重庆,重庆,重庆南岸服务中心,活动/社群,用户运营,1,4,负向,高,活动体验|权益感知,活动权益说明不清楚，到现场才知道有限制条件。主要集中在活动体验、权益感知。这次我在重庆重庆南岸服务中心，时间是工作日上午，希望线上状态更准确。我主要关注问题复核安排。样本号 MOCK-0468。,已授权联系,是,false,wecom_user_0468,138****0468,渝A-DM0468,LFAKE000000000468,96,PC,true,mock-after-sales-v1,2026-06-09,baseline_passed_pending_presidio
fb_mock_000469,wecom_ans_000469,2026-05-13T12:37:00+08:00,问卷星,活动用户运营与口碑风险问卷,小程序,活动/用户运营与口碑风险型,21,用户运营口碑素材复盘,用户运营活动,东北,辽宁,沈阳,沈阳铁西服务中心,活动/社群,用户运营,1,3,负向,高,权益感知|社群反馈,报名成功后通知太晚，差点错过集合时间。主要集中在权益感知、社群反馈。这次我在沈阳沈阳铁西服务中心，时间是工作日下午，希望提前同步进度。我主要关注跨渠道信息一致性。样本号 MOCK-0469。,拒绝联系,否,false,wecom_user_0469,139****0469,辽A-MK469,LFAKE000000000469,113,iOS,true,mock-after-sales-v1,2026-06-09,baseline_passed_pending_presidio
fb_mock_000470,wecom_ans_000470,2026-05-16T09:50:00+08:00,腾讯问卷,活动用户运营与口碑风险问卷,服务顾问代录,活动/用户运营与口碑风险型,21,端午车主活动反馈,用户运营活动,华东,江苏,南京,南京建邺服务中心,活动/社群,用户运营,4,8,正向,高,社群反馈|活动体验,礼品和权益兑现符合预期，现场体验比预想更好。值得复用的点是社群反馈。这次我在南京南京建邺服务中心，时间是周末上午，希望结果更可追溯。我主要关注首次响应。样本号 MOCK-0470。,未询问,是,true,wecom_user_0470,136****0470,苏A-MK470,LFAKE000000000470,130,PC,true,mock-after-sales-v1,2026-06-09,baseline_passed_pending_presidio
fb_mock_000471,wecom_ans_000471,2026-05-19T16:03:00+08:00,腾讯问卷,活动用户运营与口碑风险问卷,App,活动/用户运营与口碑风险型,21,车主社群权益回访,用户运营活动,西南,重庆,重庆,重庆南岸服务中心,活动/社群,用户运营,5,9,正向,低,活动体验|权益感知,活动组织有序，权益说明清楚，工作人员能主动解答问题。值得复用的点是活动体验。这次我在重庆重庆南岸服务中心，时间是周末傍晚，希望服务口径一致。我主要关注交付前说明。样本号 MOCK-0471。,拒绝联系,是,false,wecom_user_0471,135****0471,渝A-MK471,LFAKE000000000471,147,iOS,true,mock-after-sales-v1,2026-06-09,baseline_passed_pending_presidio
fb_mock_000472,wecom_ans_000472,2026-05-22T13:16:00+08:00,腾讯问卷,活动用户运营与口碑风险问卷,短信链接,活动/用户运营与口碑风险型,21,用户运营口碑素材复盘,用户运营活动,东北,辽宁,沈阳,沈阳铁西服务中心,活动/社群,用户运营,4,8,正向,低,权益感知|社群反馈,社群提醒及时，车主课堂内容有价值，愿意继续参加。值得复用的点是权益感知。这次我在沈阳沈阳铁西服务中心，时间是节前高峰，希望减少等待。我主要关注线上状态同步。样本号 MOCK-0472。,拒绝联系,是,false,wecom_user_0472,188****0472,辽A-DM0472,LFAKE000000000472,164,PC,true,mock-after-sales-v1,2026-06-09,baseline_passed_pending_presidio
fb_mock_000473,wecom_ans_000473,2026-05-25T10:29:00+08:00,腾讯问卷,活动用户运营与口碑风险问卷,企微,活动/用户运营与口碑风险型,21,端午车主活动反馈,用户运营活动,华东,江苏,南京,南京建邺服务中心,活动/社群,用户运营,4,8,正向,低,社群反馈|活动体验,礼品和权益兑现符合预期，现场体验比预想更好。值得复用的点是社群反馈。这次我在南京南京建邺服务中心，时间是雨天到店，希望后续有人回访。我主要关注现场等待安排。样本号 MOCK-0473。,拒绝联系,是,false,wecom_user_0473,177****0473,苏A-MK473,LFAKE000000000473,181,iOS,true,mock-after-sales-v1,2026-06-09,baseline_passed_pending_presidio
fb_mock_000474,wecom_ans_000474,2026-05-28T17:42:00+08:00,腾讯问卷,活动用户运营与口碑风险问卷,小程序,活动/用户运营与口碑风险型,21,车主社群权益回访,用户运营活动,西南,重庆,重庆,重庆南岸服务中心,活动/社群,用户运营,5,10,正向,低,活动体验|权益感知,活动组织有序，权益说明清楚，工作人员能主动解答问题。值得复用的点是活动体验。这次我在重庆重庆南岸服务中心，时间是下班后，希望解释更直接。我主要关注后续闭环动作。样本号 MOCK-0474。,拒绝联系,是,false,wecom_user_0474,138****0474,渝A-MK474,LFAKE000000000474,198,PC,true,mock-after-sales-v1,2026-06-09,baseline_passed_pending_presidio
fb_mock_000475,wecom_ans_000475,2026-05-31T14:55:00+08:00,腾讯问卷,活动用户运营与口碑风险问卷,服务顾问代录,活动/用户运营与口碑风险型,21,用户运营口碑素材复盘,用户运营活动,东北,辽宁,沈阳,沈阳铁西服务中心,活动/社群,用户运营,4,8,正向,低,权益感知|社群反馈,社群提醒及时，车主课堂内容有价值，愿意继续参加。值得复用的点是权益感知。这次我在沈阳沈阳铁西服务中心，时间是午休时段，希望线上状态更准确。我主要关注服务顾问口径。样本号 MOCK-0475。,未询问,是,false,wecom_user_0475,139****0475,辽A-MK475,LFAKE000000000475,215,iOS,true,mock-after-sales-v1,2026-06-09,baseline_passed_pending_presidio
fb_mock_000476,wecom_ans_000476,2026-06-03T11:08:00+08:00,腾讯问卷,活动用户运营与口碑风险问卷,App,活动/用户运营与口碑风险型,21,端午车主活动反馈,用户运营活动,华东,江苏,南京,南京建邺服务中心,活动/社群,用户运营,3,8,中性,低,社群反馈|活动体验,权益兑现没有问题，但现场动线可以更清楚。后续可继续观察社群反馈。这次我在南京南京建邺服务中心，时间是活动结束后，希望提前同步进度。我主要关注预约变更提醒。样本号 MOCK-0476。,拒绝联系,是,false,wecom_user_0476,136****0476,苏A-DM0476,LFAKE000000000476,232,PC,true,mock-after-sales-v1,2026-06-09,baseline_passed_pending_presidio
fb_mock_000477,wecom_ans_000477,2026-06-06T18:21:00+08:00,App内问卷,活动用户运营与口碑风险问卷,短信链接,活动/用户运营与口碑风险型,21,车主社群权益回访,用户运营活动,西南,重庆,重庆,重庆南岸服务中心,活动/社群,用户运营,3,7,中性,低,活动体验|权益感知,活动内容还可以，但规则说明有点复杂，希望下次更简单。后续可继续观察活动体验。这次我在重庆重庆南岸服务中心，时间是工作日上午，希望结果更可追溯。我主要关注费用和权益解释。样本号 MOCK-0477。,拒绝联系,不确定,false,wecom_user_0477,135****0477,渝A-MK477,LFAKE000000000477,249,iOS,true,mock-after-sales-v1,2026-06-09,baseline_passed_pending_presidio
fb_mock_000478,wecom_ans_000478,2026-06-09T15:34:00+08:00,App内问卷,活动用户运营与口碑风险问卷,企微,活动/用户运营与口碑风险型,21,用户运营口碑素材复盘,用户运营活动,东北,辽宁,沈阳,沈阳铁西服务中心,活动/社群,用户运营,3,8,中性,低,权益感知|社群反馈,社群通知及时，报名确认稍慢，整体体验一般。后续可继续观察权益感知。这次我在沈阳沈阳铁西服务中心，时间是工作日下午，希望服务口径一致。我主要关注问题复核安排。样本号 MOCK-0478。,拒绝联系,是,false,wecom_user_0478,188****0478,辽A-MK478,LFAKE000000000478,266,PC,true,mock-after-sales-v1,2026-06-09,baseline_passed_pending_presidio
fb_mock_000479,wecom_ans_000479,2026-06-12T12:47:00+08:00,短信链接,活动用户运营与口碑风险问卷,小程序,活动/用户运营与口碑风险型,21,端午车主活动反馈,用户运营活动,华东,江苏,南京,南京建邺服务中心,活动/社群,用户运营,3,7,中性,低,社群反馈|活动体验,权益兑现没有问题，但现场动线可以更清楚。后续可继续观察社群反馈。这次我在南京南京建邺服务中心，时间是周末上午，希望减少等待。我主要关注跨渠道信息一致性。样本号 MOCK-0479。,拒绝联系,是,false,wecom_user_0479,177****0479,苏A-MK479,LFAKE000000000479,283,iOS,true,mock-after-sales-v1,2026-06-09,baseline_passed_pending_presidio
fb_mock_000480,wecom_ans_000480,2026-05-01T09:00:00+08:00,企微链接,活动用户运营与口碑风险问卷,服务顾问代录,活动/用户运营与口碑风险型,21,车主社群权益回访,用户运营活动,西南,重庆,重庆,重庆南岸服务中心,活动/社群,用户运营,3,8,中性,高,活动体验|权益感知,活动内容还可以，但规则说明有点复杂，希望下次更简单。后续可继续观察活动体验。这次我在重庆重庆南岸服务中心，时间是周末傍晚，希望后续有人回访。我主要关注首次响应。样本号 MOCK-0480。,已授权联系,不确定,true,wecom_user_0480,138****0480,渝A-DM0480,LFAKE000000000480,60,PC,true,mock-after-sales-v1,2026-06-09,baseline_passed_pending_presidio
fb_mock_000481,wecom_ans_000481,2026-05-04T16:13:00+08:00,问卷星,活动用户运营与口碑风险问卷,App,活动/用户运营与口碑风险型,21,用户运营口碑素材复盘,用户运营活动,东北,辽宁,沈阳,沈阳铁西服务中心,活动/社群,用户运营,2,5,负向,中,权益感知|社群反馈,报名成功后通知太晚，差点错过集合时间。主要集中在权益感知、社群反馈。这次我在沈阳沈阳铁西服务中心，时间是节前高峰，希望解释更直接。我主要关注交付前说明。样本号 MOCK-0481。,拒绝联系,否,false,wecom_user_0481,139****0481,辽A-MK481,LFAKE000000000481,77,iOS,true,mock-after-sales-v1,2026-06-09,baseline_passed_pending_presidio
fb_mock_000482,wecom_ans_000482,2026-05-07T13:26:00+08:00,问卷星,活动用户运营与口碑风险问卷,短信链接,活动/用户运营与口碑风险型,21,端午车主活动反馈,用户运营活动,华东,江苏,南京,南京建邺服务中心,活动/社群,用户运营,2,6,负向,中,社群反馈|活动体验,社群回复慢，活动变更没有提前通知，容易产生误解。主要集中在社群反馈、活动体验。这次我在南京南京建邺服务中心，时间是雨天到店，希望线上状态更准确。我主要关注线上状态同步。样本号 MOCK-0482。,拒绝联系,否,false,wecom_user_0482,136****0482,苏A-MK482,LFAKE000000000482,94,PC,true,mock-after-sales-v1,2026-06-09,baseline_passed_pending_presidio
fb_mock_000483,wecom_ans_000483,2026-05-10T10:39:00+08:00,问卷星,活动用户运营与口碑风险问卷,企微,活动/用户运营与口碑风险型,21,车主社群权益回访,用户运营活动,西南,重庆,重庆,重庆南岸服务中心,活动/社群,用户运营,2,5,负向,中,活动体验|权益感知,活动权益说明不清楚，到现场才知道有限制条件。主要集中在活动体验、权益感知。这次我在重庆重庆南岸服务中心，时间是下班后，希望提前同步进度。我主要关注现场等待安排。样本号 MOCK-0483。,已授权联系,否,false,wecom_user_0483,135****0483,渝A-MK483,LFAKE000000000483,111,iOS,true,mock-after-sales-v1,2026-06-09,baseline_passed_pending_presidio
fb_mock_000484,wecom_ans_000484,2026-05-13T17:52:00+08:00,问卷星,活动用户运营与口碑风险问卷,小程序,活动/用户运营与口碑风险型,21,用户运营口碑素材复盘,用户运营活动,东北,辽宁,沈阳,沈阳铁西服务中心,活动/社群,用户运营,2,6,负向,中,权益感知|社群反馈,报名成功后通知太晚，差点错过集合时间。主要集中在权益感知、社群反馈。这次我在沈阳沈阳铁西服务中心，时间是午休时段，希望结果更可追溯。我主要关注后续闭环动作。样本号 MOCK-0484。,拒绝联系,是,false,wecom_user_0484,188****0484,辽A-DM0484,LFAKE000000000484,128,PC,true,mock-after-sales-v1,2026-06-09,baseline_passed_pending_presidio
fb_mock_000485,wecom_ans_000485,2026-05-16T14:05:00+08:00,问卷星,活动用户运营与口碑风险问卷,服务顾问代录,活动/用户运营与口碑风险型,21,端午车主活动反馈,用户运营活动,华东,江苏,南京,南京建邺服务中心,活动/社群,用户运营,2,5,负向,中,社群反馈|活动体验,社群回复慢，活动变更没有提前通知，容易产生误解。主要集中在社群反馈、活动体验。这次我在南京南京建邺服务中心，时间是活动结束后，希望服务口径一致。我主要关注服务顾问口径。样本号 MOCK-0485。,未询问,否,false,wecom_user_0485,177****0485,苏A-MK485,LFAKE000000000485,145,iOS,true,mock-after-sales-v1,2026-06-09,baseline_passed_pending_presidio
fb_mock_000486,wecom_ans_000486,2026-05-19T11:18:00+08:00,问卷星,活动用户运营与口碑风险问卷,App,活动/用户运营与口碑风险型,21,车主社群权益回访,用户运营活动,西南,重庆,重庆,重庆南岸服务中心,活动/社群,用户运营,2,6,负向,中,活动体验|权益感知,活动权益说明不清楚，到现场才知道有限制条件。主要集中在活动体验、权益感知。这次我在重庆重庆南岸服务中心，时间是工作日上午，希望减少等待。我主要关注预约变更提醒。样本号 MOCK-0486。,已授权联系,否,false,wecom_user_0486,138****0486,渝A-MK486,LFAKE000000000486,162,PC,true,mock-after-sales-v1,2026-06-09,baseline_passed_pending_presidio
fb_mock_000487,wecom_ans_000487,2026-05-22T18:31:00+08:00,问卷星,活动用户运营与口碑风险问卷,短信链接,活动/用户运营与口碑风险型,21,用户运营口碑素材复盘,用户运营活动,东北,辽宁,沈阳,沈阳铁西服务中心,活动/社群,用户运营,1,3,负向,高,权益感知|社群反馈,报名成功后通知太晚，差点错过集合时间。主要集中在权益感知、社群反馈。这次我在沈阳沈阳铁西服务中心，时间是工作日下午，希望后续有人回访。我主要关注费用和权益解释。样本号 MOCK-0487。,拒绝联系,否,false,wecom_user_0487,139****0487,辽A-MK487,LFAKE000000000487,179,iOS,true,mock-after-sales-v1,2026-06-09,baseline_passed_pending_presidio
fb_mock_000488,wecom_ans_000488,2026-05-25T15:44:00+08:00,问卷星,活动用户运营与口碑风险问卷,企微,活动/用户运营与口碑风险型,21,端午车主活动反馈,用户运营活动,华东,江苏,南京,南京建邺服务中心,活动/社群,用户运营,1,4,负向,高,社群反馈|活动体验,社群回复慢，活动变更没有提前通知，容易产生误解。主要集中在社群反馈、活动体验。这次我在南京南京建邺服务中心，时间是周末上午，希望解释更直接。我主要关注问题复核安排。样本号 MOCK-0488。,拒绝联系,是,false,wecom_user_0488,136****0488,苏A-DM0488,LFAKE000000000488,196,PC,true,mock-after-sales-v1,2026-06-09,baseline_passed_pending_presidio
fb_mock_000489,wecom_ans_000489,2026-05-28T12:57:00+08:00,问卷星,活动用户运营与口碑风险问卷,小程序,活动/用户运营与口碑风险型,21,车主社群权益回访,用户运营活动,西南,重庆,重庆,重庆南岸服务中心,活动/社群,用户运营,1,3,负向,高,活动体验|权益感知,活动权益说明不清楚，到现场才知道有限制条件。主要集中在活动体验、权益感知。这次我在重庆重庆南岸服务中心，时间是周末傍晚，希望线上状态更准确。我主要关注跨渠道信息一致性。样本号 MOCK-0489。,已授权联系,否,false,wecom_user_0489,135****0489,渝A-MK489,LFAKE000000000489,213,iOS,true,mock-after-sales-v1,2026-06-09,baseline_passed_pending_presidio
fb_mock_000490,wecom_ans_000490,2026-05-31T09:10:00+08:00,腾讯问卷,活动用户运营与口碑风险问卷,服务顾问代录,活动/用户运营与口碑风险型,21,用户运营口碑素材复盘,用户运营活动,东北,辽宁,沈阳,沈阳铁西服务中心,活动/社群,用户运营,4,8,正向,高,权益感知|社群反馈,社群提醒及时，车主课堂内容有价值，愿意继续参加。值得复用的点是权益感知。这次我在沈阳沈阳铁西服务中心，时间是节前高峰，希望提前同步进度。我主要关注首次响应。样本号 MOCK-0490。,未询问,是,true,wecom_user_0490,188****0490,辽A-MK490,LFAKE000000000490,230,PC,true,mock-after-sales-v1,2026-06-09,baseline_passed_pending_presidio
fb_mock_000491,wecom_ans_000491,2026-06-03T16:23:00+08:00,腾讯问卷,活动用户运营与口碑风险问卷,App,活动/用户运营与口碑风险型,21,端午车主活动反馈,用户运营活动,华东,江苏,南京,南京建邺服务中心,活动/社群,用户运营,4,8,正向,低,社群反馈|活动体验,礼品和权益兑现符合预期，现场体验比预想更好。值得复用的点是社群反馈。这次我在南京南京建邺服务中心，时间是雨天到店，希望结果更可追溯。我主要关注交付前说明。样本号 MOCK-0491。,拒绝联系,是,false,wecom_user_0491,177****0491,苏A-MK491,LFAKE000000000491,247,iOS,true,mock-after-sales-v1,2026-06-09,baseline_passed_pending_presidio
fb_mock_000492,wecom_ans_000492,2026-06-06T13:36:00+08:00,腾讯问卷,活动用户运营与口碑风险问卷,短信链接,活动/用户运营与口碑风险型,21,车主社群权益回访,用户运营活动,西南,重庆,重庆,重庆南岸服务中心,活动/社群,用户运营,5,10,正向,低,活动体验|权益感知,活动组织有序，权益说明清楚，工作人员能主动解答问题。值得复用的点是活动体验。这次我在重庆重庆南岸服务中心，时间是下班后，希望服务口径一致。我主要关注线上状态同步。样本号 MOCK-0492。,拒绝联系,是,false,wecom_user_0492,138****0492,渝A-DM0492,LFAKE000000000492,264,PC,true,mock-after-sales-v1,2026-06-09,baseline_passed_pending_presidio
fb_mock_000493,wecom_ans_000493,2026-06-09T10:49:00+08:00,腾讯问卷,活动用户运营与口碑风险问卷,企微,活动/用户运营与口碑风险型,21,用户运营口碑素材复盘,用户运营活动,东北,辽宁,沈阳,沈阳铁西服务中心,活动/社群,用户运营,4,8,正向,低,权益感知|社群反馈,社群提醒及时，车主课堂内容有价值，愿意继续参加。值得复用的点是权益感知。这次我在沈阳沈阳铁西服务中心，时间是午休时段，希望减少等待。我主要关注现场等待安排。样本号 MOCK-0493。,拒绝联系,是,false,wecom_user_0493,139****0493,辽A-MK493,LFAKE000000000493,281,iOS,true,mock-after-sales-v1,2026-06-09,baseline_passed_pending_presidio
fb_mock_000494,wecom_ans_000494,2026-06-12T17:02:00+08:00,腾讯问卷,活动用户运营与口碑风险问卷,小程序,活动/用户运营与口碑风险型,21,端午车主活动反馈,用户运营活动,华东,江苏,南京,南京建邺服务中心,活动/社群,用户运营,4,8,正向,低,社群反馈|活动体验,礼品和权益兑现符合预期，现场体验比预想更好。值得复用的点是社群反馈。这次我在南京南京建邺服务中心，时间是活动结束后，希望后续有人回访。我主要关注后续闭环动作。样本号 MOCK-0494。,拒绝联系,是,false,wecom_user_0494,136****0494,苏A-MK494,LFAKE000000000494,298,PC,true,mock-after-sales-v1,2026-06-09,baseline_passed_pending_presidio
fb_mock_000495,wecom_ans_000495,2026-05-01T14:15:00+08:00,腾讯问卷,活动用户运营与口碑风险问卷,服务顾问代录,活动/用户运营与口碑风险型,21,车主社群权益回访,用户运营活动,西南,重庆,重庆,重庆南岸服务中心,活动/社群,用户运营,5,9,正向,低,活动体验|权益感知,活动组织有序，权益说明清楚，工作人员能主动解答问题。值得复用的点是活动体验。这次我在重庆重庆南岸服务中心，时间是工作日上午，希望解释更直接。我主要关注服务顾问口径。样本号 MOCK-0495。,已授权联系,是,false,wecom_user_0495,135****0495,渝A-MK495,LFAKE000000000495,75,iOS,true,mock-after-sales-v1,2026-06-09,baseline_passed_pending_presidio
fb_mock_000496,wecom_ans_000496,2026-05-04T11:28:00+08:00,腾讯问卷,活动用户运营与口碑风险问卷,App,活动/用户运营与口碑风险型,21,用户运营口碑素材复盘,用户运营活动,东北,辽宁,沈阳,沈阳铁西服务中心,活动/社群,用户运营,3,8,中性,低,权益感知|社群反馈,社群通知及时，报名确认稍慢，整体体验一般。后续可继续观察权益感知。这次我在沈阳沈阳铁西服务中心，时间是工作日下午，希望线上状态更准确。我主要关注预约变更提醒。样本号 MOCK-0496。,已授权联系,是,false,wecom_user_0496,188****0496,辽A-DM0496,LFAKE000000000496,92,PC,true,mock-after-sales-v1,2026-06-09,baseline_passed_pending_presidio
fb_mock_000497,wecom_ans_000497,2026-05-07T18:41:00+08:00,App内问卷,活动用户运营与口碑风险问卷,短信链接,活动/用户运营与口碑风险型,21,端午车主活动反馈,用户运营活动,华东,江苏,南京,南京建邺服务中心,活动/社群,用户运营,3,7,中性,低,社群反馈|活动体验,权益兑现没有问题，但现场动线可以更清楚。后续可继续观察社群反馈。这次我在南京南京建邺服务中心，时间是周末上午，希望提前同步进度。我主要关注费用和权益解释。样本号 MOCK-0497。,拒绝联系,是,false,wecom_user_0497,177****0497,苏A-MK497,LFAKE000000000497,109,iOS,true,mock-after-sales-v1,2026-06-09,baseline_passed_pending_presidio
fb_mock_000498,wecom_ans_000498,2026-05-10T15:54:00+08:00,App内问卷,活动用户运营与口碑风险问卷,企微,活动/用户运营与口碑风险型,21,车主社群权益回访,用户运营活动,西南,重庆,重庆,重庆南岸服务中心,活动/社群,用户运营,3,8,中性,低,活动体验|权益感知,活动内容还可以，但规则说明有点复杂，希望下次更简单。后续可继续观察活动体验。这次我在重庆重庆南岸服务中心，时间是周末傍晚，希望结果更可追溯。我主要关注问题复核安排。样本号 MOCK-0498。,拒绝联系,不确定,false,wecom_user_0498,138****0498,渝A-MK498,LFAKE000000000498,126,PC,true,mock-after-sales-v1,2026-06-09,baseline_passed_pending_presidio
fb_mock_000499,wecom_ans_000499,2026-05-13T12:07:00+08:00,短信链接,活动用户运营与口碑风险问卷,小程序,活动/用户运营与口碑风险型,21,用户运营口碑素材复盘,用户运营活动,东北,辽宁,沈阳,沈阳铁西服务中心,活动/社群,用户运营,3,7,中性,低,权益感知|社群反馈,社群通知及时，报名确认稍慢，整体体验一般。后续可继续观察权益感知。这次我在沈阳沈阳铁西服务中心，时间是节前高峰，希望服务口径一致。我主要关注跨渠道信息一致性。样本号 MOCK-0499。,拒绝联系,是,false,wecom_user_0499,139****0499,辽A-MK499,LFAKE000000000499,143,iOS,true,mock-after-sales-v1,2026-06-09,baseline_passed_pending_presidio
fb_mock_000500,wecom_ans_000500,2026-05-16T09:20:00+08:00,企微链接,活动用户运营与口碑风险问卷,服务顾问代录,活动/用户运营与口碑风险型,21,端午车主活动反馈,用户运营活动,华东,江苏,南京,南京建邺服务中心,活动/社群,用户运营,3,8,中性,高,社群反馈|活动体验,权益兑现没有问题，但现场动线可以更清楚。后续可继续观察社群反馈。这次我在南京南京建邺服务中心，时间是雨天到店，希望减少等待。我主要关注首次响应。样本号 MOCK-0500。,未询问,是,true,wecom_user_0500,136****0500,苏A-DM0500,LFAKE000000000500,160,PC,true,mock-after-sales-v1,2026-06-09,baseline_passed_pending_presidio
